numero_commande,date_commande,client,sku_produit,produit_designation,quantite,prix_unitaire_cad
CMD-000001,2025-10-02,Garage Tremblay,FUS-037574,Boîte fusibles relais,8,22.82
CMD-000002,2025-11-02,Garage Royal,FUS-037574,Boîte fusibles relais,8,22.82
CMD-000002,2025-11-02,Garage Royal,FLT-028324,Filtre à air moteur,6,18.75
CMD-000003,2026-08-28,Atelier Mécanique 360,ROT-015403,Disque de frein ventilé,1,107.88
CMD-000003,2026-08-28,Pneus & Mécanique Pro,BRK-043609,Jeu plaquettes AV,3,47.15
CMD-000004,2026-01-28,Auto Clinic,ROT-015403,Disque de frein ventilé,4,107.88
CMD-000004,2026-01-28,Auto-Réparation ABC,EXH-007271,Silencieux échappement,1,390.56
CMD-000004,2026-01-28,Carrosserie Moderne,ROT-007220,Disque de frein ventilé,1,116.26
CMD-000005,2026-02-22,Garage du Centre,FUS-028100,Boîte fusibles relais,6,17.6
CMD-000005,2026-02-22,Auto-Réparation ABC,FLT-009287,Filtre à air moteur,7,36.05
CMD-000006,2025-10-25,Atelier Mécanique 360,BLB-020402,Ampoule LED H7,2,19.04
CMD-000006,2025-10-25,Garage du Centre,BLB-048086,Ampoule LED H7,7,40.86
CMD-000006,2025-10-25,Garage Tremblay,ALT-001778,Alternateur 12V 140A,5,242.99
CMD-000007,2026-05-31,Garage du Centre,BRK-017720,Jeu plaquettes AV,1,85.77
CMD-000007,2026-05-31,Carrosserie Moderne,ROT-006864,Disque de frein ventilé,3,105.15
CMD-000007,2026-05-31,Garage Tremblay,SPK-043767,Bougie allumage iridium,2,15.6
CMD-000007,2026-05-31,Carrosserie Moderne,SPK-032001,Bougie allumage iridium,4,18.07
CMD-000007,2026-05-31,Pneus & Mécanique Pro,BRK-006205,Jeu plaquettes AV,6,53.37
CMD-000008,2026-02-13,Garage Tremblay,BLB-020402,Ampoule LED H7,6,19.04
CMD-000008,2026-02-13,Garage Royal,FUS-004135,Boîte fusibles relais,5,14.53
CMD-000008,2026-02-13,Garage Royal,BRK-044618,Jeu plaquettes AV,8,48.42
CMD-000008,2026-02-13,Atelier Mécanique 360,SEN-020721,Capteur ABS,3,59.04
CMD-000009,2026-02-24,Carrosserie Moderne,BRK-006205,Jeu plaquettes AV,3,53.37
CMD-000009,2026-02-24,Centre Auto Plus,ALT-037590,Alternateur 12V 140A,6,461.54
CMD-000009,2026-02-24,Garage Royal,ROT-031547,Disque de frein ventilé,8,189.51
CMD-000010,2026-03-19,Garage Royal,SPK-025943,Bougie allumage iridium,1,22.81
CMD-000011,2025-10-25,Centre Auto Plus,ROT-015403,Disque de frein ventilé,8,107.88
CMD-000011,2025-10-25,Auto-Réparation ABC,BRK-006205,Jeu plaquettes AV,6,53.37
CMD-000012,2026-06-11,Pneus & Mécanique Pro,STR-026554,Jambe de force suspension,3,124.06
CMD-000012,2026-06-11,Garage Royal,ALT-007996,Alternateur 12V 140A,8,220.97
CMD-000012,2026-06-11,Auto-Réparation ABC,ALT-001078,Alternateur 12V 140A,5,235.28
CMD-000013,2025-09-23,Centre Auto Plus,FUS-025154,Boîte fusibles relais,3,23.1
CMD-000013,2025-09-23,Centre Auto Plus,SEN-006021,Capteur ABS,1,31.48
CMD-000013,2025-09-23,Auto Clinic,FUS-005948,Boîte fusibles relais,4,21.5
CMD-000014,2026-01-24,Carrosserie Moderne,ROT-015403,Disque de frein ventilé,7,107.88
CMD-000015,2026-03-15,Garage du Centre,ALT-001778,Alternateur 12V 140A,7,242.99
CMD-000016,2025-09-26,Auto-Réparation ABC,BRK-020584,Jeu plaquettes AV,6,57.06
CMD-000016,2025-09-26,Auto-Réparation ABC,EXH-049698,Silencieux échappement,8,345.09
CMD-000016,2025-09-26,Pneus & Mécanique Pro,RAD-035768,Radiateur refroidissement,3,177.87
CMD-000016,2025-09-26,Mécanique Rapide Inc.,RAD-011217,Radiateur refroidissement,1,217.88
CMD-000017,2026-06-12,Carrosserie Moderne,FUS-028100,Boîte fusibles relais,3,17.6
CMD-000017,2026-06-12,Garage Royal,ALT-008600,Alternateur 12V 140A,1,411.15
CMD-000017,2026-06-12,Garage du Centre,FLT-031402,Filtre à air moteur,2,26.67
CMD-000017,2026-06-12,Garage Tremblay,FLT-009287,Filtre à air moteur,1,36.05
CMD-000018,2026-08-10,Auto-Réparation ABC,ROT-015403,Disque de frein ventilé,3,107.88
CMD-000018,2026-08-10,Pneus & Mécanique Pro,FLT-026010,Filtre à air moteur,4,32.68
CMD-000019,2026-04-29,Carrosserie Moderne,EXH-034377,Silencieux échappement,6,268.92
CMD-000019,2026-04-29,Mécanique Rapide Inc.,BRK-009718,Jeu plaquettes AV,7,49.14
CMD-000019,2026-04-29,Atelier Mécanique 360,ALT-043817,Alternateur 12V 140A,8,318.1
CMD-000019,2026-04-29,Garage Tremblay,FLT-019590,Filtre à air moteur,7,19.27
CMD-000020,2026-06-27,Pneus & Mécanique Pro,ALT-033658,Alternateur 12V 140A,1,254.43
CMD-000020,2026-06-27,Auto-Réparation ABC,EXH-006384,Silencieux échappement,7,357.03
CMD-000020,2026-06-27,Mécanique Rapide Inc.,ROT-039102,Disque de frein ventilé,8,83.39
CMD-000020,2026-06-27,Garage Royal,EXH-047688,Silencieux échappement,4,255.52
CMD-000021,2026-03-11,Atelier Mécanique 360,ROT-015403,Disque de frein ventilé,1,107.88
CMD-000021,2026-03-11,Garage du Centre,SPK-031992,Bougie allumage iridium,3,20.18
CMD-000021,2026-03-11,Atelier Mécanique 360,FLT-026010,Filtre à air moteur,6,32.68
CMD-000022,2025-11-21,Carrosserie Moderne,SPK-003219,Bougie allumage iridium,7,16.07
CMD-000022,2025-11-21,Carrosserie Moderne,ALT-025474,Alternateur 12V 140A,4,369.75
CMD-000023,2026-02-18,Atelier Mécanique 360,FUS-025154,Boîte fusibles relais,7,23.1
CMD-000023,2026-02-18,Carrosserie Moderne,BRK-020584,Jeu plaquettes AV,2,57.06
CMD-000023,2026-02-18,Mécanique Rapide Inc.,EXH-049698,Silencieux échappement,2,345.09
CMD-000024,2026-06-24,Carrosserie Moderne,FLT-040963,Filtre à air moteur,6,23.2
CMD-000024,2026-06-24,Garage Royal,BMP-006087,Pare-chocs AV primaire,2,519.77
CMD-000025,2026-01-08,Atelier Mécanique 360,ROT-015403,Disque de frein ventilé,5,107.88
CMD-000025,2026-01-08,Carrosserie Moderne,FLT-026010,Filtre à air moteur,7,32.68
CMD-000026,2026-06-14,Mécanique Rapide Inc.,BLB-037992,Ampoule LED H7,6,27.13
CMD-000027,2026-07-14,Auto-Réparation ABC,ROT-015403,Disque de frein ventilé,3,107.88
CMD-000027,2026-07-14,Garage Tremblay,FLT-026010,Filtre à air moteur,3,32.68
CMD-000027,2026-07-14,Garage Tremblay,EXH-007271,Silencieux échappement,7,390.56
CMD-000027,2026-07-14,Pneus & Mécanique Pro,ROT-007220,Disque de frein ventilé,7,116.26
CMD-000027,2026-07-14,Pneus & Mécanique Pro,SPK-031992,Bougie allumage iridium,4,20.18
CMD-000028,2026-06-01,Garage Royal,ROT-015403,Disque de frein ventilé,7,107.88
CMD-000028,2026-06-01,Auto-Réparation ABC,ALT-007061,Alternateur 12V 140A,4,289.42
CMD-000029,2025-12-10,Atelier Mécanique 360,SEN-038683,Capteur ABS,4,70.76
CMD-000029,2025-12-10,Garage du Centre,FUS-026474,Boîte fusibles relais,8,18.89
CMD-000029,2025-12-10,Mécanique Rapide Inc.,FLT-012359,Filtre à air moteur,6,36.15
CMD-000029,2025-12-10,Garage du Centre,ALT-021132,Alternateur 12V 140A,4,376.48
CMD-000030,2026-04-22,Auto-Réparation ABC,BLB-020402,Ampoule LED H7,1,19.04
CMD-000030,2026-04-22,Auto Clinic,SEN-006132,Capteur ABS,8,40.66
CMD-000030,2026-04-22,Garage Royal,ROT-015403,Disque de frein ventilé,4,107.88
CMD-000030,2026-04-22,Garage Tremblay,FUS-028100,Boîte fusibles relais,6,17.6
CMD-000030,2026-04-22,Auto Clinic,BRK-017720,Jeu plaquettes AV,4,85.77
CMD-000031,2026-07-01,Pneus & Mécanique Pro,ROT-015403,Disque de frein ventilé,3,107.88
CMD-000032,2026-07-11,Garage Tremblay,BRK-047004,Jeu plaquettes AV,8,91.9
CMD-000032,2026-07-11,Auto-Réparation ABC,FLT-010048,Filtre à air moteur,5,32.49
CMD-000032,2026-07-11,Auto Clinic,BMP-031963,Pare-chocs AV primaire,3,274.27
CMD-000033,2026-01-05,Pneus & Mécanique Pro,FLT-043239,Filtre à air moteur,1,27.52
CMD-000033,2026-01-05,Auto-Réparation ABC,FUS-005948,Boîte fusibles relais,2,21.5
CMD-000034,2026-02-05,Garage Tremblay,FUS-028100,Boîte fusibles relais,6,17.6
CMD-000035,2026-07-28,Carrosserie Moderne,ROT-015403,Disque de frein ventilé,2,107.88
CMD-000035,2026-07-28,Atelier Mécanique 360,ALT-007061,Alternateur 12V 140A,7,289.42
CMD-000035,2026-07-28,Pneus & Mécanique Pro,SPK-031992,Bougie allumage iridium,7,20.18
CMD-000035,2026-07-28,Pneus & Mécanique Pro,ROT-007220,Disque de frein ventilé,6,116.26
CMD-000035,2026-07-28,Mécanique Rapide Inc.,FLT-026010,Filtre à air moteur,2,32.68
CMD-000036,2026-03-03,Centre Auto Plus,SPK-032001,Bougie allumage iridium,6,18.07
CMD-000036,2026-03-03,Auto-Réparation ABC,ROT-015403,Disque de frein ventilé,1,107.88
CMD-000036,2026-03-03,Garage Tremblay,ROT-007220,Disque de frein ventilé,8,116.26
CMD-000036,2026-03-03,Garage Tremblay,FLT-044878,Filtre à air moteur,4,36.42
CMD-000037,2026-08-30,Auto Clinic,BRK-040876,Jeu plaquettes AV,2,77.0
CMD-000037,2026-08-30,Centre Auto Plus,BRK-048679,Jeu plaquettes AV,6,67.21
CMD-000038,2026-04-10,Carrosserie Moderne,ROT-015403,Disque de frein ventilé,4,107.88
CMD-000038,2026-04-10,Atelier Mécanique 360,FLT-026010,Filtre à air moteur,2,32.68
CMD-000039,2026-08-21,Centre Auto Plus,FLT-011683,Filtre à air moteur,5,37.71
CMD-000039,2026-08-21,Auto-Réparation ABC,BRK-032885,Jeu plaquettes AV,3,54.07
CMD-000039,2026-08-21,Garage Royal,FUS-041719,Boîte fusibles relais,3,14.8
CMD-000039,2026-08-21,Garage Tremblay,ALT-040335,Alternateur 12V 140A,7,368.08
CMD-000039,2026-08-21,Garage du Centre,BRK-042035,Jeu plaquettes AV,2,57.16
CMD-000040,2025-11-04,Pneus & Mécanique Pro,SEN-031098,Capteur ABS,7,67.4
CMD-000041,2025-11-26,Atelier Mécanique 360,ROT-015403,Disque de frein ventilé,1,107.88
CMD-000041,2025-11-26,Auto-Réparation ABC,ROT-007220,Disque de frein ventilé,5,116.26
CMD-000041,2025-11-26,Garage du Centre,ALT-007061,Alternateur 12V 140A,2,289.42
CMD-000041,2025-11-26,Mécanique Rapide Inc.,FLT-026010,Filtre à air moteur,6,32.68
CMD-000042,2026-08-08,Garage Royal,FUS-028100,Boîte fusibles relais,3,17.6
CMD-000042,2026-08-08,Mécanique Rapide Inc.,SEN-004309,Capteur ABS,1,41.19
CMD-000042,2026-08-08,Pneus & Mécanique Pro,FLT-009287,Filtre à air moteur,8,36.05
CMD-000043,2026-05-18,Pneus & Mécanique Pro,ROT-006864,Disque de frein ventilé,1,105.15
CMD-000043,2026-05-18,Auto Clinic,SEN-006586,Capteur ABS,7,39.57
CMD-000043,2026-05-18,Pneus & Mécanique Pro,FUS-028100,Boîte fusibles relais,8,17.6
CMD-000044,2026-04-04,Carrosserie Moderne,BRK-006205,Jeu plaquettes AV,6,53.37
CMD-000044,2026-04-04,Auto-Réparation ABC,ROT-031547,Disque de frein ventilé,4,189.51
CMD-000044,2026-04-04,Garage Tremblay,BRK-037405,Jeu plaquettes AV,3,45.88
CMD-000045,2026-04-18,Garage Royal,ROT-015403,Disque de frein ventilé,6,107.88
CMD-000045,2026-04-18,Garage Royal,FLT-017708,Filtre à air moteur,2,29.61
CMD-000046,2025-10-30,Centre Auto Plus,ALT-001778,Alternateur 12V 140A,2,242.99
CMD-000046,2025-10-30,Atelier Mécanique 360,BLB-019537,Ampoule LED H7,4,18.7
CMD-000046,2025-10-30,Centre Auto Plus,ALT-007996,Alternateur 12V 140A,8,220.97
CMD-000047,2026-04-09,Centre Auto Plus,SEN-006021,Capteur ABS,7,31.48
CMD-000047,2026-04-09,Garage du Centre,FUS-021849,Boîte fusibles relais,7,14.18
CMD-000047,2026-04-09,Carrosserie Moderne,BRK-044381,Jeu plaquettes AV,7,48.66
CMD-000047,2026-04-09,Mécanique Rapide Inc.,FUS-003395,Boîte fusibles relais,5,17.5
CMD-000047,2026-04-09,Garage Tremblay,ALT-011421,Alternateur 12V 140A,5,394.92
CMD-000048,2026-02-15,Garage Tremblay,ROT-044210,Disque de frein ventilé,2,175.19
CMD-000048,2026-02-15,Garage Tremblay,BLB-040946,Ampoule LED H7,8,29.33
CMD-000048,2026-02-15,Auto Clinic,ALT-010069,Alternateur 12V 140A,7,284.46
CMD-000049,2025-11-21,Auto-Réparation ABC,STR-023248,Jambe de force suspension,1,244.06
CMD-000049,2025-11-21,Carrosserie Moderne,ALT-001078,Alternateur 12V 140A,6,235.28
CMD-000049,2025-11-21,Pneus & Mécanique Pro,BMP-019552,Pare-chocs AV primaire,8,368.75
CMD-000049,2025-11-21,Carrosserie Moderne,ALT-007996,Alternateur 12V 140A,4,220.97
CMD-000050,2025-09-08,Atelier Mécanique 360,FUS-028100,Boîte fusibles relais,2,17.6
CMD-000050,2025-09-08,Garage Royal,ROT-015403,Disque de frein ventilé,7,107.88
CMD-000050,2025-09-08,Pneus & Mécanique Pro,FUS-026474,Boîte fusibles relais,7,18.89
CMD-000051,2026-05-20,Atelier Mécanique 360,ROT-015403,Disque de frein ventilé,6,107.88
CMD-000051,2026-05-20,Auto-Réparation ABC,FUS-025154,Boîte fusibles relais,5,23.1
CMD-000052,2026-06-27,Centre Auto Plus,BRK-006205,Jeu plaquettes AV,6,53.37
CMD-000053,2026-03-18,Auto Clinic,ROT-015403,Disque de frein ventilé,8,107.88
CMD-000054,2025-12-30,Garage du Centre,BRK-043609,Jeu plaquettes AV,2,47.15
CMD-000054,2025-12-30,Carrosserie Moderne,FUS-041719,Boîte fusibles relais,5,14.8
CMD-000054,2025-12-30,Mécanique Rapide Inc.,BRK-032885,Jeu plaquettes AV,4,54.07
CMD-000054,2025-12-30,Auto-Réparation ABC,ALT-040335,Alternateur 12V 140A,3,368.08
CMD-000055,2026-06-04,Atelier Mécanique 360,FUS-037574,Boîte fusibles relais,4,22.82
CMD-000055,2026-06-04,Auto Clinic,ROT-044210,Disque de frein ventilé,1,175.19
CMD-000055,2026-06-04,Auto-Réparation ABC,FUS-027893,Boîte fusibles relais,6,20.0
CMD-000056,2025-11-11,Carrosserie Moderne,BLB-028682,Ampoule LED H7,1,36.03
CMD-000056,2025-11-11,Atelier Mécanique 360,ROT-015403,Disque de frein ventilé,7,107.88
CMD-000057,2026-01-09,Mécanique Rapide Inc.,BLB-020402,Ampoule LED H7,6,19.04
CMD-000057,2026-01-09,Mécanique Rapide Inc.,BRK-017720,Jeu plaquettes AV,5,85.77
CMD-000057,2026-01-09,Auto-Réparation ABC,SEN-038683,Capteur ABS,6,70.76
CMD-000057,2026-01-09,Carrosserie Moderne,BRK-002545,Jeu plaquettes AV,1,48.87
CMD-000057,2026-01-09,Mécanique Rapide Inc.,ROT-047623,Disque de frein ventilé,3,191.56
CMD-000058,2026-07-11,Mécanique Rapide Inc.,BRK-047004,Jeu plaquettes AV,1,91.9
CMD-000058,2026-07-11,Garage Tremblay,BMP-031963,Pare-chocs AV primaire,2,274.27
CMD-000058,2026-07-11,Carrosserie Moderne,FLT-010048,Filtre à air moteur,1,32.49
CMD-000058,2026-07-11,Auto-Réparation ABC,BLB-043006,Ampoule LED H7,3,29.61
CMD-000059,2026-04-07,Auto-Réparation ABC,FUS-028100,Boîte fusibles relais,7,17.6
CMD-000059,2026-04-07,Atelier Mécanique 360,FLT-031402,Filtre à air moteur,4,26.67
CMD-000059,2026-04-07,Garage Tremblay,SEN-004309,Capteur ABS,8,41.19
CMD-000060,2026-05-02,Auto Clinic,ROT-015403,Disque de frein ventilé,1,107.88
CMD-000060,2026-05-02,Auto Clinic,ROT-007220,Disque de frein ventilé,5,116.26
CMD-000060,2026-05-02,Centre Auto Plus,SPK-031992,Bougie allumage iridium,7,20.18
CMD-000060,2026-05-02,Garage Royal,EXH-007271,Silencieux échappement,3,390.56
CMD-000061,2026-01-26,Mécanique Rapide Inc.,BLB-037992,Ampoule LED H7,2,27.13
CMD-000061,2026-01-26,Mécanique Rapide Inc.,FLT-044878,Filtre à air moteur,8,36.42
CMD-000061,2026-01-26,Centre Auto Plus,BRK-039296,Jeu plaquettes AV,7,70.01
CMD-000061,2026-01-26,Auto Clinic,RAD-049573,Radiateur refroidissement,6,215.12
CMD-000061,2026-01-26,Garage du Centre,ALT-035681,Alternateur 12V 140A,4,394.53
CMD-000062,2025-10-28,Auto Clinic,ROT-007220,Disque de frein ventilé,6,116.26
CMD-000062,2025-10-28,Pneus & Mécanique Pro,FLT-026010,Filtre à air moteur,4,32.68
CMD-000063,2026-08-16,Atelier Mécanique 360,ROT-015403,Disque de frein ventilé,5,107.88
CMD-000064,2026-02-19,Garage Royal,FLT-034378,Filtre à air moteur,2,20.46
CMD-000064,2026-02-19,Carrosserie Moderne,BRK-048883,Jeu plaquettes AV,3,89.97
CMD-000064,2026-02-19,Garage Tremblay,ROT-043334,Disque de frein ventilé,4,133.36
CMD-000064,2026-02-19,Auto-Réparation ABC,SPK-043767,Bougie allumage iridium,2,15.6
CMD-000065,2026-05-21,Auto Clinic,EXH-033547,Silencieux échappement,5,322.76
CMD-000065,2026-05-21,Atelier Mécanique 360,ROT-015403,Disque de frein ventilé,3,107.88
CMD-000065,2026-05-21,Mécanique Rapide Inc.,FLT-034378,Filtre à air moteur,8,20.46
CMD-000065,2026-05-21,Mécanique Rapide Inc.,FUS-028100,Boîte fusibles relais,6,17.6
CMD-000065,2026-05-21,Garage du Centre,SEN-006021,Capteur ABS,8,31.48
CMD-000066,2026-06-15,Garage Royal,ROT-038207,Disque de frein ventilé,7,92.77
CMD-000066,2026-06-15,Mécanique Rapide Inc.,FLT-026606,Filtre à air moteur,6,14.88
CMD-000066,2026-06-15,Centre Auto Plus,ROT-021710,Disque de frein ventilé,6,128.69
CMD-000067,2026-05-13,Garage Tremblay,FUS-028100,Boîte fusibles relais,6,17.6
CMD-000068,2026-01-28,Garage du Centre,RAD-011217,Radiateur refroidissement,7,217.88
CMD-000068,2026-01-28,Atelier Mécanique 360,RAD-035768,Radiateur refroidissement,7,177.87
CMD-000068,2026-01-28,Atelier Mécanique 360,FUS-025154,Boîte fusibles relais,2,23.1
CMD-000068,2026-01-28,Auto Clinic,EXH-049698,Silencieux échappement,6,345.09
CMD-000068,2026-01-28,Garage Royal,BRK-020584,Jeu plaquettes AV,8,57.06
CMD-000069,2025-12-03,Centre Auto Plus,BLB-037992,Ampoule LED H7,7,27.13
CMD-000070,2026-03-16,Auto-Réparation ABC,FUS-028100,Boîte fusibles relais,3,17.6
CMD-000070,2026-03-16,Pneus & Mécanique Pro,FUS-026474,Boîte fusibles relais,6,18.89
CMD-000070,2026-03-16,Pneus & Mécanique Pro,FUS-025154,Boîte fusibles relais,5,23.1
CMD-000071,2026-02-24,Pneus & Mécanique Pro,FLT-011683,Filtre à air moteur,7,37.71
CMD-000071,2026-02-24,Pneus & Mécanique Pro,ROT-015403,Disque de frein ventilé,8,107.88
CMD-000072,2025-11-05,Garage Tremblay,FUS-028100,Boîte fusibles relais,7,17.6
CMD-000072,2025-11-05,Garage Tremblay,SEN-004309,Capteur ABS,7,41.19
CMD-000073,2025-12-15,Centre Auto Plus,BLB-047201,Ampoule LED H7,8,28.87
CMD-000073,2025-12-15,Centre Auto Plus,ROT-044210,Disque de frein ventilé,5,175.19
CMD-000073,2025-12-15,Carrosserie Moderne,SEN-045054,Capteur ABS,6,56.01
CMD-000073,2025-12-15,Carrosserie Moderne,FUS-027893,Boîte fusibles relais,2,20.0
CMD-000073,2025-12-15,Atelier Mécanique 360,FUS-037574,Boîte fusibles relais,6,22.82
CMD-000074,2025-12-10,Centre Auto Plus,BRK-006205,Jeu plaquettes AV,8,53.37
CMD-000074,2025-12-10,Auto Clinic,BRK-037405,Jeu plaquettes AV,3,45.88
CMD-000074,2025-12-10,Pneus & Mécanique Pro,ROT-031547,Disque de frein ventilé,5,189.51
CMD-000075,2026-03-09,Garage du Centre,FUS-028100,Boîte fusibles relais,8,17.6
CMD-000075,2026-03-09,Auto Clinic,SEN-004309,Capteur ABS,5,41.19
CMD-000075,2026-03-09,Auto-Réparation ABC,FLT-009287,Filtre à air moteur,5,36.05
CMD-000075,2026-03-09,Garage Royal,ROT-018669,Disque de frein ventilé,8,124.93
CMD-000075,2026-03-09,Mécanique Rapide Inc.,ALT-008600,Alternateur 12V 140A,7,411.15
CMD-000076,2026-02-07,Pneus & Mécanique Pro,FUS-028100,Boîte fusibles relais,1,17.6
CMD-000076,2026-02-07,Garage du Centre,FLT-011683,Filtre à air moteur,2,37.71
CMD-000076,2026-02-07,Mécanique Rapide Inc.,ALT-033658,Alternateur 12V 140A,5,254.43
CMD-000076,2026-02-07,Auto-Réparation ABC,ROT-015403,Disque de frein ventilé,6,107.88
CMD-000077,2026-03-21,Auto-Réparation ABC,ROT-015403,Disque de frein ventilé,4,107.88
CMD-000077,2026-03-21,Garage du Centre,FLT-026010,Filtre à air moteur,6,32.68
CMD-000077,2026-03-21,Auto-Réparation ABC,SPK-031992,Bougie allumage iridium,7,20.18
CMD-000077,2026-03-21,Mécanique Rapide Inc.,ALT-007061,Alternateur 12V 140A,4,289.42
CMD-000078,2026-08-30,Mécanique Rapide Inc.,ROT-015403,Disque de frein ventilé,1,107.88
CMD-000078,2026-08-30,Pneus & Mécanique Pro,FLT-026010,Filtre à air moteur,3,32.68
CMD-000079,2026-05-18,Centre Auto Plus,RAD-038113,Radiateur refroidissement,1,210.9
CMD-000079,2026-05-18,Centre Auto Plus,BLB-018376,Ampoule LED H7,5,20.53
CMD-000079,2026-05-18,Mécanique Rapide Inc.,SPK-013663,Bougie allumage iridium,2,30.57
CMD-000080,2026-07-29,Pneus & Mécanique Pro,ROT-006864,Disque de frein ventilé,7,105.15
CMD-000080,2026-07-29,Carrosserie Moderne,BLB-040946,Ampoule LED H7,8,29.33
CMD-000080,2026-07-29,Atelier Mécanique 360,FUS-039684,Boîte fusibles relais,3,14.91
CMD-000080,2026-07-29,Mécanique Rapide Inc.,BRK-003411,Jeu plaquettes AV,4,78.75
CMD-000081,2026-01-03,Carrosserie Moderne,FUS-028100,Boîte fusibles relais,2,17.6
CMD-000081,2026-01-03,Atelier Mécanique 360,SEN-004309,Capteur ABS,8,41.19
CMD-000081,2026-01-03,Centre Auto Plus,FLT-031402,Filtre à air moteur,8,26.67
CMD-000081,2026-01-03,Centre Auto Plus,FLT-009287,Filtre à air moteur,1,36.05
CMD-000082,2025-10-31,Garage du Centre,FUS-028100,Boîte fusibles relais,1,17.6
CMD-000083,2025-11-24,Carrosserie Moderne,FUS-025154,Boîte fusibles relais,8,23.1
CMD-000083,2025-11-24,Pneus & Mécanique Pro,RAD-011217,Radiateur refroidissement,5,217.88
CMD-000084,2025-12-14,Garage Royal,SEN-026048,Capteur ABS,5,61.18
CMD-000084,2025-12-14,Pneus & Mécanique Pro,SEN-003185,Capteur ABS,6,59.42
CMD-000085,2026-05-18,Garage Royal,ALT-015059,Alternateur 12V 140A,3,396.5
CMD-000086,2026-05-31,Centre Auto Plus,RAD-011310,Radiateur refroidissement,6,240.6
CMD-000086,2026-05-31,Auto-Réparation ABC,SPK-034162,Bougie allumage iridium,2,15.54
CMD-000086,2026-05-31,Auto Clinic,ROT-014715,Disque de frein ventilé,5,133.08
CMD-000086,2026-05-31,Garage du Centre,FUS-000867,Boîte fusibles relais,2,12.79
CMD-000087,2025-11-16,Pneus & Mécanique Pro,ALT-001778,Alternateur 12V 140A,4,242.99
CMD-000087,2025-11-16,Atelier Mécanique 360,SEN-002690,Capteur ABS,1,49.02
CMD-000088,2026-04-25,Atelier Mécanique 360,FUS-025154,Boîte fusibles relais,8,23.1
CMD-000088,2026-04-25,Garage Tremblay,RAD-035768,Radiateur refroidissement,6,177.87
CMD-000088,2026-04-25,Pneus & Mécanique Pro,BRK-020584,Jeu plaquettes AV,5,57.06
CMD-000088,2026-04-25,Garage du Centre,ALT-002471,Alternateur 12V 140A,6,269.92
CMD-000088,2026-04-25,Garage Royal,RAD-011217,Radiateur refroidissement,3,217.88
CMD-000089,2026-02-13,Carrosserie Moderne,FUS-028100,Boîte fusibles relais,6,17.6
CMD-000089,2026-02-13,Garage Tremblay,STR-026017,Jambe de force suspension,3,131.28
CMD-000089,2026-02-13,Pneus & Mécanique Pro,ROT-038207,Disque de frein ventilé,4,92.77
CMD-000090,2025-11-02,Auto Clinic,ROT-031547,Disque de frein ventilé,6,189.51
CMD-000090,2025-11-02,Atelier Mécanique 360,ROT-015403,Disque de frein ventilé,8,107.88
CMD-000090,2025-11-02,Auto-Réparation ABC,FUS-028100,Boîte fusibles relais,2,17.6
CMD-000090,2025-11-02,Pneus & Mécanique Pro,FUS-025154,Boîte fusibles relais,8,23.1
CMD-000091,2025-10-31,Mécanique Rapide Inc.,ROT-015403,Disque de frein ventilé,5,107.88
CMD-000091,2025-10-31,Centre Auto Plus,EXH-007271,Silencieux échappement,1,390.56
CMD-000091,2025-10-31,Pneus & Mécanique Pro,ALT-007061,Alternateur 12V 140A,5,289.42
CMD-000092,2026-02-15,Pneus & Mécanique Pro,ROT-015403,Disque de frein ventilé,2,107.88
CMD-000092,2026-02-15,Auto Clinic,FLT-026010,Filtre à air moteur,5,32.68
CMD-000092,2026-02-15,Mécanique Rapide Inc.,ALT-007061,Alternateur 12V 140A,1,289.42
CMD-000092,2026-02-15,Garage du Centre,ROT-007220,Disque de frein ventilé,3,116.26
CMD-000093,2026-08-01,Garage Tremblay,ROT-006864,Disque de frein ventilé,6,105.15
CMD-000093,2026-08-01,Carrosserie Moderne,FUS-039684,Boîte fusibles relais,6,14.91
CMD-000093,2026-08-01,Carrosserie Moderne,BRK-003411,Jeu plaquettes AV,6,78.75
CMD-000093,2026-08-01,Garage Tremblay,BLB-040946,Ampoule LED H7,8,29.33
CMD-000093,2026-08-01,Auto Clinic,SPK-047981,Bougie allumage iridium,6,24.04
CMD-000094,2026-03-09,Auto-Réparation ABC,ROT-034002,Disque de frein ventilé,4,177.99
CMD-000095,2026-07-01,Carrosserie Moderne,BRK-005234,Jeu plaquettes AV,6,96.79
CMD-000095,2026-07-01,Pneus & Mécanique Pro,STR-031193,Jambe de force suspension,3,214.77
CMD-000096,2026-06-10,Garage du Centre,ROT-015403,Disque de frein ventilé,3,107.88
CMD-000097,2026-01-18,Auto Clinic,SEN-043446,Capteur ABS,6,71.18
CMD-000097,2026-01-18,Mécanique Rapide Inc.,EXH-033760,Silencieux échappement,7,201.19
CMD-000097,2026-01-18,Auto-Réparation ABC,ROT-001359,Disque de frein ventilé,1,180.58
CMD-000097,2026-01-18,Auto Clinic,BLB-034578,Ampoule LED H7,4,41.92
CMD-000097,2026-01-18,Auto Clinic,BRK-036956,Jeu plaquettes AV,4,85.25
CMD-000098,2025-12-28,Mécanique Rapide Inc.,ROT-006864,Disque de frein ventilé,4,105.15
CMD-000098,2025-12-28,Mécanique Rapide Inc.,FUS-039684,Boîte fusibles relais,7,14.91
CMD-000099,2026-05-28,Garage du Centre,BLB-007509,Ampoule LED H7,1,34.03
CMD-000099,2026-05-28,Garage Royal,ROT-014289,Disque de frein ventilé,3,122.32
CMD-000099,2026-05-28,Carrosserie Moderne,FUS-009657,Boîte fusibles relais,7,23.65
CMD-000100,2026-03-07,Centre Auto Plus,BRK-048679,Jeu plaquettes AV,6,67.21
CMD-000101,2025-10-15,Atelier Mécanique 360,FUS-025154,Boîte fusibles relais,2,23.1
CMD-000102,2026-03-22,Auto Clinic,FUS-028100,Boîte fusibles relais,3,17.6
CMD-000102,2026-03-22,Auto-Réparation ABC,ROT-018669,Disque de frein ventilé,8,124.93
CMD-000103,2026-04-24,Garage Tremblay,SEN-006132,Capteur ABS,2,40.66
CMD-000103,2026-04-24,Mécanique Rapide Inc.,BRK-035690,Jeu plaquettes AV,1,85.62
CMD-000103,2026-04-24,Centre Auto Plus,BMP-037287,Pare-chocs AV primaire,7,323.55
CMD-000103,2026-04-24,Pneus & Mécanique Pro,ROT-002797,Disque de frein ventilé,6,141.62
CMD-000103,2026-04-24,Centre Auto Plus,ALT-013343,Alternateur 12V 140A,1,241.48
CMD-000104,2025-12-31,Carrosserie Moderne,RAD-011310,Radiateur refroidissement,3,240.6
CMD-000104,2025-12-31,Auto-Réparation ABC,FUS-028100,Boîte fusibles relais,7,17.6
CMD-000104,2025-12-31,Garage Royal,BMP-028097,Pare-chocs AV primaire,4,523.46
CMD-000104,2025-12-31,Atelier Mécanique 360,BRK-005978,Jeu plaquettes AV,1,65.1
CMD-000105,2026-05-09,Carrosserie Moderne,ROT-015403,Disque de frein ventilé,1,107.88
CMD-000105,2026-05-09,Mécanique Rapide Inc.,EXH-007271,Silencieux échappement,7,390.56
CMD-000105,2026-05-09,Auto-Réparation ABC,ROT-007220,Disque de frein ventilé,7,116.26
CMD-000106,2025-09-23,Centre Auto Plus,BLB-020402,Ampoule LED H7,5,19.04
CMD-000106,2025-09-23,Centre Auto Plus,BRK-044618,Jeu plaquettes AV,4,48.42
CMD-000107,2026-06-13,Garage du Centre,FLT-017708,Filtre à air moteur,6,29.61
CMD-000107,2026-06-13,Atelier Mécanique 360,FUS-000867,Boîte fusibles relais,4,12.79
CMD-000108,2026-04-12,Garage Royal,FUS-026474,Boîte fusibles relais,2,18.89
CMD-000109,2025-10-17,Garage du Centre,BRK-044381,Jeu plaquettes AV,7,48.66
CMD-000109,2025-10-17,Carrosserie Moderne,FUS-021849,Boîte fusibles relais,3,14.18
CMD-000110,2026-05-23,Garage Royal,SEN-006021,Capteur ABS,2,31.48
CMD-000110,2026-05-23,Centre Auto Plus,FUS-003395,Boîte fusibles relais,5,17.5
CMD-000110,2026-05-23,Garage du Centre,BRK-044381,Jeu plaquettes AV,5,48.66
CMD-000110,2026-05-23,Auto-Réparation ABC,ALT-011421,Alternateur 12V 140A,2,394.92
CMD-000111,2026-03-14,Pneus & Mécanique Pro,ROT-006864,Disque de frein ventilé,6,105.15
CMD-000111,2026-03-14,Mécanique Rapide Inc.,ALT-043817,Alternateur 12V 140A,6,318.1
CMD-000112,2026-01-24,Auto-Réparation ABC,ROT-002797,Disque de frein ventilé,1,141.62
CMD-000112,2026-01-24,Atelier Mécanique 360,BRK-035690,Jeu plaquettes AV,7,85.62
CMD-000112,2026-01-24,Carrosserie Moderne,SEN-006132,Capteur ABS,3,40.66
CMD-000113,2026-03-28,Auto-Réparation ABC,ALT-041787,Alternateur 12V 140A,1,213.22
CMD-000113,2026-03-28,Centre Auto Plus,SPK-033608,Bougie allumage iridium,3,17.65
CMD-000113,2026-03-28,Pneus & Mécanique Pro,SPK-037015,Bougie allumage iridium,2,18.73
CMD-000113,2026-03-28,Garage Tremblay,SEN-015192,Capteur ABS,6,38.69
CMD-000113,2026-03-28,Garage du Centre,ALT-038546,Alternateur 12V 140A,3,350.51
CMD-000114,2026-07-20,Garage du Centre,FLT-033743,Filtre à air moteur,3,39.16
CMD-000115,2026-07-03,Auto-Réparation ABC,BLB-037992,Ampoule LED H7,2,27.13
CMD-000116,2026-08-15,Auto-Réparation ABC,SPK-032001,Bougie allumage iridium,2,18.07
CMD-000116,2026-08-15,Atelier Mécanique 360,EXH-034377,Silencieux échappement,6,268.92
CMD-000116,2026-08-15,Mécanique Rapide Inc.,FUS-003501,Boîte fusibles relais,3,22.29
CMD-000117,2026-04-16,Auto-Réparation ABC,BLB-007509,Ampoule LED H7,7,34.03
CMD-000117,2026-04-16,Auto-Réparation ABC,FLT-032848,Filtre à air moteur,2,16.69
CMD-000118,2026-01-28,Carrosserie Moderne,FUS-028100,Boîte fusibles relais,7,17.6
CMD-000118,2026-01-28,Garage Tremblay,ROT-018669,Disque de frein ventilé,5,124.93
CMD-000118,2026-01-28,Garage Tremblay,FLT-009287,Filtre à air moteur,7,36.05
CMD-000119,2026-03-31,Auto Clinic,FUS-025154,Boîte fusibles relais,5,23.1
CMD-000119,2026-03-31,Carrosserie Moderne,ALT-002471,Alternateur 12V 140A,3,269.92
CMD-000119,2026-03-31,Garage du Centre,BRK-020584,Jeu plaquettes AV,6,57.06
CMD-000119,2026-03-31,Carrosserie Moderne,RAD-011217,Radiateur refroidissement,2,217.88
CMD-000120,2026-03-03,Atelier Mécanique 360,ROT-015403,Disque de frein ventilé,6,107.88
CMD-000120,2026-03-03,Garage Tremblay,ROT-007220,Disque de frein ventilé,4,116.26
CMD-000120,2026-03-03,Garage du Centre,FLT-026010,Filtre à air moteur,8,32.68
CMD-000121,2026-06-12,Garage du Centre,SPK-032001,Bougie allumage iridium,7,18.07
CMD-000122,2026-06-21,Atelier Mécanique 360,FLT-011683,Filtre à air moteur,7,37.71
CMD-000122,2026-06-21,Mécanique Rapide Inc.,BRK-032885,Jeu plaquettes AV,4,54.07
CMD-000122,2026-06-21,Auto-Réparation ABC,BRK-043609,Jeu plaquettes AV,1,47.15
CMD-000123,2026-04-29,Mécanique Rapide Inc.,SEN-006021,Capteur ABS,1,31.48
CMD-000123,2026-04-29,Garage Tremblay,STR-023248,Jambe de force suspension,7,244.06
CMD-000124,2026-05-26,Auto Clinic,BMP-018500,Pare-chocs AV primaire,7,451.96
CMD-000125,2025-09-23,Atelier Mécanique 360,SEN-049426,Capteur ABS,8,58.54
CMD-000125,2025-09-23,Garage Tremblay,BRK-002545,Jeu plaquettes AV,8,48.87
CMD-000125,2025-09-23,Auto-Réparation ABC,ALT-036410,Alternateur 12V 140A,6,244.03
CMD-000125,2025-09-23,Garage Royal,RAD-042341,Radiateur refroidissement,2,227.46
CMD-000126,2026-03-30,Garage du Centre,FUS-025154,Boîte fusibles relais,4,23.1
CMD-000126,2026-03-30,Mécanique Rapide Inc.,FLT-011683,Filtre à air moteur,2,37.71
CMD-000127,2025-09-10,Garage du Centre,ALT-001778,Alternateur 12V 140A,5,242.99
CMD-000128,2026-07-09,Atelier Mécanique 360,FUS-025154,Boîte fusibles relais,5,23.1
CMD-000128,2026-07-09,Centre Auto Plus,RAD-008323,Radiateur refroidissement,4,225.29
CMD-000128,2026-07-09,Garage Royal,ROT-015403,Disque de frein ventilé,8,107.88
CMD-000128,2026-07-09,Auto-Réparation ABC,ALT-008600,Alternateur 12V 140A,8,411.15
CMD-000128,2026-07-09,Pneus & Mécanique Pro,RAD-006901,Radiateur refroidissement,1,215.86
CMD-000129,2026-05-21,Auto-Réparation ABC,SEN-004309,Capteur ABS,7,41.19
CMD-000129,2026-05-21,Mécanique Rapide Inc.,SEN-013569,Capteur ABS,3,42.76
CMD-000129,2026-05-21,Auto Clinic,BRK-003031,Jeu plaquettes AV,8,102.24
CMD-000129,2026-05-21,Pneus & Mécanique Pro,BRK-017720,Jeu plaquettes AV,6,85.77
CMD-000130,2026-05-25,Garage Royal,BRK-005978,Jeu plaquettes AV,5,65.1
CMD-000130,2026-05-25,Centre Auto Plus,ALT-047362,Alternateur 12V 140A,1,328.64
CMD-000130,2026-05-25,Centre Auto Plus,RAD-013421,Radiateur refroidissement,4,153.6
CMD-000130,2026-05-25,Garage Royal,SEN-034457,Capteur ABS,5,50.82
CMD-000131,2026-03-07,Garage Tremblay,BRK-048883,Jeu plaquettes AV,2,89.97
CMD-000131,2026-03-07,Garage Royal,ROT-015403,Disque de frein ventilé,2,107.88
CMD-000131,2026-03-07,Garage Royal,FUS-025154,Boîte fusibles relais,6,23.1
CMD-000131,2026-03-07,Centre Auto Plus,STR-023248,Jambe de force suspension,8,244.06
CMD-000131,2026-03-07,Auto-Réparation ABC,BRK-047004,Jeu plaquettes AV,3,91.9
CMD-000132,2026-06-04,Auto Clinic,BRK-035690,Jeu plaquettes AV,6,85.62
CMD-000132,2026-06-04,Atelier Mécanique 360,ALT-013343,Alternateur 12V 140A,4,241.48
CMD-000132,2026-06-04,Garage Royal,ROT-002797,Disque de frein ventilé,1,141.62
CMD-000132,2026-06-04,Centre Auto Plus,FLT-028528,Filtre à air moteur,3,38.12
CMD-000133,2026-01-01,Mécanique Rapide Inc.,ROT-015403,Disque de frein ventilé,6,107.88
CMD-000133,2026-01-01,Centre Auto Plus,ALT-007061,Alternateur 12V 140A,8,289.42
CMD-000133,2026-01-01,Pneus & Mécanique Pro,ROT-007220,Disque de frein ventilé,2,116.26
CMD-000134,2025-12-21,Auto Clinic,SPK-003219,Bougie allumage iridium,8,16.07
CMD-000134,2025-12-21,Garage Tremblay,ALT-001778,Alternateur 12V 140A,4,242.99
CMD-000134,2025-12-21,Garage Royal,BRK-040876,Jeu plaquettes AV,2,77.0
CMD-000134,2025-12-21,Carrosserie Moderne,FUS-025154,Boîte fusibles relais,6,23.1
CMD-000134,2025-12-21,Mécanique Rapide Inc.,ROT-015403,Disque de frein ventilé,1,107.88
CMD-000135,2025-10-22,Garage Tremblay,ROT-048335,Disque de frein ventilé,2,168.29
CMD-000136,2026-04-21,Carrosserie Moderne,ROT-015403,Disque de frein ventilé,7,107.88
CMD-000136,2026-04-21,Garage Royal,FUS-025154,Boîte fusibles relais,7,23.1
CMD-000136,2026-04-21,Carrosserie Moderne,ALT-001778,Alternateur 12V 140A,3,242.99
CMD-000137,2026-03-08,Mécanique Rapide Inc.,FLT-011683,Filtre à air moteur,5,37.71
CMD-000138,2026-01-25,Auto-Réparation ABC,BLB-037992,Ampoule LED H7,4,27.13
CMD-000138,2026-01-25,Garage Royal,FLT-044878,Filtre à air moteur,6,36.42
CMD-000139,2025-12-27,Auto-Réparation ABC,FUS-028100,Boîte fusibles relais,4,17.6
CMD-000139,2025-12-27,Garage Tremblay,FLT-009287,Filtre à air moteur,8,36.05
CMD-000140,2026-01-31,Garage Royal,ROT-006864,Disque de frein ventilé,6,105.15
CMD-000140,2026-01-31,Garage du Centre,ALT-002471,Alternateur 12V 140A,7,269.92
CMD-000140,2026-01-31,Atelier Mécanique 360,ROT-015403,Disque de frein ventilé,4,107.88
CMD-000140,2026-01-31,Garage du Centre,BRK-005978,Jeu plaquettes AV,2,65.1
CMD-000141,2026-06-29,Garage Tremblay,SEN-046955,Capteur ABS,1,35.73
CMD-000141,2026-06-29,Centre Auto Plus,ROT-031547,Disque de frein ventilé,6,189.51
CMD-000141,2026-06-29,Atelier Mécanique 360,BRK-037405,Jeu plaquettes AV,2,45.88
CMD-000141,2026-06-29,Centre Auto Plus,ALT-037590,Alternateur 12V 140A,8,461.54
CMD-000141,2026-06-29,Centre Auto Plus,ROT-034002,Disque de frein ventilé,4,177.99
CMD-000142,2026-01-26,Atelier Mécanique 360,BMP-031963,Pare-chocs AV primaire,2,274.27
CMD-000142,2026-01-26,Mécanique Rapide Inc.,SEN-043446,Capteur ABS,8,71.18
CMD-000142,2026-01-26,Centre Auto Plus,BLB-037992,Ampoule LED H7,8,27.13
CMD-000142,2026-01-26,Garage Tremblay,BRK-017720,Jeu plaquettes AV,6,85.77
CMD-000142,2026-01-26,Garage du Centre,FLT-009287,Filtre à air moteur,2,36.05
CMD-000143,2026-02-10,Atelier Mécanique 360,BLB-037992,Ampoule LED H7,6,27.13
CMD-000144,2025-10-12,Pneus & Mécanique Pro,FLT-032536,Filtre à air moteur,7,26.71
CMD-000145,2026-02-20,Auto Clinic,FUS-025154,Boîte fusibles relais,4,23.1
CMD-000145,2026-02-20,Garage Tremblay,SEN-006021,Capteur ABS,8,31.48
CMD-000146,2026-07-31,Carrosserie Moderne,FUS-028100,Boîte fusibles relais,6,17.6
CMD-000146,2026-07-31,Garage du Centre,SEN-004309,Capteur ABS,7,41.19
CMD-000146,2026-07-31,Garage Royal,FLT-009287,Filtre à air moteur,4,36.05
CMD-000146,2026-07-31,Mécanique Rapide Inc.,ALT-008600,Alternateur 12V 140A,2,411.15
CMD-000147,2026-08-29,Pneus & Mécanique Pro,FUS-003501,Boîte fusibles relais,6,22.29
CMD-000147,2026-08-29,Atelier Mécanique 360,FUS-028100,Boîte fusibles relais,4,17.6
CMD-000147,2026-08-29,Garage du Centre,ALT-001778,Alternateur 12V 140A,5,242.99
CMD-000147,2026-08-29,Auto Clinic,ROT-015403,Disque de frein ventilé,8,107.88
CMD-000147,2026-08-29,Garage Royal,BRK-017720,Jeu plaquettes AV,8,85.77
CMD-000148,2026-01-02,Garage Royal,SEN-045054,Capteur ABS,7,56.01
CMD-000148,2026-01-02,Pneus & Mécanique Pro,FLT-028324,Filtre à air moteur,2,18.75
CMD-000148,2026-01-02,Pneus & Mécanique Pro,BLB-047201,Ampoule LED H7,7,28.87
CMD-000148,2026-01-02,Atelier Mécanique 360,FUS-027893,Boîte fusibles relais,2,20.0
CMD-000149,2026-04-30,Atelier Mécanique 360,FUS-028100,Boîte fusibles relais,7,17.6
CMD-000149,2026-04-30,Auto-Réparation ABC,SEN-020721,Capteur ABS,5,59.04
CMD-000150,2026-08-11,Carrosserie Moderne,BRK-047004,Jeu plaquettes AV,2,91.9
CMD-000150,2026-08-11,Mécanique Rapide Inc.,FLT-015733,Filtre à air moteur,7,33.71
CMD-000150,2026-08-11,Atelier Mécanique 360,BMP-031963,Pare-chocs AV primaire,1,274.27
CMD-000151,2026-02-01,Atelier Mécanique 360,FUS-026474,Boîte fusibles relais,3,18.89
CMD-000151,2026-02-01,Garage Royal,BRK-001937,Jeu plaquettes AV,4,88.96
CMD-000151,2026-02-01,Auto Clinic,ALT-021132,Alternateur 12V 140A,2,376.48
CMD-000151,2026-02-01,Mécanique Rapide Inc.,FLT-012359,Filtre à air moteur,8,36.15
CMD-000152,2025-11-23,Auto-Réparation ABC,SPK-032001,Bougie allumage iridium,3,18.07
CMD-000152,2025-11-23,Garage Royal,FUS-003501,Boîte fusibles relais,8,22.29
CMD-000152,2025-11-23,Garage Royal,ROT-036267,Disque de frein ventilé,4,107.69
CMD-000153,2025-09-23,Auto Clinic,FUS-028100,Boîte fusibles relais,4,17.6
CMD-000154,2025-09-16,Garage Tremblay,FUS-009657,Boîte fusibles relais,8,23.65
CMD-000154,2025-09-16,Atelier Mécanique 360,SEN-008012,Capteur ABS,3,33.57
CMD-000154,2025-09-16,Pneus & Mécanique Pro,BLB-007509,Ampoule LED H7,4,34.03
CMD-000154,2025-09-16,Mécanique Rapide Inc.,FLT-032848,Filtre à air moteur,3,16.69
CMD-000154,2025-09-16,Garage Tremblay,ROT-014289,Disque de frein ventilé,1,122.32
CMD-000155,2026-02-17,Garage Royal,FUS-028100,Boîte fusibles relais,5,17.6
CMD-000155,2026-02-17,Auto Clinic,SPK-025943,Bougie allumage iridium,8,22.81
CMD-000155,2026-02-17,Carrosserie Moderne,ROT-015403,Disque de frein ventilé,3,107.88
CMD-000155,2026-02-17,Garage du Centre,FUS-026474,Boîte fusibles relais,2,18.89
CMD-000156,2026-06-26,Mécanique Rapide Inc.,ROT-015403,Disque de frein ventilé,3,107.88
CMD-000156,2026-06-26,Mécanique Rapide Inc.,SPK-031992,Bougie allumage iridium,7,20.18
CMD-000156,2026-06-26,Centre Auto Plus,ALT-007061,Alternateur 12V 140A,5,289.42
CMD-000156,2026-06-26,Auto Clinic,EXH-007271,Silencieux échappement,7,390.56
CMD-000157,2025-11-11,Pneus & Mécanique Pro,SEN-006021,Capteur ABS,1,31.48
CMD-000158,2026-02-11,Atelier Mécanique 360,FUS-028100,Boîte fusibles relais,6,17.6
CMD-000158,2026-02-11,Carrosserie Moderne,ALT-008600,Alternateur 12V 140A,8,411.15
CMD-000158,2026-02-11,Atelier Mécanique 360,FLT-031402,Filtre à air moteur,8,26.67
CMD-000158,2026-02-11,Garage Royal,ROT-018669,Disque de frein ventilé,6,124.93
CMD-000159,2026-07-04,Centre Auto Plus,FUS-025154,Boîte fusibles relais,2,23.1
CMD-000159,2026-07-04,Auto Clinic,ROT-015403,Disque de frein ventilé,2,107.88
CMD-000159,2026-07-04,Pneus & Mécanique Pro,FUS-028100,Boîte fusibles relais,2,17.6
CMD-000159,2026-07-04,Pneus & Mécanique Pro,SEN-014947,Capteur ABS,4,51.13
CMD-000159,2026-07-04,Garage Royal,FLT-011683,Filtre à air moteur,7,37.71
CMD-000160,2026-08-31,Pneus & Mécanique Pro,FUS-025154,Boîte fusibles relais,1,23.1
CMD-000160,2026-08-31,Auto-Réparation ABC,BRK-020584,Jeu plaquettes AV,7,57.06
CMD-000160,2026-08-31,Auto-Réparation ABC,ALT-002471,Alternateur 12V 140A,6,269.92
CMD-000160,2026-08-31,Mécanique Rapide Inc.,RAD-035768,Radiateur refroidissement,4,177.87
CMD-000160,2026-08-31,Centre Auto Plus,RAD-011217,Radiateur refroidissement,6,217.88
CMD-000161,2025-11-01,Atelier Mécanique 360,FUS-028100,Boîte fusibles relais,4,17.6
CMD-000162,2026-08-31,Garage Royal,ROT-015403,Disque de frein ventilé,6,107.88
CMD-000162,2026-08-31,Mécanique Rapide Inc.,BRK-017720,Jeu plaquettes AV,4,85.77
CMD-000162,2026-08-31,Auto Clinic,FUS-028100,Boîte fusibles relais,5,17.6
CMD-000163,2026-02-14,Auto-Réparation ABC,ROT-015403,Disque de frein ventilé,1,107.88
CMD-000163,2026-02-14,Centre Auto Plus,SPK-031992,Bougie allumage iridium,7,20.18
CMD-000164,2026-04-19,Garage du Centre,FUS-005948,Boîte fusibles relais,3,21.5
CMD-000164,2026-04-19,Garage Royal,SPK-044783,Bougie allumage iridium,5,24.23
CMD-000164,2026-04-19,Carrosserie Moderne,FUS-040638,Boîte fusibles relais,5,8.95
CMD-000164,2026-04-19,Auto-Réparation ABC,RAD-025660,Radiateur refroidissement,3,165.29
CMD-000164,2026-04-19,Auto Clinic,SPK-042345,Bougie allumage iridium,6,19.89
CMD-000165,2025-09-16,Centre Auto Plus,BMP-037287,Pare-chocs AV primaire,6,323.55
CMD-000165,2025-09-16,Auto-Réparation ABC,SEN-006132,Capteur ABS,2,40.66
CMD-000165,2025-09-16,Auto Clinic,ROT-002797,Disque de frein ventilé,4,141.62
CMD-000165,2025-09-16,Garage du Centre,FLT-028528,Filtre à air moteur,8,38.12
CMD-000166,2026-01-12,Mécanique Rapide Inc.,FUS-025154,Boîte fusibles relais,1,23.1
CMD-000166,2026-01-12,Garage Royal,BRK-020584,Jeu plaquettes AV,5,57.06
CMD-000166,2026-01-12,Garage Tremblay,RAD-011217,Radiateur refroidissement,8,217.88
CMD-000166,2026-01-12,Atelier Mécanique 360,RAD-035768,Radiateur refroidissement,7,177.87
CMD-000166,2026-01-12,Atelier Mécanique 360,EXH-049698,Silencieux échappement,4,345.09
CMD-000167,2026-02-25,Auto Clinic,FUS-025154,Boîte fusibles relais,6,23.1
CMD-000168,2026-02-01,Pneus & Mécanique Pro,BLB-037992,Ampoule LED H7,3,27.13
CMD-000168,2026-02-01,Garage du Centre,BRK-039296,Jeu plaquettes AV,3,70.01
CMD-000169,2025-12-09,Auto Clinic,ROT-015403,Disque de frein ventilé,2,107.88
CMD-000170,2025-09-18,Auto Clinic,SEN-006021,Capteur ABS,5,31.48
CMD-000170,2025-09-18,Garage Royal,FUS-003395,Boîte fusibles relais,8,17.5
CMD-000170,2025-09-18,Mécanique Rapide Inc.,FUS-021849,Boîte fusibles relais,6,14.18
CMD-000170,2025-09-18,Garage du Centre,BRK-044381,Jeu plaquettes AV,4,48.66
CMD-000170,2025-09-18,Garage Royal,ALT-011421,Alternateur 12V 140A,6,394.92
CMD-000171,2025-10-30,Garage Tremblay,ROT-015403,Disque de frein ventilé,3,107.88
CMD-000171,2025-10-30,Carrosserie Moderne,SPK-031992,Bougie allumage iridium,6,20.18
CMD-000171,2025-10-30,Mécanique Rapide Inc.,EXH-007271,Silencieux échappement,4,390.56
CMD-000171,2025-10-30,Auto-Réparation ABC,ALT-007061,Alternateur 12V 140A,7,289.42
CMD-000172,2026-06-14,Auto Clinic,SEN-006021,Capteur ABS,2,31.48
CMD-000172,2026-06-14,Auto-Réparation ABC,FLT-010535,Filtre à air moteur,3,15.65
CMD-000172,2026-06-14,Garage Royal,FUS-003395,Boîte fusibles relais,8,17.5
CMD-000172,2026-06-14,Auto Clinic,BRK-044381,Jeu plaquettes AV,7,48.66
CMD-000173,2026-05-02,Centre Auto Plus,ROT-015403,Disque de frein ventilé,8,107.88
CMD-000173,2026-05-02,Garage Royal,FUS-040638,Boîte fusibles relais,4,8.95
CMD-000173,2026-05-02,Mécanique Rapide Inc.,ROT-021710,Disque de frein ventilé,2,128.69
CMD-000173,2026-05-02,Garage du Centre,FUS-025154,Boîte fusibles relais,5,23.1
CMD-000174,2026-04-18,Atelier Mécanique 360,BRK-044381,Jeu plaquettes AV,3,48.66
CMD-000175,2026-08-03,Garage Royal,FUS-028100,Boîte fusibles relais,5,17.6
CMD-000175,2026-08-03,Auto Clinic,ROT-018669,Disque de frein ventilé,1,124.93
CMD-000176,2026-01-10,Auto Clinic,ROT-015403,Disque de frein ventilé,1,107.88
CMD-000176,2026-01-10,Atelier Mécanique 360,FLT-026010,Filtre à air moteur,1,32.68
CMD-000177,2026-01-23,Auto Clinic,FUS-025154,Boîte fusibles relais,2,23.1
CMD-000177,2026-01-23,Garage Royal,ROT-044210,Disque de frein ventilé,1,175.19
CMD-000178,2025-09-18,Auto-Réparation ABC,EXH-049698,Silencieux échappement,4,345.09
CMD-000178,2025-09-18,Garage Royal,BRK-006205,Jeu plaquettes AV,6,53.37
CMD-000178,2025-09-18,Carrosserie Moderne,SEN-013569,Capteur ABS,5,42.76
CMD-000178,2025-09-18,Pneus & Mécanique Pro,ROT-015403,Disque de frein ventilé,1,107.88
CMD-000178,2025-09-18,Carrosserie Moderne,BRK-001937,Jeu plaquettes AV,1,88.96
CMD-000179,2026-01-03,Mécanique Rapide Inc.,BMP-037287,Pare-chocs AV primaire,8,323.55
CMD-000179,2026-01-03,Auto-Réparation ABC,SEN-006132,Capteur ABS,3,40.66
CMD-000179,2026-01-03,Garage Royal,FLT-028528,Filtre à air moteur,2,38.12
CMD-000180,2025-11-28,Pneus & Mécanique Pro,BRK-014503,Jeu plaquettes AV,2,88.03
CMD-000180,2025-11-28,Mécanique Rapide Inc.,ROT-015403,Disque de frein ventilé,8,107.88
CMD-000180,2025-11-28,Pneus & Mécanique Pro,FLT-017708,Filtre à air moteur,1,29.61
CMD-000181,2026-05-26,Centre Auto Plus,FLT-011683,Filtre à air moteur,2,37.71
CMD-000181,2026-05-26,Atelier Mécanique 360,ALT-046126,Alternateur 12V 140A,2,421.09
CMD-000181,2026-05-26,Mécanique Rapide Inc.,ROT-025009,Disque de frein ventilé,4,157.96
CMD-000181,2026-05-26,Auto-Réparation ABC,ALT-049278,Alternateur 12V 140A,4,423.05
CMD-000182,2025-11-18,Centre Auto Plus,ROT-015403,Disque de frein ventilé,5,107.88
CMD-000182,2025-11-18,Mécanique Rapide Inc.,EXH-007271,Silencieux échappement,3,390.56
CMD-000182,2025-11-18,Garage du Centre,FLT-026010,Filtre à air moteur,6,32.68
CMD-000182,2025-11-18,Centre Auto Plus,SPK-031992,Bougie allumage iridium,3,20.18
CMD-000182,2025-11-18,Auto Clinic,ROT-007220,Disque de frein ventilé,7,116.26
CMD-000183,2026-08-02,Garage du Centre,ROT-015403,Disque de frein ventilé,5,107.88
CMD-000183,2026-08-02,Auto Clinic,SEN-006021,Capteur ABS,5,31.48
CMD-000184,2025-11-03,Mécanique Rapide Inc.,SPK-025943,Bougie allumage iridium,1,22.81
CMD-000184,2025-11-03,Mécanique Rapide Inc.,FUS-018600,Boîte fusibles relais,3,15.09
CMD-000184,2025-11-03,Pneus & Mécanique Pro,BLB-019537,Ampoule LED H7,4,18.7
CMD-000184,2025-11-03,Auto Clinic,ALT-035530,Alternateur 12V 140A,5,238.74
CMD-000185,2026-09-01,Garage Royal,FLT-017690,Filtre à air moteur,6,23.9
CMD-000186,2026-02-16,Auto-Réparation ABC,ROT-006864,Disque de frein ventilé,3,105.15
CMD-000186,2026-02-16,Pneus & Mécanique Pro,SPK-047981,Bougie allumage iridium,4,24.04
CMD-000187,2026-07-07,Pneus & Mécanique Pro,ALT-023526,Alternateur 12V 140A,7,300.63
CMD-000187,2026-07-07,Pneus & Mécanique Pro,SPK-017734,Bougie allumage iridium,4,20.39
CMD-000188,2026-03-07,Pneus & Mécanique Pro,BRK-017720,Jeu plaquettes AV,3,85.77
CMD-000188,2026-03-07,Auto Clinic,BRK-038699,Jeu plaquettes AV,2,92.39
CMD-000188,2026-03-07,Atelier Mécanique 360,ROT-034722,Disque de frein ventilé,4,168.29
CMD-000188,2026-03-07,Garage du Centre,ALT-015059,Alternateur 12V 140A,3,396.5
CMD-000189,2026-08-06,Mécanique Rapide Inc.,BRK-006205,Jeu plaquettes AV,4,53.37
CMD-000189,2026-08-06,Garage Royal,FUS-028100,Boîte fusibles relais,5,17.6
CMD-000189,2026-08-06,Pneus & Mécanique Pro,SEN-002386,Capteur ABS,8,37.38
CMD-000190,2026-05-21,Auto-Réparation ABC,ALT-047362,Alternateur 12V 140A,5,328.64
CMD-000190,2026-05-21,Atelier Mécanique 360,RAD-013421,Radiateur refroidissement,3,153.6
CMD-000191,2025-11-14,Carrosserie Moderne,ALT-001778,Alternateur 12V 140A,2,242.99
CMD-000191,2025-11-14,Auto-Réparation ABC,ROT-015403,Disque de frein ventilé,4,107.88
CMD-000191,2025-11-14,Atelier Mécanique 360,BRK-017720,Jeu plaquettes AV,6,85.77
CMD-000191,2025-11-14,Carrosserie Moderne,SEN-006021,Capteur ABS,6,31.48
CMD-000191,2025-11-14,Pneus & Mécanique Pro,FUS-028100,Boîte fusibles relais,8,17.6
CMD-000192,2026-06-03,Garage Tremblay,FLT-026629,Filtre à air moteur,7,21.34
CMD-000192,2026-06-03,Garage Royal,ROT-015403,Disque de frein ventilé,2,107.88
CMD-000192,2026-06-03,Carrosserie Moderne,FUS-028100,Boîte fusibles relais,1,17.6
CMD-000192,2026-06-03,Carrosserie Moderne,BRK-005978,Jeu plaquettes AV,4,65.1
CMD-000193,2025-10-21,Centre Auto Plus,BLB-037992,Ampoule LED H7,3,27.13
CMD-000194,2026-04-17,Auto-Réparation ABC,BRK-006205,Jeu plaquettes AV,3,53.37
CMD-000195,2026-03-31,Garage Tremblay,BRK-005978,Jeu plaquettes AV,4,65.1
CMD-000195,2026-03-31,Garage Royal,FUS-025154,Boîte fusibles relais,4,23.1
CMD-000196,2025-10-01,Garage du Centre,SEN-034457,Capteur ABS,5,50.82
CMD-000196,2025-10-01,Garage Royal,FUS-026474,Boîte fusibles relais,8,18.89
CMD-000196,2025-10-01,Auto-Réparation ABC,FUS-025154,Boîte fusibles relais,3,23.1
CMD-000196,2025-10-01,Atelier Mécanique 360,ROT-015403,Disque de frein ventilé,2,107.88
CMD-000196,2025-10-01,Auto Clinic,ROT-001359,Disque de frein ventilé,1,180.58
CMD-000197,2026-06-03,Garage Tremblay,ROT-015403,Disque de frein ventilé,7,107.88
CMD-000197,2026-06-03,Garage du Centre,ALT-007061,Alternateur 12V 140A,4,289.42
CMD-000197,2026-06-03,Auto Clinic,SPK-031992,Bougie allumage iridium,5,20.18
CMD-000197,2026-06-03,Centre Auto Plus,ROT-007220,Disque de frein ventilé,3,116.26
CMD-000197,2026-06-03,Pneus & Mécanique Pro,FLT-026010,Filtre à air moteur,7,32.68
CMD-000198,2026-03-12,Pneus & Mécanique Pro,FUS-026474,Boîte fusibles relais,5,18.89
CMD-000198,2026-03-12,Garage du Centre,BRK-001937,Jeu plaquettes AV,2,88.96
CMD-000198,2026-03-12,Garage Tremblay,FLT-012359,Filtre à air moteur,4,36.15
CMD-000198,2026-03-12,Garage du Centre,SEN-038683,Capteur ABS,8,70.76
CMD-000199,2025-10-22,Garage Tremblay,SPK-032001,Bougie allumage iridium,1,18.07
CMD-000199,2025-10-22,Garage Tremblay,ROT-036267,Disque de frein ventilé,5,107.69
CMD-000199,2025-10-22,Pneus & Mécanique Pro,ALT-013448,Alternateur 12V 140A,1,388.21
CMD-000200,2026-01-24,Garage Royal,ALT-001778,Alternateur 12V 140A,1,242.99
CMD-000200,2026-01-24,Garage Tremblay,BRK-013237,Jeu plaquettes AV,8,53.16
CMD-000200,2026-01-24,Mécanique Rapide Inc.,ALT-007205,Alternateur 12V 140A,8,250.82
CMD-000201,2026-03-06,Garage du Centre,FUS-025154,Boîte fusibles relais,4,23.1
CMD-000201,2026-03-06,Mécanique Rapide Inc.,RAD-035768,Radiateur refroidissement,2,177.87
CMD-000201,2026-03-06,Mécanique Rapide Inc.,BRK-020584,Jeu plaquettes AV,5,57.06
CMD-000201,2026-03-06,Centre Auto Plus,EXH-049698,Silencieux échappement,5,345.09
CMD-000201,2026-03-06,Garage Royal,ALT-002471,Alternateur 12V 140A,6,269.92
CMD-000202,2026-05-10,Garage du Centre,FLT-011683,Filtre à air moteur,7,37.71
CMD-000202,2026-05-10,Garage Royal,ALT-040335,Alternateur 12V 140A,5,368.08
CMD-000202,2026-05-10,Garage Royal,BRK-042035,Jeu plaquettes AV,2,57.16
CMD-000203,2026-02-08,Mécanique Rapide Inc.,BLB-043006,Ampoule LED H7,7,29.61
CMD-000203,2026-02-08,Mécanique Rapide Inc.,BRK-047004,Jeu plaquettes AV,2,91.9
CMD-000203,2026-02-08,Atelier Mécanique 360,FLT-015733,Filtre à air moteur,5,33.71
CMD-000204,2026-05-31,Centre Auto Plus,FUS-026474,Boîte fusibles relais,2,18.89
CMD-000204,2026-05-31,Garage du Centre,BRK-017720,Jeu plaquettes AV,7,85.77
CMD-000204,2026-05-31,Garage du Centre,FUS-028100,Boîte fusibles relais,5,17.6
CMD-000204,2026-05-31,Garage Tremblay,BRK-044381,Jeu plaquettes AV,4,48.66
CMD-000204,2026-05-31,Mécanique Rapide Inc.,FUS-025154,Boîte fusibles relais,7,23.1
CMD-000205,2025-11-01,Garage du Centre,BRK-003411,Jeu plaquettes AV,6,78.75
CMD-000206,2026-03-30,Centre Auto Plus,FLT-040053,Filtre à air moteur,6,17.01
CMD-000206,2026-03-30,Garage Royal,ROT-007220,Disque de frein ventilé,3,116.26
CMD-000206,2026-03-30,Garage Tremblay,BRK-001937,Jeu plaquettes AV,6,88.96
CMD-000207,2026-05-19,Pneus & Mécanique Pro,BRK-005978,Jeu plaquettes AV,1,65.1
CMD-000207,2026-05-19,Garage Tremblay,ROT-015403,Disque de frein ventilé,2,107.88
CMD-000207,2026-05-19,Centre Auto Plus,BRK-017720,Jeu plaquettes AV,4,85.77
CMD-000207,2026-05-19,Carrosserie Moderne,FLT-022405,Filtre à air moteur,5,24.33
CMD-000207,2026-05-19,Mécanique Rapide Inc.,FUS-025154,Boîte fusibles relais,1,23.1
CMD-000208,2026-04-27,Mécanique Rapide Inc.,FUS-037574,Boîte fusibles relais,2,22.82
CMD-000208,2026-04-27,Auto-Réparation ABC,FUS-027893,Boîte fusibles relais,1,20.0
CMD-000208,2026-04-27,Garage du Centre,FLT-028324,Filtre à air moteur,8,18.75
CMD-000208,2026-04-27,Atelier Mécanique 360,SEN-045054,Capteur ABS,2,56.01
CMD-000208,2026-04-27,Auto Clinic,ROT-044210,Disque de frein ventilé,8,175.19
CMD-000209,2025-12-17,Mécanique Rapide Inc.,BRK-005978,Jeu plaquettes AV,7,65.1
CMD-000209,2025-12-17,Atelier Mécanique 360,RAD-006901,Radiateur refroidissement,6,215.86
CMD-000209,2025-12-17,Centre Auto Plus,BMP-037254,Pare-chocs AV primaire,1,283.13
CMD-000209,2025-12-17,Atelier Mécanique 360,RAD-013421,Radiateur refroidissement,5,153.6
CMD-000209,2025-12-17,Auto Clinic,SEN-034457,Capteur ABS,7,50.82
CMD-000210,2026-07-18,Pneus & Mécanique Pro,BRK-048251,Jeu plaquettes AV,4,89.61
CMD-000210,2026-07-18,Pneus & Mécanique Pro,FUS-028100,Boîte fusibles relais,6,17.6
CMD-000210,2026-07-18,Atelier Mécanique 360,STR-023248,Jambe de force suspension,5,244.06
CMD-000211,2026-02-19,Auto-Réparation ABC,BRK-008094,Jeu plaquettes AV,4,95.24
CMD-000211,2026-02-19,Auto Clinic,BRK-017720,Jeu plaquettes AV,1,85.77
CMD-000211,2026-02-19,Garage Royal,ALT-001778,Alternateur 12V 140A,2,242.99
CMD-000211,2026-02-19,Auto-Réparation ABC,ROT-036267,Disque de frein ventilé,5,107.69
CMD-000211,2026-02-19,Garage Royal,ROT-037068,Disque de frein ventilé,4,100.89
CMD-000212,2025-09-28,Mécanique Rapide Inc.,FUS-025154,Boîte fusibles relais,6,23.1
CMD-000213,2026-02-11,Pneus & Mécanique Pro,ROT-015403,Disque de frein ventilé,3,107.88
CMD-000213,2026-02-11,Garage Royal,FLT-026010,Filtre à air moteur,3,32.68
CMD-000213,2026-02-11,Garage Royal,ROT-007220,Disque de frein ventilé,6,116.26
CMD-000213,2026-02-11,Atelier Mécanique 360,EXH-007271,Silencieux échappement,3,390.56
CMD-000214,2026-08-10,Mécanique Rapide Inc.,FUS-004135,Boîte fusibles relais,4,14.53
CMD-000214,2026-08-10,Atelier Mécanique 360,STR-026017,Jambe de force suspension,1,131.28
CMD-000215,2026-08-18,Garage du Centre,FLT-028324,Filtre à air moteur,4,18.75
CMD-000215,2026-08-18,Garage du Centre,FUS-027893,Boîte fusibles relais,8,20.0
CMD-000215,2026-08-18,Garage du Centre,ROT-044210,Disque de frein ventilé,6,175.19
CMD-000215,2026-08-18,Centre Auto Plus,BLB-047201,Ampoule LED H7,7,28.87
CMD-000215,2026-08-18,Garage Tremblay,FUS-037574,Boîte fusibles relais,1,22.82
CMD-000216,2026-01-26,Auto-Réparation ABC,BRK-047004,Jeu plaquettes AV,2,91.9
CMD-000216,2026-01-26,Garage Tremblay,ROT-015403,Disque de frein ventilé,1,107.88
CMD-000216,2026-01-26,Carrosserie Moderne,ALT-001778,Alternateur 12V 140A,6,242.99
CMD-000217,2026-06-05,Carrosserie Moderne,ROT-015403,Disque de frein ventilé,5,107.88
CMD-000217,2026-06-05,Auto Clinic,BLB-037992,Ampoule LED H7,6,27.13
CMD-000217,2026-06-05,Garage Tremblay,ROT-006864,Disque de frein ventilé,6,105.15
CMD-000218,2025-12-26,Carrosserie Moderne,BRK-008094,Jeu plaquettes AV,7,95.24
CMD-000218,2025-12-26,Auto-Réparation ABC,BRK-017720,Jeu plaquettes AV,5,85.77
CMD-000218,2025-12-26,Auto-Réparation ABC,FUS-025154,Boîte fusibles relais,7,23.1
CMD-000219,2026-04-22,Mécanique Rapide Inc.,ALT-006276,Alternateur 12V 140A,5,220.23
CMD-000220,2026-08-22,Mécanique Rapide Inc.,BRK-017720,Jeu plaquettes AV,2,85.77
CMD-000220,2026-08-22,Auto-Réparation ABC,ROT-015403,Disque de frein ventilé,3,107.88
CMD-000220,2026-08-22,Pneus & Mécanique Pro,FUS-025154,Boîte fusibles relais,1,23.1
CMD-000220,2026-08-22,Auto Clinic,EXH-033547,Silencieux échappement,8,322.76
CMD-000220,2026-08-22,Centre Auto Plus,FUS-028100,Boîte fusibles relais,2,17.6
CMD-000221,2026-05-13,Auto-Réparation ABC,FUS-025154,Boîte fusibles relais,5,23.1
CMD-000221,2026-05-13,Mécanique Rapide Inc.,ROT-015403,Disque de frein ventilé,1,107.88
CMD-000221,2026-05-13,Mécanique Rapide Inc.,SEN-006021,Capteur ABS,5,31.48
CMD-000221,2026-05-13,Mécanique Rapide Inc.,BLB-037992,Ampoule LED H7,4,27.13
CMD-000221,2026-05-13,Mécanique Rapide Inc.,SEN-004309,Capteur ABS,1,41.19
CMD-000222,2025-09-20,Garage Tremblay,SEN-043446,Capteur ABS,1,71.18
CMD-000222,2025-09-20,Garage du Centre,ROT-037875,Disque de frein ventilé,7,177.18
CMD-000222,2025-09-20,Garage Tremblay,BRK-037405,Jeu plaquettes AV,5,45.88
CMD-000222,2025-09-20,Pneus & Mécanique Pro,FUS-025154,Boîte fusibles relais,7,23.1
CMD-000223,2026-09-05,Auto Clinic,ROT-014558,Disque de frein ventilé,3,191.2
CMD-000223,2026-09-05,Atelier Mécanique 360,BLB-037992,Ampoule LED H7,6,27.13
CMD-000223,2026-09-05,Auto Clinic,FUS-021849,Boîte fusibles relais,8,14.18
CMD-000224,2025-11-21,Garage du Centre,SPK-043767,Bougie allumage iridium,2,15.6
CMD-000224,2025-11-21,Centre Auto Plus,ALT-001778,Alternateur 12V 140A,4,242.99
CMD-000224,2025-11-21,Carrosserie Moderne,EXH-033547,Silencieux échappement,8,322.76
CMD-000224,2025-11-21,Centre Auto Plus,ROT-015403,Disque de frein ventilé,7,107.88
CMD-000224,2025-11-21,Garage Royal,FUS-025154,Boîte fusibles relais,6,23.1
CMD-000225,2025-10-21,Auto-Réparation ABC,SEN-006586,Capteur ABS,8,39.57
CMD-000225,2025-10-21,Centre Auto Plus,BRK-024683,Jeu plaquettes AV,3,107.39
CMD-000225,2025-10-21,Carrosserie Moderne,ALT-000386,Alternateur 12V 140A,4,227.9
CMD-000225,2025-10-21,Centre Auto Plus,ROT-017022,Disque de frein ventilé,6,145.87
CMD-000225,2025-10-21,Garage Tremblay,BRK-024935,Jeu plaquettes AV,3,109.95
CMD-000226,2025-12-04,Auto-Réparation ABC,SPK-003219,Bougie allumage iridium,4,16.07
CMD-000226,2025-12-04,Atelier Mécanique 360,ALT-025474,Alternateur 12V 140A,3,369.75
CMD-000226,2025-12-04,Atelier Mécanique 360,BRK-048251,Jeu plaquettes AV,2,89.61
CMD-000226,2025-12-04,Carrosserie Moderne,BMP-028097,Pare-chocs AV primaire,3,523.46
CMD-000226,2025-12-04,Auto Clinic,ROT-025009,Disque de frein ventilé,2,157.96
CMD-000227,2026-06-28,Mécanique Rapide Inc.,EXH-033547,Silencieux échappement,6,322.76
CMD-000228,2026-08-02,Garage Tremblay,ROT-015403,Disque de frein ventilé,1,107.88
CMD-000229,2025-10-10,Auto-Réparation ABC,ALT-000386,Alternateur 12V 140A,4,227.9
CMD-000229,2025-10-10,Centre Auto Plus,BRK-025898,Jeu plaquettes AV,7,75.12
CMD-000229,2025-10-10,Auto Clinic,BRK-024935,Jeu plaquettes AV,4,109.95
CMD-000229,2025-10-10,Garage Tremblay,BRK-024683,Jeu plaquettes AV,1,107.39
CMD-000229,2025-10-10,Carrosserie Moderne,ROT-017022,Disque de frein ventilé,1,145.87
CMD-000230,2026-08-31,Garage du Centre,SPK-043767,Bougie allumage iridium,2,15.6
CMD-000230,2026-08-31,Garage Royal,FLT-040963,Filtre à air moteur,4,23.2
CMD-000230,2026-08-31,Pneus & Mécanique Pro,BRK-017720,Jeu plaquettes AV,2,85.77
CMD-000230,2026-08-31,Pneus & Mécanique Pro,SEN-006021,Capteur ABS,5,31.48
CMD-000230,2026-08-31,Auto Clinic,ROT-015403,Disque de frein ventilé,2,107.88
CMD-000231,2026-02-03,Garage Royal,FUS-025154,Boîte fusibles relais,3,23.1
CMD-000231,2026-02-03,Auto-Réparation ABC,ROT-015403,Disque de frein ventilé,5,107.88
CMD-000231,2026-02-03,Garage Tremblay,ROT-006864,Disque de frein ventilé,4,105.15
CMD-000231,2026-02-03,Pneus & Mécanique Pro,ALT-001778,Alternateur 12V 140A,1,242.99
CMD-000232,2025-11-04,Auto Clinic,FUS-028100,Boîte fusibles relais,8,17.6
CMD-000232,2025-11-04,Garage du Centre,BLB-007509,Ampoule LED H7,4,34.03
CMD-000232,2025-11-04,Auto Clinic,ROT-015403,Disque de frein ventilé,8,107.88
CMD-000233,2025-11-28,Garage Tremblay,SEN-002386,Capteur ABS,8,37.38
CMD-000234,2026-01-06,Garage Tremblay,FUS-028100,Boîte fusibles relais,8,17.6
CMD-000234,2026-01-06,Mécanique Rapide Inc.,BLB-037992,Ampoule LED H7,7,27.13
CMD-000235,2026-08-31,Garage du Centre,BLB-020402,Ampoule LED H7,6,19.04
CMD-000235,2026-08-31,Mécanique Rapide Inc.,ROT-015403,Disque de frein ventilé,6,107.88
CMD-000235,2026-08-31,Garage Royal,ALT-001778,Alternateur 12V 140A,1,242.99
CMD-000235,2026-08-31,Garage du Centre,BLB-028682,Ampoule LED H7,7,36.03
CMD-000236,2026-04-14,Garage Royal,BLB-037992,Ampoule LED H7,3,27.13
CMD-000236,2026-04-14,Auto-Réparation ABC,RAD-049573,Radiateur refroidissement,3,215.12
CMD-000236,2026-04-14,Atelier Mécanique 360,ALT-035681,Alternateur 12V 140A,4,394.53
CMD-000237,2026-07-05,Centre Auto Plus,FUS-037574,Boîte fusibles relais,2,22.82
CMD-000237,2026-07-05,Auto Clinic,FUS-027893,Boîte fusibles relais,8,20.0
CMD-000237,2026-07-05,Centre Auto Plus,FLT-028324,Filtre à air moteur,4,18.75
CMD-000237,2026-07-05,Garage Tremblay,SEN-045054,Capteur ABS,2,56.01
CMD-000238,2026-06-05,Auto-Réparation ABC,BLB-037992,Ampoule LED H7,4,27.13
CMD-000238,2026-06-05,Pneus & Mécanique Pro,FLT-044878,Filtre à air moteur,1,36.42
CMD-000238,2026-06-05,Garage Royal,RAD-049573,Radiateur refroidissement,6,215.12
CMD-000239,2026-03-08,Garage Royal,ROT-015403,Disque de frein ventilé,4,107.88
CMD-000240,2025-11-05,Centre Auto Plus,FUS-028100,Boîte fusibles relais,4,17.6
CMD-000240,2025-11-05,Pneus & Mécanique Pro,SEN-006021,Capteur ABS,1,31.48
CMD-000241,2026-05-29,Garage Royal,ALT-001778,Alternateur 12V 140A,4,242.99
CMD-000242,2026-02-08,Garage du Centre,ROT-015403,Disque de frein ventilé,7,107.88
CMD-000242,2026-02-08,Auto-Réparation ABC,SPK-031992,Bougie allumage iridium,8,20.18
CMD-000242,2026-02-08,Garage Royal,ROT-007220,Disque de frein ventilé,5,116.26
CMD-000242,2026-02-08,Auto Clinic,FLT-026010,Filtre à air moteur,6,32.68
CMD-000243,2026-06-24,Auto Clinic,ROT-006864,Disque de frein ventilé,5,105.15
CMD-000243,2026-06-24,Mécanique Rapide Inc.,BRK-003411,Jeu plaquettes AV,6,78.75
CMD-000244,2026-03-19,Garage Tremblay,ROT-015403,Disque de frein ventilé,8,107.88
CMD-000244,2026-03-19,Garage Royal,EXH-007271,Silencieux échappement,8,390.56
CMD-000244,2026-03-19,Pneus & Mécanique Pro,ROT-007220,Disque de frein ventilé,1,116.26
CMD-000244,2026-03-19,Mécanique Rapide Inc.,ALT-007061,Alternateur 12V 140A,8,289.42
CMD-000245,2026-09-02,Mécanique Rapide Inc.,EXH-034377,Silencieux échappement,7,268.92
CMD-000245,2026-09-02,Auto Clinic,SEN-031098,Capteur ABS,4,67.4
CMD-000245,2026-09-02,Centre Auto Plus,ALT-043817,Alternateur 12V 140A,5,318.1
CMD-000246,2026-03-28,Garage Royal,SEN-013569,Capteur ABS,8,42.76
CMD-000246,2026-03-28,Garage Royal,ALT-023526,Alternateur 12V 140A,5,300.63
CMD-000246,2026-03-28,Carrosserie Moderne,ROT-027668,Disque de frein ventilé,3,139.0
CMD-000246,2026-03-28,Centre Auto Plus,BRK-014503,Jeu plaquettes AV,8,88.03
CMD-000246,2026-03-28,Carrosserie Moderne,SPK-017734,Bougie allumage iridium,6,20.39
CMD-000247,2026-08-21,Auto-Réparation ABC,SPK-013663,Bougie allumage iridium,8,30.57
CMD-000248,2026-03-07,Auto-Réparation ABC,FLT-028324,Filtre à air moteur,7,18.75
CMD-000248,2026-03-07,Auto Clinic,BLB-047201,Ampoule LED H7,7,28.87
CMD-000248,2026-03-07,Atelier Mécanique 360,ROT-044210,Disque de frein ventilé,3,175.19
CMD-000248,2026-03-07,Mécanique Rapide Inc.,SEN-045054,Capteur ABS,1,56.01
CMD-000248,2026-03-07,Carrosserie Moderne,FUS-027893,Boîte fusibles relais,3,20.0
CMD-000249,2025-09-28,Garage du Centre,ALT-001778,Alternateur 12V 140A,5,242.99
CMD-000249,2025-09-28,Carrosserie Moderne,FUS-019025,Boîte fusibles relais,5,16.14
CMD-000249,2025-09-28,Auto Clinic,BRK-013237,Jeu plaquettes AV,3,53.16
CMD-000250,2025-10-02,Garage Tremblay,FUS-028100,Boîte fusibles relais,5,17.6
CMD-000250,2025-10-02,Auto Clinic,STR-023248,Jambe de force suspension,1,244.06
CMD-000251,2025-11-16,Garage du Centre,RAD-042341,Radiateur refroidissement,2,227.46
CMD-000251,2025-11-16,Atelier Mécanique 360,BRK-002545,Jeu plaquettes AV,5,48.87
CMD-000252,2026-08-26,Garage du Centre,FUS-028100,Boîte fusibles relais,5,17.6
CMD-000252,2026-08-26,Garage Royal,SEN-004309,Capteur ABS,5,41.19
CMD-000252,2026-08-26,Atelier Mécanique 360,ALT-008600,Alternateur 12V 140A,3,411.15
CMD-000252,2026-08-26,Garage du Centre,FLT-009287,Filtre à air moteur,5,36.05
CMD-000253,2026-08-11,Pneus & Mécanique Pro,STR-023248,Jambe de force suspension,6,244.06
CMD-000253,2026-08-11,Centre Auto Plus,ALT-007996,Alternateur 12V 140A,5,220.97
CMD-000253,2026-08-11,Garage du Centre,FLT-033743,Filtre à air moteur,5,39.16
CMD-000253,2026-08-11,Garage du Centre,BMP-019552,Pare-chocs AV primaire,3,368.75
CMD-000253,2026-08-11,Mécanique Rapide Inc.,ALT-001078,Alternateur 12V 140A,7,235.28
CMD-000254,2026-06-11,Garage du Centre,SPK-003219,Bougie allumage iridium,1,16.07
CMD-000254,2026-06-11,Auto-Réparation ABC,FUS-025154,Boîte fusibles relais,8,23.1
CMD-000254,2026-06-11,Garage Royal,ALT-021132,Alternateur 12V 140A,3,376.48
CMD-000254,2026-06-11,Garage du Centre,BRK-005978,Jeu plaquettes AV,5,65.1
CMD-000254,2026-06-11,Garage du Centre,ROT-015403,Disque de frein ventilé,3,107.88
CMD-000255,2025-11-02,Auto-Réparation ABC,FUS-028100,Boîte fusibles relais,8,17.6
CMD-000255,2025-11-02,Centre Auto Plus,ROT-015403,Disque de frein ventilé,5,107.88
CMD-000255,2025-11-02,Auto-Réparation ABC,ROT-027668,Disque de frein ventilé,6,139.0
CMD-000255,2025-11-02,Atelier Mécanique 360,STR-037922,Jambe de force suspension,2,181.79
CMD-000255,2025-11-02,Garage Royal,SPK-003219,Bougie allumage iridium,5,16.07
CMD-000256,2025-12-28,Carrosserie Moderne,ALT-006276,Alternateur 12V 140A,3,220.23
CMD-000256,2025-12-28,Auto Clinic,ALT-013448,Alternateur 12V 140A,1,388.21
CMD-000256,2025-12-28,Auto-Réparation ABC,SPK-032001,Bougie allumage iridium,6,18.07
CMD-000256,2025-12-28,Mécanique Rapide Inc.,FUS-003501,Boîte fusibles relais,4,22.29
CMD-000256,2025-12-28,Atelier Mécanique 360,ROT-036267,Disque de frein ventilé,7,107.69
CMD-000257,2026-04-28,Atelier Mécanique 360,BRK-043609,Jeu plaquettes AV,8,47.15
CMD-000257,2026-04-28,Garage Royal,FUS-028100,Boîte fusibles relais,2,17.6
CMD-000258,2026-04-14,Pneus & Mécanique Pro,BRK-008094,Jeu plaquettes AV,2,95.24
CMD-000259,2026-04-23,Garage du Centre,ROT-015403,Disque de frein ventilé,5,107.88
CMD-000259,2026-04-23,Atelier Mécanique 360,FLT-026010,Filtre à air moteur,7,32.68
CMD-000260,2025-10-10,Pneus & Mécanique Pro,ROT-015403,Disque de frein ventilé,2,107.88
CMD-000260,2025-10-10,Mécanique Rapide Inc.,ALT-007061,Alternateur 12V 140A,5,289.42
CMD-000260,2025-10-10,Pneus & Mécanique Pro,SPK-031992,Bougie allumage iridium,3,20.18
CMD-000261,2025-12-10,Mécanique Rapide Inc.,BLB-028682,Ampoule LED H7,1,36.03
CMD-000261,2025-12-10,Pneus & Mécanique Pro,ROT-021710,Disque de frein ventilé,6,128.69
CMD-000261,2025-12-10,Pneus & Mécanique Pro,FUS-028100,Boîte fusibles relais,2,17.6
CMD-000262,2026-03-20,Garage du Centre,FUS-037574,Boîte fusibles relais,4,22.82
CMD-000263,2025-12-20,Mécanique Rapide Inc.,EXH-034377,Silencieux échappement,4,268.92
CMD-000263,2025-12-20,Mécanique Rapide Inc.,ALT-043817,Alternateur 12V 140A,6,318.1
CMD-000263,2025-12-20,Garage Royal,ROT-018008,Disque de frein ventilé,8,101.69
CMD-000264,2025-11-18,Centre Auto Plus,SEN-043446,Capteur ABS,7,71.18
CMD-000264,2025-11-18,Pneus & Mécanique Pro,BRK-036956,Jeu plaquettes AV,5,85.25
CMD-000265,2026-04-22,Pneus & Mécanique Pro,RAD-049573,Radiateur refroidissement,7,215.12
CMD-000265,2026-04-22,Pneus & Mécanique Pro,ALT-035681,Alternateur 12V 140A,5,394.53
CMD-000265,2026-04-22,Garage Royal,STR-047020,Jambe de force suspension,2,143.22
CMD-000265,2026-04-22,Carrosserie Moderne,BRK-039296,Jeu plaquettes AV,7,70.01
CMD-000266,2025-12-15,Auto Clinic,FUS-025154,Boîte fusibles relais,6,23.1
CMD-000267,2026-07-14,Auto Clinic,FUS-028100,Boîte fusibles relais,3,17.6
CMD-000267,2026-07-14,Atelier Mécanique 360,ROT-018669,Disque de frein ventilé,1,124.93
CMD-000267,2026-07-14,Centre Auto Plus,ALT-008600,Alternateur 12V 140A,6,411.15
CMD-000268,2025-12-02,Garage du Centre,ROT-015403,Disque de frein ventilé,1,107.88
CMD-000269,2026-02-19,Garage Royal,ROT-015403,Disque de frein ventilé,2,107.88
CMD-000269,2026-02-19,Mécanique Rapide Inc.,ALT-000386,Alternateur 12V 140A,3,227.9
CMD-000269,2026-02-19,Garage du Centre,FLT-040963,Filtre à air moteur,2,23.2
CMD-000269,2026-02-19,Garage Royal,ALT-043817,Alternateur 12V 140A,4,318.1
CMD-000270,2026-01-25,Atelier Mécanique 360,FUS-028100,Boîte fusibles relais,8,17.6
CMD-000270,2026-01-25,Centre Auto Plus,SEN-004309,Capteur ABS,5,41.19
CMD-000270,2026-01-25,Pneus & Mécanique Pro,ALT-008600,Alternateur 12V 140A,1,411.15
CMD-000271,2026-08-27,Garage Royal,BRK-017720,Jeu plaquettes AV,6,85.77
CMD-000271,2026-08-27,Carrosserie Moderne,SPK-043295,Bougie allumage iridium,3,13.79
CMD-000271,2026-08-27,Garage Royal,SEN-033632,Capteur ABS,6,68.9
CMD-000272,2026-03-22,Auto-Réparation ABC,FLT-022405,Filtre à air moteur,7,24.33
CMD-000272,2026-03-22,Garage Royal,ROT-037875,Disque de frein ventilé,5,177.18
CMD-000272,2026-03-22,Pneus & Mécanique Pro,SPK-020617,Bougie allumage iridium,3,12.63
CMD-000272,2026-03-22,Atelier Mécanique 360,BMP-018500,Pare-chocs AV primaire,3,451.96
CMD-000272,2026-03-22,Garage Tremblay,BRK-003736,Jeu plaquettes AV,7,83.33
CMD-000273,2025-09-11,Auto Clinic,RAD-042341,Radiateur refroidissement,8,227.46
CMD-000273,2025-09-11,Mécanique Rapide Inc.,BRK-038495,Jeu plaquettes AV,8,72.46
CMD-000273,2025-09-11,Garage Royal,SEN-049426,Capteur ABS,3,58.54
CMD-000274,2025-11-08,Auto Clinic,ROT-015403,Disque de frein ventilé,2,107.88
CMD-000274,2025-11-08,Auto Clinic,EXH-007271,Silencieux échappement,7,390.56
CMD-000274,2025-11-08,Garage Royal,ALT-007061,Alternateur 12V 140A,4,289.42
CMD-000274,2025-11-08,Garage Tremblay,ROT-007220,Disque de frein ventilé,4,116.26
CMD-000274,2025-11-08,Atelier Mécanique 360,SPK-031992,Bougie allumage iridium,6,20.18
CMD-000275,2025-10-27,Auto-Réparation ABC,STR-023248,Jambe de force suspension,1,244.06
CMD-000275,2025-10-27,Garage du Centre,ALT-007996,Alternateur 12V 140A,2,220.97
CMD-000275,2025-10-27,Pneus & Mécanique Pro,BMP-019552,Pare-chocs AV primaire,7,368.75
CMD-000275,2025-10-27,Auto-Réparation ABC,ALT-001078,Alternateur 12V 140A,8,235.28
CMD-000276,2025-10-18,Mécanique Rapide Inc.,ALT-001778,Alternateur 12V 140A,8,242.99
CMD-000277,2026-04-04,Centre Auto Plus,SPK-020617,Bougie allumage iridium,8,12.63
CMD-000278,2026-07-30,Mécanique Rapide Inc.,FUS-025154,Boîte fusibles relais,3,23.1
CMD-000279,2025-11-15,Centre Auto Plus,EXH-033547,Silencieux échappement,1,322.76
CMD-000280,2026-02-04,Garage Tremblay,SEN-013569,Capteur ABS,5,42.76
CMD-000280,2026-02-04,Centre Auto Plus,ALT-023526,Alternateur 12V 140A,6,300.63
CMD-000280,2026-02-04,Mécanique Rapide Inc.,ROT-027668,Disque de frein ventilé,3,139.0
CMD-000280,2026-02-04,Carrosserie Moderne,BRK-014503,Jeu plaquettes AV,1,88.03
CMD-000280,2026-02-04,Garage Royal,FUS-013874,Boîte fusibles relais,4,19.21
CMD-000281,2026-02-27,Auto Clinic,BMP-031963,Pare-chocs AV primaire,1,274.27
CMD-000281,2026-02-27,Garage Royal,BRK-017720,Jeu plaquettes AV,4,85.77
CMD-000282,2025-10-31,Garage Royal,FUS-025154,Boîte fusibles relais,7,23.1
CMD-000282,2025-10-31,Garage du Centre,BRK-020584,Jeu plaquettes AV,1,57.06
CMD-000283,2025-12-19,Garage Royal,FLT-009287,Filtre à air moteur,6,36.05
CMD-000283,2025-12-19,Auto Clinic,FUS-028100,Boîte fusibles relais,4,17.6
CMD-000283,2025-12-19,Centre Auto Plus,FLT-031402,Filtre à air moteur,6,26.67
CMD-000284,2025-09-23,Pneus & Mécanique Pro,SEN-006021,Capteur ABS,8,31.48
CMD-000285,2025-11-02,Mécanique Rapide Inc.,FUS-026474,Boîte fusibles relais,6,18.89
CMD-000285,2025-11-02,Garage Tremblay,BLB-028682,Ampoule LED H7,3,36.03
CMD-000285,2025-11-02,Auto-Réparation ABC,ALT-021132,Alternateur 12V 140A,8,376.48
CMD-000285,2025-11-02,Auto Clinic,FLT-012359,Filtre à air moteur,6,36.15
CMD-000285,2025-11-02,Mécanique Rapide Inc.,BRK-001937,Jeu plaquettes AV,4,88.96
CMD-000286,2026-01-26,Mécanique Rapide Inc.,BMP-028097,Pare-chocs AV primaire,1,523.46
CMD-000286,2026-01-26,Centre Auto Plus,FLT-005484,Filtre à air moteur,5,34.9
CMD-000286,2026-01-26,Carrosserie Moderne,SPK-003219,Bougie allumage iridium,7,16.07
CMD-000286,2026-01-26,Pneus & Mécanique Pro,ROT-025009,Disque de frein ventilé,5,157.96
CMD-000286,2026-01-26,Carrosserie Moderne,BRK-048251,Jeu plaquettes AV,8,89.61
CMD-000287,2026-05-28,Garage Tremblay,EXH-033547,Silencieux échappement,6,322.76
CMD-000287,2026-05-28,Auto-Réparation ABC,BLB-030464,Ampoule LED H7,6,31.77
CMD-000287,2026-05-28,Auto-Réparation ABC,ALT-049926,Alternateur 12V 140A,4,306.59
CMD-000288,2026-06-03,Carrosserie Moderne,FUS-025154,Boîte fusibles relais,1,23.1
CMD-000288,2026-06-03,Garage Tremblay,ALT-002471,Alternateur 12V 140A,1,269.92
CMD-000288,2026-06-03,Auto-Réparation ABC,BRK-020584,Jeu plaquettes AV,5,57.06
CMD-000288,2026-06-03,Auto-Réparation ABC,RAD-035768,Radiateur refroidissement,3,177.87
CMD-000288,2026-06-03,Centre Auto Plus,RAD-011217,Radiateur refroidissement,7,217.88
CMD-000289,2026-08-10,Carrosserie Moderne,ALT-001778,Alternateur 12V 140A,4,242.99
CMD-000289,2026-08-10,Atelier Mécanique 360,FLT-033743,Filtre à air moteur,6,39.16
CMD-000289,2026-08-10,Garage Royal,ROT-015403,Disque de frein ventilé,2,107.88
CMD-000289,2026-08-10,Carrosserie Moderne,RAD-042341,Radiateur refroidissement,2,227.46
CMD-000290,2026-06-03,Centre Auto Plus,FUS-028100,Boîte fusibles relais,5,17.6
CMD-000290,2026-06-03,Garage Royal,ALT-008600,Alternateur 12V 140A,6,411.15
CMD-000291,2025-09-20,Atelier Mécanique 360,BRK-017720,Jeu plaquettes AV,3,85.77
CMD-000291,2025-09-20,Auto-Réparation ABC,SPK-043295,Bougie allumage iridium,7,13.79
CMD-000291,2025-09-20,Auto Clinic,SEN-033632,Capteur ABS,8,68.9
CMD-000291,2025-09-20,Centre Auto Plus,ROT-034722,Disque de frein ventilé,6,168.29
CMD-000291,2025-09-20,Mécanique Rapide Inc.,ALT-015059,Alternateur 12V 140A,2,396.5
CMD-000292,2026-03-17,Garage Royal,FLT-040963,Filtre à air moteur,2,23.2
CMD-000293,2026-03-03,Atelier Mécanique 360,SEN-006021,Capteur ABS,3,31.48
CMD-000293,2026-03-03,Garage Tremblay,ALT-013448,Alternateur 12V 140A,4,388.21
CMD-000294,2026-02-17,Pneus & Mécanique Pro,SEN-002566,Capteur ABS,4,37.92
CMD-000294,2026-02-17,Garage du Centre,BRK-033340,Jeu plaquettes AV,5,62.87
CMD-000294,2026-02-17,Centre Auto Plus,ROT-014558,Disque de frein ventilé,5,191.2
CMD-000295,2025-12-17,Atelier Mécanique 360,FUS-028100,Boîte fusibles relais,7,17.6
CMD-000295,2025-12-17,Auto Clinic,ROT-018669,Disque de frein ventilé,2,124.93
CMD-000295,2025-12-17,Carrosserie Moderne,FLT-009287,Filtre à air moteur,3,36.05
CMD-000296,2025-09-16,Centre Auto Plus,BRK-044381,Jeu plaquettes AV,3,48.66
CMD-000296,2025-09-16,Garage du Centre,EXH-006384,Silencieux échappement,7,357.03
CMD-000297,2025-10-16,Carrosserie Moderne,ALT-033658,Alternateur 12V 140A,8,254.43
CMD-000298,2025-09-20,Carrosserie Moderne,SEN-013569,Capteur ABS,2,42.76
CMD-000299,2026-05-12,Garage Tremblay,ROT-006864,Disque de frein ventilé,8,105.15
CMD-000300,2026-04-25,Pneus & Mécanique Pro,FUS-025154,Boîte fusibles relais,5,23.1
CMD-000300,2026-04-25,Auto-Réparation ABC,RAD-035768,Radiateur refroidissement,4,177.87
CMD-000301,2026-03-25,Garage du Centre,ROT-015403,Disque de frein ventilé,7,107.88
CMD-000301,2026-03-25,Mécanique Rapide Inc.,FUS-028100,Boîte fusibles relais,6,17.6
CMD-000301,2026-03-25,Centre Auto Plus,FLT-011683,Filtre à air moteur,4,37.71
CMD-000301,2026-03-25,Centre Auto Plus,FUS-025154,Boîte fusibles relais,3,23.1
CMD-000302,2026-03-23,Auto-Réparation ABC,STR-026554,Jambe de force suspension,3,124.06
CMD-000302,2026-03-23,Atelier Mécanique 360,STR-023248,Jambe de force suspension,5,244.06
CMD-000302,2026-03-23,Garage Tremblay,FLT-033743,Filtre à air moteur,8,39.16
CMD-000302,2026-03-23,Garage du Centre,BMP-019552,Pare-chocs AV primaire,4,368.75
CMD-000303,2025-12-20,Atelier Mécanique 360,FLT-026606,Filtre à air moteur,5,14.88
CMD-000303,2025-12-20,Auto-Réparation ABC,ROT-038207,Disque de frein ventilé,1,92.77
CMD-000304,2026-06-28,Carrosserie Moderne,ROT-015403,Disque de frein ventilé,3,107.88
CMD-000304,2026-06-28,Mécanique Rapide Inc.,FLT-026010,Filtre à air moteur,3,32.68
CMD-000305,2026-01-20,Atelier Mécanique 360,ROT-006864,Disque de frein ventilé,1,105.15
CMD-000305,2026-01-20,Garage du Centre,ROT-015403,Disque de frein ventilé,4,107.88
CMD-000306,2026-08-10,Centre Auto Plus,BRK-006205,Jeu plaquettes AV,5,53.37
CMD-000306,2026-08-10,Carrosserie Moderne,SEN-046955,Capteur ABS,3,35.73
CMD-000307,2026-07-30,Garage du Centre,FUS-028100,Boîte fusibles relais,5,17.6
CMD-000307,2026-07-30,Garage du Centre,FLT-031402,Filtre à air moteur,1,26.67
CMD-000307,2026-07-30,Garage Royal,FLT-009287,Filtre à air moteur,5,36.05
CMD-000308,2026-07-14,Atelier Mécanique 360,ROT-015403,Disque de frein ventilé,1,107.88
CMD-000308,2026-07-14,Auto-Réparation ABC,FUS-037574,Boîte fusibles relais,5,22.82
CMD-000309,2026-01-31,Centre Auto Plus,BLB-037992,Ampoule LED H7,2,27.13
CMD-000309,2026-01-31,Pneus & Mécanique Pro,ROT-015403,Disque de frein ventilé,4,107.88
CMD-000310,2025-10-22,Centre Auto Plus,FUS-003395,Boîte fusibles relais,5,17.5
CMD-000310,2025-10-22,Garage Royal,FLT-010535,Filtre à air moteur,7,15.65
CMD-000310,2025-10-22,Centre Auto Plus,BRK-044381,Jeu plaquettes AV,4,48.66
CMD-000310,2025-10-22,Atelier Mécanique 360,SEN-006021,Capteur ABS,1,31.48
CMD-000311,2026-06-19,Auto Clinic,ALT-001778,Alternateur 12V 140A,1,242.99
CMD-000311,2026-06-19,Garage Tremblay,FUS-019025,Boîte fusibles relais,4,16.14
CMD-000311,2026-06-19,Garage Tremblay,BRK-013237,Jeu plaquettes AV,6,53.16
CMD-000311,2026-06-19,Garage Royal,BMP-048102,Pare-chocs AV primaire,5,212.63
CMD-000311,2026-06-19,Atelier Mécanique 360,SEN-002690,Capteur ABS,4,49.02
CMD-000312,2025-10-16,Auto Clinic,SEN-013569,Capteur ABS,7,42.76
CMD-000312,2025-10-16,Auto-Réparation ABC,ROT-027668,Disque de frein ventilé,8,139.0
CMD-000312,2025-10-16,Atelier Mécanique 360,BRK-014503,Jeu plaquettes AV,4,88.03
CMD-000312,2025-10-16,Carrosserie Moderne,FUS-013874,Boîte fusibles relais,5,19.21
CMD-000313,2025-11-26,Mécanique Rapide Inc.,ROT-015403,Disque de frein ventilé,4,107.88
CMD-000313,2025-11-26,Garage du Centre,SPK-031992,Bougie allumage iridium,4,20.18
CMD-000313,2025-11-26,Garage du Centre,EXH-007271,Silencieux échappement,6,390.56
CMD-000313,2025-11-26,Atelier Mécanique 360,ROT-007220,Disque de frein ventilé,1,116.26
CMD-000314,2026-06-05,Garage Royal,ROT-015403,Disque de frein ventilé,6,107.88
CMD-000315,2026-07-10,Mécanique Rapide Inc.,BRK-047004,Jeu plaquettes AV,1,91.9
CMD-000315,2026-07-10,Auto Clinic,BLB-043006,Ampoule LED H7,7,29.61
CMD-000315,2026-07-10,Garage Royal,FLT-026629,Filtre à air moteur,4,21.34
CMD-000315,2026-07-10,Auto-Réparation ABC,FLT-010048,Filtre à air moteur,3,32.49
CMD-000316,2025-09-25,Mécanique Rapide Inc.,SPK-032001,Bougie allumage iridium,7,18.07
CMD-000317,2025-11-23,Garage Royal,ALT-049926,Alternateur 12V 140A,1,306.59
CMD-000317,2025-11-23,Garage du Centre,ALT-033658,Alternateur 12V 140A,5,254.43
CMD-000317,2025-11-23,Centre Auto Plus,ROT-015638,Disque de frein ventilé,6,119.45
CMD-000317,2025-11-23,Centre Auto Plus,ROT-015403,Disque de frein ventilé,1,107.88
CMD-000318,2025-10-11,Garage du Centre,ALT-002471,Alternateur 12V 140A,8,269.92
CMD-000318,2025-10-11,Mécanique Rapide Inc.,ROT-015403,Disque de frein ventilé,4,107.88
CMD-000319,2026-01-04,Atelier Mécanique 360,ROT-015403,Disque de frein ventilé,2,107.88
CMD-000319,2026-01-04,Atelier Mécanique 360,ALT-007061,Alternateur 12V 140A,1,289.42
CMD-000319,2026-01-04,Atelier Mécanique 360,FLT-026010,Filtre à air moteur,1,32.68
CMD-000320,2026-07-06,Carrosserie Moderne,FUS-028100,Boîte fusibles relais,1,17.6
CMD-000320,2026-07-06,Garage Tremblay,ROT-015403,Disque de frein ventilé,6,107.88
CMD-000320,2026-07-06,Auto Clinic,ALT-010069,Alternateur 12V 140A,4,284.46
CMD-000320,2026-07-06,Auto Clinic,BRK-017720,Jeu plaquettes AV,5,85.77
CMD-000321,2025-09-15,Pneus & Mécanique Pro,ROT-015403,Disque de frein ventilé,3,107.88
CMD-000322,2026-08-23,Garage Royal,ROT-015403,Disque de frein ventilé,7,107.88
CMD-000322,2026-08-23,Garage Royal,SPK-031992,Bougie allumage iridium,5,20.18
CMD-000322,2026-08-23,Auto-Réparation ABC,FLT-026010,Filtre à air moteur,2,32.68
CMD-000322,2026-08-23,Garage du Centre,EXH-007271,Silencieux échappement,3,390.56
CMD-000323,2026-01-12,Auto Clinic,FLT-031402,Filtre à air moteur,3,26.67
CMD-000323,2026-01-12,Garage Tremblay,FUS-028100,Boîte fusibles relais,2,17.6
CMD-000323,2026-01-12,Mécanique Rapide Inc.,ROT-006864,Disque de frein ventilé,5,105.15
CMD-000323,2026-01-12,Garage Royal,SEN-015192,Capteur ABS,8,38.69
CMD-000324,2026-01-28,Garage du Centre,ROT-015403,Disque de frein ventilé,2,107.88
CMD-000324,2026-01-28,Mécanique Rapide Inc.,EXH-007271,Silencieux échappement,4,390.56
CMD-000325,2026-01-09,Carrosserie Moderne,ROT-015403,Disque de frein ventilé,2,107.88
CMD-000325,2026-01-09,Carrosserie Moderne,ROT-007220,Disque de frein ventilé,8,116.26
CMD-000325,2026-01-09,Mécanique Rapide Inc.,FLT-026010,Filtre à air moteur,3,32.68
CMD-000326,2025-11-15,Pneus & Mécanique Pro,SPK-032001,Bougie allumage iridium,3,18.07
CMD-000326,2025-11-15,Carrosserie Moderne,ALT-006276,Alternateur 12V 140A,7,220.23
CMD-000326,2025-11-15,Auto Clinic,FUS-003501,Boîte fusibles relais,6,22.29
CMD-000326,2025-11-15,Auto-Réparation ABC,ROT-036267,Disque de frein ventilé,3,107.69
CMD-000326,2025-11-15,Garage Tremblay,ALT-013448,Alternateur 12V 140A,2,388.21
CMD-000327,2025-10-10,Garage Royal,FUS-025154,Boîte fusibles relais,2,23.1
CMD-000327,2025-10-10,Garage Royal,RAD-035768,Radiateur refroidissement,8,177.87
CMD-000327,2025-10-10,Mécanique Rapide Inc.,RAD-011217,Radiateur refroidissement,4,217.88
CMD-000328,2026-07-13,Garage Royal,BRK-047004,Jeu plaquettes AV,5,91.9
CMD-000328,2026-07-13,Garage du Centre,BMP-031963,Pare-chocs AV primaire,8,274.27
CMD-000328,2026-07-13,Garage Tremblay,FLT-010048,Filtre à air moteur,7,32.49
CMD-000329,2025-10-01,Garage du Centre,ROT-014289,Disque de frein ventilé,3,122.32
CMD-000330,2025-11-13,Atelier Mécanique 360,SEN-045054,Capteur ABS,5,56.01
CMD-000330,2025-11-13,Auto Clinic,SEN-006132,Capteur ABS,3,40.66
CMD-000330,2025-11-13,Pneus & Mécanique Pro,FUS-037574,Boîte fusibles relais,4,22.82
CMD-000331,2026-06-23,Centre Auto Plus,FUS-028100,Boîte fusibles relais,4,17.6
CMD-000332,2025-11-05,Garage du Centre,ROT-015403,Disque de frein ventilé,5,107.88
CMD-000332,2025-11-05,Garage Royal,BLB-020402,Ampoule LED H7,1,19.04
CMD-000332,2025-11-05,Auto-Réparation ABC,ALT-001778,Alternateur 12V 140A,1,242.99
CMD-000333,2025-12-20,Garage Tremblay,BRK-017720,Jeu plaquettes AV,3,85.77
CMD-000333,2025-12-20,Garage Royal,ROT-034722,Disque de frein ventilé,7,168.29
CMD-000334,2026-05-03,Atelier Mécanique 360,BMP-018500,Pare-chocs AV primaire,2,451.96
CMD-000334,2026-05-03,Garage Tremblay,FLT-032536,Filtre à air moteur,5,26.71
CMD-000334,2026-05-03,Mécanique Rapide Inc.,SEN-013569,Capteur ABS,4,42.76
CMD-000334,2026-05-03,Garage Tremblay,BLB-028682,Ampoule LED H7,3,36.03
CMD-000335,2026-02-27,Garage Tremblay,ROT-015403,Disque de frein ventilé,3,107.88
CMD-000335,2026-02-27,Centre Auto Plus,ROT-007220,Disque de frein ventilé,8,116.26
CMD-000336,2025-10-31,Garage Royal,ROT-015403,Disque de frein ventilé,3,107.88
CMD-000336,2025-10-31,Atelier Mécanique 360,SPK-031992,Bougie allumage iridium,7,20.18
CMD-000336,2025-10-31,Atelier Mécanique 360,FLT-026010,Filtre à air moteur,3,32.68
CMD-000336,2025-10-31,Centre Auto Plus,EXH-007271,Silencieux échappement,6,390.56
CMD-000336,2025-10-31,Centre Auto Plus,ROT-007220,Disque de frein ventilé,7,116.26
CMD-000337,2025-12-21,Auto-Réparation ABC,BLB-034578,Ampoule LED H7,1,41.92
CMD-000337,2025-12-21,Pneus & Mécanique Pro,SEN-043446,Capteur ABS,6,71.18
CMD-000338,2026-03-26,Mécanique Rapide Inc.,RAD-008323,Radiateur refroidissement,2,225.29
CMD-000338,2026-03-26,Auto-Réparation ABC,FLT-029423,Filtre à air moteur,8,40.89
CMD-000338,2026-03-26,Garage Tremblay,BRK-000665,Jeu plaquettes AV,8,57.77
CMD-000338,2026-03-26,Garage Royal,FLT-032536,Filtre à air moteur,8,26.71
CMD-000338,2026-03-26,Mécanique Rapide Inc.,FLT-001618,Filtre à air moteur,7,29.58
CMD-000339,2025-09-08,Garage Tremblay,FUS-025154,Boîte fusibles relais,7,23.1
CMD-000339,2025-09-08,Garage Royal,ALT-001778,Alternateur 12V 140A,7,242.99
CMD-000339,2025-09-08,Pneus & Mécanique Pro,FUS-028100,Boîte fusibles relais,6,17.6
CMD-000340,2026-05-21,Carrosserie Moderne,STR-023248,Jambe de force suspension,4,244.06
CMD-000340,2026-05-21,Garage Royal,ALT-007996,Alternateur 12V 140A,3,220.97
CMD-000341,2026-02-07,Auto Clinic,FUS-025154,Boîte fusibles relais,4,23.1
CMD-000341,2026-02-07,Garage du Centre,BRK-020584,Jeu plaquettes AV,5,57.06
CMD-000341,2026-02-07,Garage Royal,RAD-011217,Radiateur refroidissement,8,217.88
CMD-000342,2025-10-19,Garage du Centre,SEN-002386,Capteur ABS,6,37.38
CMD-000343,2026-02-13,Auto Clinic,ROT-015403,Disque de frein ventilé,5,107.88
CMD-000343,2026-02-13,Mécanique Rapide Inc.,ALT-007061,Alternateur 12V 140A,4,289.42
CMD-000343,2026-02-13,Mécanique Rapide Inc.,FLT-026010,Filtre à air moteur,1,32.68
CMD-000343,2026-02-13,Garage du Centre,EXH-007271,Silencieux échappement,2,390.56
CMD-000343,2026-02-13,Garage du Centre,ROT-007220,Disque de frein ventilé,3,116.26
CMD-000344,2026-08-07,Pneus & Mécanique Pro,BLB-020402,Ampoule LED H7,7,19.04
CMD-000344,2026-08-07,Carrosserie Moderne,SEN-020721,Capteur ABS,1,59.04
CMD-000344,2026-08-07,Centre Auto Plus,FLT-017690,Filtre à air moteur,1,23.9
CMD-000345,2026-02-26,Mécanique Rapide Inc.,BRK-032885,Jeu plaquettes AV,4,54.07
CMD-000345,2026-02-26,Garage Tremblay,FUS-041719,Boîte fusibles relais,4,14.8
CMD-000346,2026-07-09,Atelier Mécanique 360,FUS-041719,Boîte fusibles relais,8,14.8
CMD-000347,2025-11-27,Garage Tremblay,FLT-040963,Filtre à air moteur,5,23.2
CMD-000347,2025-11-27,Auto-Réparation ABC,BLB-020402,Ampoule LED H7,2,19.04
CMD-000347,2025-11-27,Garage Royal,ROT-015403,Disque de frein ventilé,2,107.88
CMD-000347,2025-11-27,Mécanique Rapide Inc.,ROT-021710,Disque de frein ventilé,5,128.69
CMD-000348,2026-02-15,Carrosserie Moderne,FUS-041719,Boîte fusibles relais,2,14.8
CMD-000349,2026-03-03,Pneus & Mécanique Pro,BRK-047004,Jeu plaquettes AV,5,91.9
CMD-000349,2026-03-03,Carrosserie Moderne,BLB-043006,Ampoule LED H7,8,29.61
CMD-000349,2026-03-03,Garage Tremblay,FLT-010048,Filtre à air moteur,8,32.49
CMD-000350,2026-07-20,Auto Clinic,BLB-034578,Ampoule LED H7,2,41.92
CMD-000351,2026-05-24,Carrosserie Moderne,ROT-015403,Disque de frein ventilé,2,107.88
CMD-000351,2026-05-24,Garage du Centre,ALT-001778,Alternateur 12V 140A,2,242.99
CMD-000352,2025-09-29,Auto Clinic,FUS-028100,Boîte fusibles relais,4,17.6
CMD-000352,2025-09-29,Garage Royal,ALT-008600,Alternateur 12V 140A,4,411.15
CMD-000352,2025-09-29,Auto Clinic,FLT-009287,Filtre à air moteur,4,36.05
CMD-000353,2025-09-20,Auto-Réparation ABC,ROT-038207,Disque de frein ventilé,3,92.77
CMD-000353,2025-09-20,Garage du Centre,ALT-007996,Alternateur 12V 140A,7,220.97
CMD-000353,2025-09-20,Garage Tremblay,FUS-005948,Boîte fusibles relais,7,21.5
CMD-000353,2025-09-20,Garage Royal,BLB-034578,Ampoule LED H7,5,41.92
CMD-000353,2025-09-20,Pneus & Mécanique Pro,ROT-017022,Disque de frein ventilé,7,145.87
CMD-000354,2026-03-13,Pneus & Mécanique Pro,FUS-025154,Boîte fusibles relais,7,23.1
CMD-000354,2026-03-13,Garage Royal,RAD-035768,Radiateur refroidissement,2,177.87
CMD-000354,2026-03-13,Pneus & Mécanique Pro,BRK-020584,Jeu plaquettes AV,5,57.06
CMD-000354,2026-03-13,Auto-Réparation ABC,EXH-049698,Silencieux échappement,1,345.09
CMD-000355,2025-09-06,Atelier Mécanique 360,ROT-015403,Disque de frein ventilé,7,107.88
CMD-000355,2025-09-06,Mécanique Rapide Inc.,EXH-007271,Silencieux échappement,4,390.56
CMD-000355,2025-09-06,Auto Clinic,ROT-007220,Disque de frein ventilé,7,116.26
CMD-000356,2026-06-20,Auto Clinic,BLB-037992,Ampoule LED H7,7,27.13
CMD-000356,2026-06-20,Pneus & Mécanique Pro,ROT-015403,Disque de frein ventilé,2,107.88
CMD-000356,2026-06-20,Carrosserie Moderne,BMP-018500,Pare-chocs AV primaire,2,451.96
CMD-000357,2026-07-27,Carrosserie Moderne,ALT-035530,Alternateur 12V 140A,8,238.74
CMD-000357,2026-07-27,Centre Auto Plus,FUS-018600,Boîte fusibles relais,7,15.09
CMD-000357,2026-07-27,Garage Tremblay,RAD-025491,Radiateur refroidissement,6,220.59
CMD-000358,2026-07-27,Centre Auto Plus,ALT-010794,Alternateur 12V 140A,7,367.23
CMD-000359,2025-10-28,Auto Clinic,ALT-007061,Alternateur 12V 140A,3,289.42
CMD-000360,2026-05-20,Garage du Centre,BRK-017720,Jeu plaquettes AV,5,85.77
CMD-000360,2026-05-20,Garage Royal,SEN-033632,Capteur ABS,7,68.9
CMD-000360,2026-05-20,Carrosserie Moderne,SPK-043295,Bougie allumage iridium,2,13.79
CMD-000361,2026-07-07,Atelier Mécanique 360,ROT-015403,Disque de frein ventilé,6,107.88
CMD-000361,2026-07-07,Centre Auto Plus,SPK-031992,Bougie allumage iridium,1,20.18
CMD-000362,2025-09-23,Garage Royal,EXH-033547,Silencieux échappement,4,322.76
CMD-000362,2025-09-23,Garage Tremblay,STR-031193,Jambe de force suspension,6,214.77
CMD-000363,2026-03-07,Carrosserie Moderne,ALT-001778,Alternateur 12V 140A,5,242.99
CMD-000363,2026-03-07,Garage du Centre,FUS-019025,Boîte fusibles relais,5,16.14
CMD-000363,2026-03-07,Garage Tremblay,SEN-002690,Capteur ABS,8,49.02
CMD-000363,2026-03-07,Garage Royal,BRK-013237,Jeu plaquettes AV,3,53.16
CMD-000364,2025-11-20,Carrosserie Moderne,BRK-005978,Jeu plaquettes AV,4,65.1
CMD-000364,2025-11-20,Centre Auto Plus,BMP-037254,Pare-chocs AV primaire,3,283.13
CMD-000364,2025-11-20,Mécanique Rapide Inc.,SEN-034457,Capteur ABS,3,50.82
CMD-000364,2025-11-20,Auto Clinic,ALT-047362,Alternateur 12V 140A,3,328.64
CMD-000364,2025-11-20,Garage Royal,RAD-006901,Radiateur refroidissement,4,215.86
CMD-000365,2026-01-22,Centre Auto Plus,BRK-047004,Jeu plaquettes AV,8,91.9
CMD-000365,2026-01-22,Carrosserie Moderne,FUS-028100,Boîte fusibles relais,7,17.6
CMD-000365,2026-01-22,Garage Tremblay,ROT-015403,Disque de frein ventilé,3,107.88
CMD-000365,2026-01-22,Garage Royal,BRK-006205,Jeu plaquettes AV,2,53.37
CMD-000365,2026-01-22,Pneus & Mécanique Pro,FUS-025154,Boîte fusibles relais,4,23.1
CMD-000366,2026-04-18,Garage du Centre,ROT-027668,Disque de frein ventilé,7,139.0
CMD-000366,2026-04-18,Centre Auto Plus,BRK-014503,Jeu plaquettes AV,2,88.03
CMD-000366,2026-04-18,Atelier Mécanique 360,FUS-013874,Boîte fusibles relais,1,19.21
CMD-000367,2025-11-11,Mécanique Rapide Inc.,ROT-015403,Disque de frein ventilé,1,107.88
CMD-000367,2025-11-11,Carrosserie Moderne,SPK-031992,Bougie allumage iridium,5,20.18
CMD-000368,2026-06-24,Auto Clinic,EXH-034377,Silencieux échappement,3,268.92
CMD-000368,2026-06-24,Mécanique Rapide Inc.,ROT-015403,Disque de frein ventilé,4,107.88
CMD-000368,2026-06-24,Auto-Réparation ABC,FUS-028100,Boîte fusibles relais,6,17.6
CMD-000369,2026-06-04,Auto Clinic,SEN-026353,Capteur ABS,2,42.53
CMD-000369,2026-06-04,Auto-Réparation ABC,RAD-038113,Radiateur refroidissement,8,210.9
CMD-000370,2025-10-23,Garage Tremblay,FUS-028100,Boîte fusibles relais,6,17.6
CMD-000370,2025-10-23,Garage Royal,FLT-009287,Filtre à air moteur,8,36.05
CMD-000370,2025-10-23,Mécanique Rapide Inc.,SEN-004309,Capteur ABS,7,41.19
CMD-000370,2025-10-23,Auto-Réparation ABC,ALT-008600,Alternateur 12V 140A,1,411.15
CMD-000370,2025-10-23,Atelier Mécanique 360,FLT-031402,Filtre à air moteur,6,26.67
CMD-000371,2026-04-08,Atelier Mécanique 360,ALT-001778,Alternateur 12V 140A,3,242.99
CMD-000371,2026-04-08,Carrosserie Moderne,ALT-007205,Alternateur 12V 140A,6,250.82
CMD-000371,2026-04-08,Mécanique Rapide Inc.,FUS-019025,Boîte fusibles relais,5,16.14
CMD-000371,2026-04-08,Garage du Centre,BRK-013237,Jeu plaquettes AV,4,53.16
CMD-000371,2026-04-08,Centre Auto Plus,SEN-002690,Capteur ABS,4,49.02
CMD-000372,2025-12-06,Auto-Réparation ABC,FUS-025154,Boîte fusibles relais,1,23.1
CMD-000372,2025-12-06,Auto-Réparation ABC,RAD-011217,Radiateur refroidissement,5,217.88
CMD-000372,2025-12-06,Garage Royal,ALT-002471,Alternateur 12V 140A,5,269.92
CMD-000372,2025-12-06,Garage Tremblay,EXH-049698,Silencieux échappement,1,345.09
CMD-000373,2025-10-11,Atelier Mécanique 360,FUS-025154,Boîte fusibles relais,4,23.1
CMD-000373,2025-10-11,Garage du Centre,RAD-035768,Radiateur refroidissement,7,177.87
CMD-000373,2025-10-11,Atelier Mécanique 360,EXH-049698,Silencieux échappement,2,345.09
CMD-000373,2025-10-11,Atelier Mécanique 360,RAD-011217,Radiateur refroidissement,1,217.88
CMD-000374,2026-08-21,Mécanique Rapide Inc.,BRK-047004,Jeu plaquettes AV,4,91.9
CMD-000374,2026-08-21,Auto Clinic,FLT-010048,Filtre à air moteur,1,32.49
CMD-000375,2026-05-12,Mécanique Rapide Inc.,ROT-015403,Disque de frein ventilé,7,107.88
CMD-000375,2026-05-12,Garage Royal,FLT-011683,Filtre à air moteur,3,37.71
CMD-000375,2026-05-12,Mécanique Rapide Inc.,BLB-020402,Ampoule LED H7,7,19.04
CMD-000375,2026-05-12,Auto-Réparation ABC,ALT-001778,Alternateur 12V 140A,4,242.99
CMD-000376,2026-08-17,Garage Tremblay,ROT-015403,Disque de frein ventilé,5,107.88
CMD-000376,2026-08-17,Mécanique Rapide Inc.,SEN-006021,Capteur ABS,4,31.48
CMD-000376,2026-08-17,Garage Tremblay,ROT-006864,Disque de frein ventilé,3,105.15
CMD-000376,2026-08-17,Mécanique Rapide Inc.,FUS-025154,Boîte fusibles relais,3,23.1
CMD-000376,2026-08-17,Auto-Réparation ABC,FUS-037574,Boîte fusibles relais,8,22.82
CMD-000377,2025-12-30,Garage Tremblay,ROT-015403,Disque de frein ventilé,7,107.88
CMD-000377,2025-12-30,Carrosserie Moderne,ROT-007220,Disque de frein ventilé,8,116.26
CMD-000377,2025-12-30,Centre Auto Plus,EXH-007271,Silencieux échappement,2,390.56
CMD-000377,2025-12-30,Mécanique Rapide Inc.,ALT-007061,Alternateur 12V 140A,8,289.42
CMD-000377,2025-12-30,Mécanique Rapide Inc.,FLT-026010,Filtre à air moteur,5,32.68
CMD-000378,2026-08-26,Mécanique Rapide Inc.,ALT-010069,Alternateur 12V 140A,7,284.46
CMD-000378,2026-08-26,Auto Clinic,EXH-033547,Silencieux échappement,2,322.76
CMD-000378,2026-08-26,Garage du Centre,ALT-049926,Alternateur 12V 140A,7,306.59
CMD-000378,2026-08-26,Garage du Centre,BLB-030464,Ampoule LED H7,3,31.77
CMD-000378,2026-08-26,Garage du Centre,STR-031193,Jambe de force suspension,7,214.77
CMD-000379,2026-08-20,Garage Royal,BRK-047004,Jeu plaquettes AV,5,91.9
CMD-000379,2026-08-20,Atelier Mécanique 360,FLT-015733,Filtre à air moteur,1,33.71
CMD-000379,2026-08-20,Mécanique Rapide Inc.,FLT-026629,Filtre à air moteur,2,21.34
CMD-000380,2025-09-30,Auto-Réparation ABC,EXH-034377,Silencieux échappement,6,268.92
CMD-000380,2025-09-30,Auto Clinic,FUS-025154,Boîte fusibles relais,3,23.1
CMD-000381,2026-01-09,Garage Tremblay,ROT-015403,Disque de frein ventilé,8,107.88
CMD-000381,2026-01-09,Garage Tremblay,SPK-031992,Bougie allumage iridium,8,20.18
CMD-000381,2026-01-09,Atelier Mécanique 360,EXH-007271,Silencieux échappement,8,390.56
CMD-000382,2026-04-01,Auto-Réparation ABC,ROT-015403,Disque de frein ventilé,1,107.88
CMD-000383,2026-03-02,Mécanique Rapide Inc.,ROT-015403,Disque de frein ventilé,8,107.88
CMD-000383,2026-03-02,Atelier Mécanique 360,EXH-007271,Silencieux échappement,2,390.56
CMD-000384,2025-09-11,Garage du Centre,FUS-028100,Boîte fusibles relais,8,17.6
CMD-000384,2025-09-11,Carrosserie Moderne,SEN-004309,Capteur ABS,2,41.19
CMD-000384,2025-09-11,Garage du Centre,FLT-009287,Filtre à air moteur,7,36.05
CMD-000384,2025-09-11,Pneus & Mécanique Pro,FLT-031402,Filtre à air moteur,8,26.67
CMD-000385,2026-04-24,Auto Clinic,ALT-037590,Alternateur 12V 140A,3,461.54
CMD-000385,2026-04-24,Carrosserie Moderne,BRK-038699,Jeu plaquettes AV,8,92.39
CMD-000386,2026-08-02,Auto-Réparation ABC,FLT-032848,Filtre à air moteur,5,16.69
CMD-000387,2026-06-03,Garage du Centre,ALT-001778,Alternateur 12V 140A,1,242.99
CMD-000387,2026-06-03,Auto-Réparation ABC,BRK-013237,Jeu plaquettes AV,1,53.16
CMD-000387,2026-06-03,Pneus & Mécanique Pro,ALT-007205,Alternateur 12V 140A,2,250.82
CMD-000387,2026-06-03,Carrosserie Moderne,SEN-002690,Capteur ABS,7,49.02
CMD-000388,2026-04-12,Centre Auto Plus,BRK-047004,Jeu plaquettes AV,4,91.9
CMD-000388,2026-04-12,Mécanique Rapide Inc.,FLT-015733,Filtre à air moteur,7,33.71
CMD-000388,2026-04-12,Centre Auto Plus,BMP-031963,Pare-chocs AV primaire,3,274.27
CMD-000389,2026-03-27,Centre Auto Plus,BRK-040876,Jeu plaquettes AV,4,77.0
CMD-000390,2026-08-16,Mécanique Rapide Inc.,ALT-001778,Alternateur 12V 140A,2,242.99
CMD-000390,2026-08-16,Atelier Mécanique 360,BRK-013237,Jeu plaquettes AV,8,53.16
CMD-000390,2026-08-16,Mécanique Rapide Inc.,ALT-007205,Alternateur 12V 140A,3,250.82
CMD-000391,2026-08-19,Auto Clinic,ROT-015403,Disque de frein ventilé,6,107.88
CMD-000391,2026-08-19,Pneus & Mécanique Pro,EXH-007271,Silencieux échappement,1,390.56
CMD-000391,2026-08-19,Auto-Réparation ABC,ALT-007061,Alternateur 12V 140A,1,289.42
CMD-000391,2026-08-19,Garage du Centre,SPK-031992,Bougie allumage iridium,4,20.18
CMD-000392,2026-05-23,Mécanique Rapide Inc.,FUS-028100,Boîte fusibles relais,4,17.6
CMD-000392,2026-05-23,Garage du Centre,BLB-037992,Ampoule LED H7,7,27.13
CMD-000392,2026-05-23,Carrosserie Moderne,SEN-043446,Capteur ABS,8,71.18
CMD-000392,2026-05-23,Garage du Centre,BRK-017720,Jeu plaquettes AV,2,85.77
CMD-000392,2026-05-23,Centre Auto Plus,ROT-015403,Disque de frein ventilé,2,107.88
CMD-000393,2025-12-27,Auto Clinic,ROT-036267,Disque de frein ventilé,5,107.69
CMD-000394,2026-08-28,Garage Royal,FUS-026474,Boîte fusibles relais,4,18.89
CMD-000394,2026-08-28,Garage Tremblay,FLT-012359,Filtre à air moteur,3,36.15
CMD-000394,2026-08-28,Carrosserie Moderne,ALT-021132,Alternateur 12V 140A,7,376.48
CMD-000395,2025-12-22,Auto Clinic,ROT-015403,Disque de frein ventilé,1,107.88
CMD-000395,2025-12-22,Garage Royal,EXH-007271,Silencieux échappement,6,390.56
CMD-000395,2025-12-22,Atelier Mécanique 360,ALT-007061,Alternateur 12V 140A,2,289.42
CMD-000395,2025-12-22,Auto-Réparation ABC,FLT-026010,Filtre à air moteur,2,32.68
CMD-000396,2026-05-05,Garage Royal,ALT-036394,Alternateur 12V 140A,2,433.19
CMD-000396,2026-05-05,Garage du Centre,FLT-026606,Filtre à air moteur,3,14.88
CMD-000396,2026-05-05,Pneus & Mécanique Pro,ROT-038207,Disque de frein ventilé,6,92.77
CMD-000397,2026-05-09,Pneus & Mécanique Pro,SPK-025943,Bougie allumage iridium,8,22.81
CMD-000397,2026-05-09,Garage Tremblay,FUS-018600,Boîte fusibles relais,2,15.09
CMD-000397,2026-05-09,Garage Royal,ALT-035530,Alternateur 12V 140A,4,238.74
CMD-000397,2026-05-09,Garage Royal,RAD-025491,Radiateur refroidissement,1,220.59
CMD-000397,2026-05-09,Mécanique Rapide Inc.,BLB-019537,Ampoule LED H7,5,18.7
CMD-000398,2025-11-30,Garage Royal,ROT-015403,Disque de frein ventilé,6,107.88
CMD-000398,2025-11-30,Garage Tremblay,FLT-026010,Filtre à air moteur,2,32.68
CMD-000399,2026-04-05,Mécanique Rapide Inc.,FUS-028100,Boîte fusibles relais,7,17.6
CMD-000400,2026-07-12,Garage du Centre,FUS-026474,Boîte fusibles relais,4,18.89
CMD-000400,2026-07-12,Mécanique Rapide Inc.,ALT-021132,Alternateur 12V 140A,6,376.48
CMD-000400,2026-07-12,Auto-Réparation ABC,SEN-038683,Capteur ABS,3,70.76
CMD-000400,2026-07-12,Centre Auto Plus,FLT-012359,Filtre à air moteur,3,36.15
CMD-000400,2026-07-12,Carrosserie Moderne,BLB-028682,Ampoule LED H7,4,36.03
CMD-000401,2025-11-17,Centre Auto Plus,ROT-015403,Disque de frein ventilé,7,107.88
CMD-000401,2025-11-17,Atelier Mécanique 360,FUS-037574,Boîte fusibles relais,6,22.82
CMD-000402,2026-02-26,Auto Clinic,SPK-032001,Bougie allumage iridium,1,18.07
CMD-000403,2026-07-17,Pneus & Mécanique Pro,ALT-041787,Alternateur 12V 140A,8,213.22
CMD-000403,2026-07-17,Pneus & Mécanique Pro,FUS-025154,Boîte fusibles relais,3,23.1
CMD-000403,2026-07-17,Pneus & Mécanique Pro,SPK-047981,Bougie allumage iridium,4,24.04
CMD-000404,2026-06-23,Carrosserie Moderne,FUS-036362,Boîte fusibles relais,1,20.34
CMD-000404,2026-06-23,Mécanique Rapide Inc.,ROT-031547,Disque de frein ventilé,4,189.51
CMD-000404,2026-06-23,Auto-Réparation ABC,FUS-025154,Boîte fusibles relais,6,23.1
CMD-000404,2026-06-23,Centre Auto Plus,EXH-034377,Silencieux échappement,8,268.92
CMD-000405,2026-05-05,Atelier Mécanique 360,FUS-028100,Boîte fusibles relais,5,17.6
CMD-000405,2026-05-05,Carrosserie Moderne,SEN-004309,Capteur ABS,4,41.19
CMD-000405,2026-05-05,Auto-Réparation ABC,ALT-008600,Alternateur 12V 140A,5,411.15
CMD-000405,2026-05-05,Mécanique Rapide Inc.,ROT-018669,Disque de frein ventilé,7,124.93
CMD-000405,2026-05-05,Atelier Mécanique 360,FLT-009287,Filtre à air moteur,8,36.05
CMD-000406,2026-05-29,Garage Tremblay,ROT-015403,Disque de frein ventilé,5,107.88
CMD-000406,2026-05-29,Pneus & Mécanique Pro,BLB-037992,Ampoule LED H7,6,27.13
CMD-000407,2026-07-18,Garage Royal,ALT-001778,Alternateur 12V 140A,5,242.99
CMD-000407,2026-07-18,Carrosserie Moderne,BRK-003031,Jeu plaquettes AV,7,102.24
CMD-000408,2025-10-26,Garage du Centre,ALT-000386,Alternateur 12V 140A,6,227.9
CMD-000409,2026-08-23,Auto Clinic,FLT-012359,Filtre à air moteur,3,36.15
CMD-000409,2026-08-23,Centre Auto Plus,BRK-017720,Jeu plaquettes AV,7,85.77
CMD-000410,2026-03-01,Auto-Réparation ABC,RAD-006901,Radiateur refroidissement,8,215.86
CMD-000410,2026-03-01,Garage Tremblay,RAD-013421,Radiateur refroidissement,4,153.6
CMD-000411,2026-02-20,Centre Auto Plus,ROT-015403,Disque de frein ventilé,3,107.88
CMD-000412,2026-01-21,Mécanique Rapide Inc.,FUS-028100,Boîte fusibles relais,6,17.6
CMD-000412,2026-01-21,Mécanique Rapide Inc.,ROT-015403,Disque de frein ventilé,1,107.88
CMD-000412,2026-01-21,Pneus & Mécanique Pro,BRK-017720,Jeu plaquettes AV,5,85.77
CMD-000413,2025-10-08,Carrosserie Moderne,ALT-035681,Alternateur 12V 140A,8,394.53
CMD-000413,2025-10-08,Carrosserie Moderne,STR-047020,Jambe de force suspension,7,143.22
CMD-000413,2025-10-08,Centre Auto Plus,RAD-049573,Radiateur refroidissement,2,215.12
CMD-000413,2025-10-08,Pneus & Mécanique Pro,BRK-039296,Jeu plaquettes AV,2,70.01
CMD-000413,2025-10-08,Centre Auto Plus,BLB-037992,Ampoule LED H7,4,27.13
CMD-000414,2026-07-22,Atelier Mécanique 360,ROT-021710,Disque de frein ventilé,3,128.69
CMD-000414,2026-07-22,Garage Royal,ALT-011901,Alternateur 12V 140A,8,437.77
CMD-000415,2026-03-09,Auto-Réparation ABC,FLT-031402,Filtre à air moteur,2,26.67
CMD-000415,2026-03-09,Pneus & Mécanique Pro,BLB-037992,Ampoule LED H7,5,27.13
CMD-000415,2026-03-09,Garage du Centre,BRK-047004,Jeu plaquettes AV,6,91.9
CMD-000416,2026-07-26,Auto-Réparation ABC,SPK-003219,Bougie allumage iridium,5,16.07
CMD-000417,2025-12-04,Centre Auto Plus,BRK-036192,Jeu plaquettes AV,2,67.56
CMD-000417,2025-12-04,Atelier Mécanique 360,ROT-001967,Disque de frein ventilé,5,82.24
CMD-000417,2025-12-04,Atelier Mécanique 360,BRK-033340,Jeu plaquettes AV,7,62.87
CMD-000418,2025-10-16,Mécanique Rapide Inc.,BLB-037992,Ampoule LED H7,1,27.13
CMD-000418,2025-10-16,Carrosserie Moderne,RAD-049573,Radiateur refroidissement,1,215.12
CMD-000418,2025-10-16,Garage Tremblay,BRK-039296,Jeu plaquettes AV,1,70.01
CMD-000418,2025-10-16,Auto Clinic,FLT-044878,Filtre à air moteur,3,36.42
CMD-000418,2025-10-16,Atelier Mécanique 360,STR-047020,Jambe de force suspension,6,143.22
CMD-000419,2025-09-11,Auto-Réparation ABC,RAD-011217,Radiateur refroidissement,6,217.88
CMD-000420,2025-10-04,Auto-Réparation ABC,BRK-017720,Jeu plaquettes AV,1,85.77
CMD-000420,2025-10-04,Garage Royal,ROT-015403,Disque de frein ventilé,2,107.88
CMD-000420,2025-10-04,Atelier Mécanique 360,BRK-040876,Jeu plaquettes AV,1,77.0
CMD-000421,2025-10-26,Pneus & Mécanique Pro,FUS-028100,Boîte fusibles relais,7,17.6
CMD-000421,2025-10-26,Auto Clinic,ROT-015403,Disque de frein ventilé,6,107.88
CMD-000421,2025-10-26,Pneus & Mécanique Pro,BRK-039296,Jeu plaquettes AV,8,70.01
CMD-000421,2025-10-26,Atelier Mécanique 360,ROT-047623,Disque de frein ventilé,1,191.56
CMD-000422,2026-02-24,Mécanique Rapide Inc.,ALT-001778,Alternateur 12V 140A,2,242.99
CMD-000422,2026-02-24,Garage du Centre,ALT-007205,Alternateur 12V 140A,4,250.82
CMD-000422,2026-02-24,Pneus & Mécanique Pro,BRK-013237,Jeu plaquettes AV,2,53.16
CMD-000422,2026-02-24,Atelier Mécanique 360,FUS-019025,Boîte fusibles relais,3,16.14
CMD-000422,2026-02-24,Atelier Mécanique 360,BMP-048102,Pare-chocs AV primaire,7,212.63
CMD-000423,2025-09-22,Auto Clinic,FUS-028100,Boîte fusibles relais,3,17.6
CMD-000423,2025-09-22,Garage Tremblay,SEN-004309,Capteur ABS,2,41.19
CMD-000423,2025-09-22,Auto Clinic,ALT-008600,Alternateur 12V 140A,1,411.15
CMD-000423,2025-09-22,Mécanique Rapide Inc.,FLT-031402,Filtre à air moteur,8,26.67
CMD-000424,2025-09-27,Mécanique Rapide Inc.,ROT-015403,Disque de frein ventilé,4,107.88
CMD-000424,2025-09-27,Auto-Réparation ABC,ROT-007220,Disque de frein ventilé,8,116.26
CMD-000425,2026-05-17,Mécanique Rapide Inc.,ROT-015403,Disque de frein ventilé,7,107.88
CMD-000425,2026-05-17,Garage du Centre,SPK-031992,Bougie allumage iridium,4,20.18
CMD-000425,2026-05-17,Auto Clinic,ALT-007061,Alternateur 12V 140A,8,289.42
CMD-000425,2026-05-17,Garage du Centre,ROT-007220,Disque de frein ventilé,6,116.26
CMD-000426,2026-04-30,Centre Auto Plus,STR-023248,Jambe de force suspension,3,244.06
CMD-000426,2026-04-30,Pneus & Mécanique Pro,BMP-019552,Pare-chocs AV primaire,2,368.75
CMD-000427,2025-12-30,Carrosserie Moderne,BRK-017720,Jeu plaquettes AV,3,85.77
CMD-000427,2025-12-30,Carrosserie Moderne,ROT-034722,Disque de frein ventilé,2,168.29
CMD-000427,2025-12-30,Atelier Mécanique 360,SPK-043295,Bougie allumage iridium,6,13.79
CMD-000427,2025-12-30,Garage Royal,SEN-033632,Capteur ABS,2,68.9
CMD-000427,2025-12-30,Carrosserie Moderne,ALT-015059,Alternateur 12V 140A,7,396.5
CMD-000428,2025-10-06,Mécanique Rapide Inc.,ROT-015403,Disque de frein ventilé,6,107.88
CMD-000428,2025-10-06,Garage Tremblay,EXH-007271,Silencieux échappement,6,390.56
CMD-000429,2025-12-10,Pneus & Mécanique Pro,FUS-025154,Boîte fusibles relais,5,23.1
CMD-000429,2025-12-10,Mécanique Rapide Inc.,RAD-035768,Radiateur refroidissement,2,177.87
CMD-000429,2025-12-10,Garage du Centre,ALT-002471,Alternateur 12V 140A,6,269.92
CMD-000429,2025-12-10,Auto Clinic,EXH-049698,Silencieux échappement,3,345.09
CMD-000430,2026-06-13,Auto-Réparation ABC,FLT-011683,Filtre à air moteur,8,37.71
CMD-000430,2026-06-13,Mécanique Rapide Inc.,ROT-015403,Disque de frein ventilé,6,107.88
CMD-000430,2026-06-13,Garage Tremblay,BLB-037992,Ampoule LED H7,2,27.13
CMD-000430,2026-06-13,Centre Auto Plus,EXH-033547,Silencieux échappement,1,322.76
CMD-000430,2026-06-13,Pneus & Mécanique Pro,RAD-008323,Radiateur refroidissement,7,225.29
CMD-000431,2025-11-19,Atelier Mécanique 360,ALT-001778,Alternateur 12V 140A,3,242.99
CMD-000431,2025-11-19,Garage Tremblay,BMP-048102,Pare-chocs AV primaire,8,212.63
CMD-000431,2025-11-19,Atelier Mécanique 360,SEN-002690,Capteur ABS,6,49.02
CMD-000431,2025-11-19,Auto Clinic,BRK-013237,Jeu plaquettes AV,3,53.16
CMD-000432,2026-07-06,Garage Royal,FUS-028100,Boîte fusibles relais,4,17.6
CMD-000432,2026-07-06,Garage du Centre,FLT-031402,Filtre à air moteur,4,26.67
CMD-000433,2025-12-28,Centre Auto Plus,ROT-015403,Disque de frein ventilé,5,107.88
CMD-000433,2025-12-28,Pneus & Mécanique Pro,ROT-007220,Disque de frein ventilé,7,116.26
CMD-000433,2025-12-28,Garage Tremblay,FLT-026010,Filtre à air moteur,5,32.68
CMD-000434,2026-03-18,Mécanique Rapide Inc.,SEN-013569,Capteur ABS,5,42.76
CMD-000435,2026-07-14,Centre Auto Plus,FLT-001618,Filtre à air moteur,1,29.58
CMD-000435,2026-07-14,Pneus & Mécanique Pro,FLT-029423,Filtre à air moteur,3,40.89
CMD-000435,2026-07-14,Garage Tremblay,BMP-006001,Pare-chocs AV primaire,5,264.54
CMD-000435,2026-07-14,Garage Tremblay,FLT-032536,Filtre à air moteur,8,26.71
CMD-000435,2026-07-14,Auto Clinic,RAD-008323,Radiateur refroidissement,5,225.29
CMD-000436,2026-05-23,Garage Tremblay,ROT-015403,Disque de frein ventilé,6,107.88
CMD-000437,2026-06-15,Pneus & Mécanique Pro,FUS-028100,Boîte fusibles relais,7,17.6
CMD-000437,2026-06-15,Centre Auto Plus,SEN-004309,Capteur ABS,7,41.19
CMD-000437,2026-06-15,Mécanique Rapide Inc.,ALT-008600,Alternateur 12V 140A,7,411.15
CMD-000437,2026-06-15,Centre Auto Plus,ROT-018669,Disque de frein ventilé,2,124.93
CMD-000438,2025-10-14,Centre Auto Plus,BRK-005978,Jeu plaquettes AV,7,65.1
CMD-000438,2025-10-14,Pneus & Mécanique Pro,BMP-037254,Pare-chocs AV primaire,3,283.13
CMD-000438,2025-10-14,Centre Auto Plus,SEN-034457,Capteur ABS,8,50.82
CMD-000438,2025-10-14,Carrosserie Moderne,RAD-013421,Radiateur refroidissement,7,153.6
CMD-000439,2026-03-01,Garage Royal,ROT-015403,Disque de frein ventilé,4,107.88
CMD-000439,2026-03-01,Atelier Mécanique 360,EXH-007271,Silencieux échappement,6,390.56
CMD-000440,2026-05-21,Garage Royal,RAD-035768,Radiateur refroidissement,3,177.87
CMD-000440,2026-05-21,Atelier Mécanique 360,BRK-006205,Jeu plaquettes AV,7,53.37
CMD-000441,2025-11-25,Centre Auto Plus,ROT-015403,Disque de frein ventilé,8,107.88
CMD-000441,2025-11-25,Garage Tremblay,EXH-007271,Silencieux échappement,3,390.56
CMD-000442,2025-12-27,Atelier Mécanique 360,FUS-028100,Boîte fusibles relais,8,17.6
CMD-000442,2025-12-27,Auto Clinic,SPK-025943,Bougie allumage iridium,8,22.81
CMD-000442,2025-12-27,Auto Clinic,ROT-015403,Disque de frein ventilé,6,107.88
CMD-000443,2026-01-04,Centre Auto Plus,ROT-015403,Disque de frein ventilé,3,107.88
CMD-000443,2026-01-04,Auto Clinic,ROT-007220,Disque de frein ventilé,6,116.26
CMD-000443,2026-01-04,Centre Auto Plus,FLT-026010,Filtre à air moteur,4,32.68
CMD-000444,2025-12-05,Auto-Réparation ABC,EXH-034377,Silencieux échappement,5,268.92
CMD-000444,2025-12-05,Atelier Mécanique 360,ROT-018008,Disque de frein ventilé,1,101.69
CMD-000444,2025-12-05,Garage Royal,SEN-031098,Capteur ABS,3,67.4
CMD-000444,2025-12-05,Centre Auto Plus,FLT-019590,Filtre à air moteur,4,19.27
CMD-000444,2025-12-05,Carrosserie Moderne,BRK-009718,Jeu plaquettes AV,8,49.14
CMD-000445,2026-05-08,Garage Royal,SPK-032001,Bougie allumage iridium,6,18.07
CMD-000446,2026-09-04,Auto Clinic,ROT-015403,Disque de frein ventilé,7,107.88
CMD-000446,2026-09-04,Auto-Réparation ABC,ROT-007220,Disque de frein ventilé,5,116.26
CMD-000446,2026-09-04,Mécanique Rapide Inc.,ALT-007061,Alternateur 12V 140A,2,289.42
CMD-000447,2026-08-26,Mécanique Rapide Inc.,FLT-031402,Filtre à air moteur,8,26.67
CMD-000447,2026-08-26,Centre Auto Plus,FUS-028100,Boîte fusibles relais,6,17.6
CMD-000448,2026-05-19,Garage du Centre,ALT-001778,Alternateur 12V 140A,1,242.99
CMD-000448,2026-05-19,Mécanique Rapide Inc.,BMP-048102,Pare-chocs AV primaire,8,212.63
CMD-000448,2026-05-19,Atelier Mécanique 360,ALT-007205,Alternateur 12V 140A,5,250.82
CMD-000448,2026-05-19,Auto-Réparation ABC,BRK-013237,Jeu plaquettes AV,7,53.16
CMD-000449,2026-05-25,Centre Auto Plus,FLT-042228,Filtre à air moteur,2,38.95
CMD-000449,2026-05-25,Atelier Mécanique 360,FUS-025154,Boîte fusibles relais,5,23.1
CMD-000449,2026-05-25,Auto Clinic,BRK-047004,Jeu plaquettes AV,6,91.9
CMD-000450,2026-02-23,Auto Clinic,FUS-028100,Boîte fusibles relais,7,17.6
CMD-000451,2026-01-01,Auto Clinic,ROT-006864,Disque de frein ventilé,8,105.15
CMD-000451,2026-01-01,Garage Royal,SPK-032001,Bougie allumage iridium,5,18.07
CMD-000451,2026-01-01,Pneus & Mécanique Pro,ROT-015403,Disque de frein ventilé,1,107.88
CMD-000451,2026-01-01,Auto Clinic,FUS-025154,Boîte fusibles relais,7,23.1
CMD-000451,2026-01-01,Garage Tremblay,FUS-019025,Boîte fusibles relais,4,16.14
CMD-000452,2026-04-01,Garage Royal,ROT-015403,Disque de frein ventilé,5,107.88
CMD-000453,2026-04-04,Atelier Mécanique 360,BLB-037992,Ampoule LED H7,3,27.13
CMD-000453,2026-04-04,Auto Clinic,ROT-015403,Disque de frein ventilé,3,107.88
CMD-000453,2026-04-04,Atelier Mécanique 360,ROT-014558,Disque de frein ventilé,5,191.2
CMD-000453,2026-04-04,Auto-Réparation ABC,ALT-001778,Alternateur 12V 140A,7,242.99
CMD-000454,2026-02-09,Centre Auto Plus,FUS-028100,Boîte fusibles relais,6,17.6
CMD-000454,2026-02-09,Carrosserie Moderne,FUS-025154,Boîte fusibles relais,7,23.1
CMD-000454,2026-02-09,Garage du Centre,FLT-011683,Filtre à air moteur,2,37.71
CMD-000455,2025-09-22,Pneus & Mécanique Pro,FUS-028100,Boîte fusibles relais,6,17.6
CMD-000455,2025-09-22,Garage Tremblay,ROT-018669,Disque de frein ventilé,8,124.93
CMD-000456,2026-08-19,Garage Tremblay,ROT-006864,Disque de frein ventilé,5,105.15
CMD-000457,2026-06-22,Garage Royal,FUS-026474,Boîte fusibles relais,4,18.89
CMD-000458,2025-11-27,Garage Royal,FUS-028100,Boîte fusibles relais,3,17.6
CMD-000458,2025-11-27,Mécanique Rapide Inc.,ALT-001778,Alternateur 12V 140A,8,242.99
CMD-000458,2025-11-27,Auto Clinic,ROT-015403,Disque de frein ventilé,6,107.88
CMD-000458,2025-11-27,Mécanique Rapide Inc.,ROT-025009,Disque de frein ventilé,4,157.96
CMD-000459,2026-06-30,Centre Auto Plus,FLT-033743,Filtre à air moteur,6,39.16
CMD-000460,2025-09-07,Centre Auto Plus,ROT-015403,Disque de frein ventilé,7,107.88
CMD-000460,2025-09-07,Atelier Mécanique 360,SPK-031992,Bougie allumage iridium,2,20.18
CMD-000460,2025-09-07,Garage Tremblay,EXH-007271,Silencieux échappement,5,390.56
CMD-000461,2025-09-11,Atelier Mécanique 360,SEN-045054,Capteur ABS,8,56.01
CMD-000461,2025-09-11,Pneus & Mécanique Pro,FUS-027893,Boîte fusibles relais,6,20.0
CMD-000461,2025-09-11,Garage du Centre,FLT-028324,Filtre à air moteur,5,18.75
CMD-000462,2026-06-27,Pneus & Mécanique Pro,ALT-000386,Alternateur 12V 140A,8,227.9
CMD-000462,2026-06-27,Auto-Réparation ABC,ROT-017022,Disque de frein ventilé,1,145.87
CMD-000462,2026-06-27,Pneus & Mécanique Pro,BRK-025898,Jeu plaquettes AV,1,75.12
CMD-000463,2025-11-28,Garage Royal,ALT-001778,Alternateur 12V 140A,3,242.99
CMD-000464,2026-02-27,Garage du Centre,ROT-006864,Disque de frein ventilé,8,105.15
CMD-000464,2026-02-27,Carrosserie Moderne,SPK-047981,Bougie allumage iridium,4,24.04
CMD-000465,2026-06-01,Atelier Mécanique 360,FLT-040963,Filtre à air moteur,7,23.2
CMD-000465,2026-06-01,Atelier Mécanique 360,SEN-003185,Capteur ABS,4,59.42
CMD-000465,2026-06-01,Mécanique Rapide Inc.,BMP-006087,Pare-chocs AV primaire,7,519.77
CMD-000465,2026-06-01,Centre Auto Plus,STR-037922,Jambe de force suspension,7,181.79
CMD-000465,2026-06-01,Centre Auto Plus,SEN-026048,Capteur ABS,8,61.18
CMD-000466,2026-01-08,Auto-Réparation ABC,SEN-026048,Capteur ABS,3,61.18
CMD-000466,2026-01-08,Mécanique Rapide Inc.,BRK-047004,Jeu plaquettes AV,6,91.9
CMD-000467,2025-10-19,Garage du Centre,ROT-015403,Disque de frein ventilé,2,107.88
CMD-000467,2025-10-19,Centre Auto Plus,ROT-007220,Disque de frein ventilé,2,116.26
CMD-000467,2025-10-19,Auto Clinic,ALT-007061,Alternateur 12V 140A,8,289.42
CMD-000468,2025-12-19,Auto-Réparation ABC,RAD-042341,Radiateur refroidissement,7,227.46
CMD-000469,2026-09-01,Carrosserie Moderne,FUS-037465,Boîte fusibles relais,1,13.4
CMD-000470,2026-03-24,Mécanique Rapide Inc.,BLB-037992,Ampoule LED H7,5,27.13
CMD-000470,2026-03-24,Garage du Centre,STR-047020,Jambe de force suspension,2,143.22
CMD-000470,2026-03-24,Garage Royal,FLT-044878,Filtre à air moteur,1,36.42
CMD-000470,2026-03-24,Garage Royal,RAD-049573,Radiateur refroidissement,4,215.12
CMD-000471,2025-09-24,Carrosserie Moderne,FUS-016622,Boîte fusibles relais,4,18.49
CMD-000471,2025-09-24,Pneus & Mécanique Pro,ROT-006864,Disque de frein ventilé,3,105.15
CMD-000471,2025-09-24,Garage du Centre,BRK-003411,Jeu plaquettes AV,1,78.75
CMD-000472,2026-05-17,Centre Auto Plus,SEN-013569,Capteur ABS,5,42.76
CMD-000472,2026-05-17,Centre Auto Plus,FUS-013874,Boîte fusibles relais,3,19.21
CMD-000472,2026-05-17,Garage du Centre,BRK-014503,Jeu plaquettes AV,8,88.03
CMD-000472,2026-05-17,Garage du Centre,SPK-017734,Bougie allumage iridium,6,20.39
CMD-000472,2026-05-17,Pneus & Mécanique Pro,ALT-023526,Alternateur 12V 140A,3,300.63
CMD-000473,2026-01-16,Auto-Réparation ABC,ALT-001778,Alternateur 12V 140A,2,242.99
CMD-000473,2026-01-16,Garage du Centre,SEN-002690,Capteur ABS,6,49.02
CMD-000473,2026-01-16,Pneus & Mécanique Pro,ALT-007205,Alternateur 12V 140A,2,250.82
CMD-000473,2026-01-16,Pneus & Mécanique Pro,BRK-013237,Jeu plaquettes AV,2,53.16
CMD-000473,2026-01-16,Garage Tremblay,BMP-048102,Pare-chocs AV primaire,1,212.63
CMD-000474,2026-02-16,Centre Auto Plus,SPK-013663,Bougie allumage iridium,6,30.57
CMD-000474,2026-02-16,Pneus & Mécanique Pro,ALT-006276,Alternateur 12V 140A,6,220.23
CMD-000475,2025-12-29,Pneus & Mécanique Pro,ROT-015403,Disque de frein ventilé,1,107.88
CMD-000475,2025-12-29,Auto-Réparation ABC,EXH-007271,Silencieux échappement,1,390.56
CMD-000475,2025-12-29,Centre Auto Plus,FLT-026010,Filtre à air moteur,4,32.68
CMD-000475,2025-12-29,Mécanique Rapide Inc.,SPK-031992,Bougie allumage iridium,4,20.18
CMD-000476,2026-04-04,Atelier Mécanique 360,RAD-042341,Radiateur refroidissement,4,227.46
CMD-000476,2026-04-04,Garage Tremblay,BRK-038495,Jeu plaquettes AV,6,72.46
CMD-000476,2026-04-04,Atelier Mécanique 360,SEN-049426,Capteur ABS,2,58.54
CMD-000476,2026-04-04,Centre Auto Plus,ALT-036410,Alternateur 12V 140A,2,244.03
CMD-000476,2026-04-04,Auto Clinic,BRK-002545,Jeu plaquettes AV,1,48.87
CMD-000477,2026-01-01,Auto Clinic,ROT-006864,Disque de frein ventilé,8,105.15
CMD-000477,2026-01-01,Atelier Mécanique 360,FUS-016622,Boîte fusibles relais,2,18.49
CMD-000478,2025-12-22,Pneus & Mécanique Pro,BLB-037992,Ampoule LED H7,7,27.13
CMD-000478,2025-12-22,Centre Auto Plus,BRK-039296,Jeu plaquettes AV,6,70.01
CMD-000478,2025-12-22,Atelier Mécanique 360,RAD-049573,Radiateur refroidissement,7,215.12
CMD-000478,2025-12-22,Garage Tremblay,STR-047020,Jambe de force suspension,4,143.22
CMD-000478,2025-12-22,Auto Clinic,ALT-035681,Alternateur 12V 140A,5,394.53
CMD-000479,2025-12-25,Atelier Mécanique 360,ROT-015403,Disque de frein ventilé,1,107.88
CMD-000479,2025-12-25,Mécanique Rapide Inc.,ROT-007220,Disque de frein ventilé,7,116.26
CMD-000479,2025-12-25,Carrosserie Moderne,ALT-007061,Alternateur 12V 140A,5,289.42
CMD-000480,2025-09-09,Carrosserie Moderne,SEN-031098,Capteur ABS,7,67.4
CMD-000481,2026-03-09,Auto-Réparation ABC,ALT-021132,Alternateur 12V 140A,6,376.48
CMD-000481,2026-03-09,Atelier Mécanique 360,FUS-026474,Boîte fusibles relais,6,18.89
CMD-000481,2026-03-09,Garage du Centre,SEN-038683,Capteur ABS,8,70.76
CMD-000482,2026-05-13,Auto Clinic,FLT-011683,Filtre à air moteur,1,37.71
CMD-000482,2026-05-13,Atelier Mécanique 360,SEN-002386,Capteur ABS,8,37.38
CMD-000482,2026-05-13,Auto-Réparation ABC,BRK-006205,Jeu plaquettes AV,1,53.37
CMD-000483,2025-10-22,Mécanique Rapide Inc.,FUS-028100,Boîte fusibles relais,3,17.6
CMD-000483,2025-10-22,Centre Auto Plus,FLT-031402,Filtre à air moteur,5,26.67
CMD-000484,2026-03-06,Mécanique Rapide Inc.,FUS-019025,Boîte fusibles relais,4,16.14
CMD-000484,2026-03-06,Auto-Réparation ABC,SEN-002690,Capteur ABS,4,49.02
CMD-000485,2026-06-04,Centre Auto Plus,FUS-028100,Boîte fusibles relais,8,17.6
CMD-000486,2026-08-13,Garage Tremblay,ALT-001778,Alternateur 12V 140A,3,242.99
CMD-000486,2026-08-13,Auto Clinic,ALT-007205,Alternateur 12V 140A,3,250.82
CMD-000486,2026-08-13,Carrosserie Moderne,FUS-019025,Boîte fusibles relais,4,16.14
CMD-000486,2026-08-13,Carrosserie Moderne,SEN-002690,Capteur ABS,8,49.02
CMD-000486,2026-08-13,Garage Royal,BMP-048102,Pare-chocs AV primaire,4,212.63
CMD-000487,2025-10-02,Atelier Mécanique 360,ALT-001778,Alternateur 12V 140A,4,242.99
CMD-000487,2025-10-02,Garage Tremblay,SEN-002690,Capteur ABS,8,49.02
CMD-000487,2025-10-02,Garage Royal,BMP-048102,Pare-chocs AV primaire,5,212.63
CMD-000487,2025-10-02,Centre Auto Plus,ALT-007205,Alternateur 12V 140A,2,250.82
CMD-000487,2025-10-02,Pneus & Mécanique Pro,FUS-019025,Boîte fusibles relais,1,16.14
CMD-000488,2025-09-06,Pneus & Mécanique Pro,FLT-040963,Filtre à air moteur,1,23.2
CMD-000488,2025-09-06,Auto-Réparation ABC,BMP-006087,Pare-chocs AV primaire,4,519.77
CMD-000488,2025-09-06,Mécanique Rapide Inc.,STR-037922,Jambe de force suspension,3,181.79
CMD-000488,2025-09-06,Pneus & Mécanique Pro,SEN-026048,Capteur ABS,4,61.18
CMD-000488,2025-09-06,Centre Auto Plus,SEN-003185,Capteur ABS,3,59.42
CMD-000489,2026-02-27,Atelier Mécanique 360,ROT-015403,Disque de frein ventilé,2,107.88
CMD-000489,2026-02-27,Auto Clinic,FLT-040963,Filtre à air moteur,5,23.2
CMD-000489,2026-02-27,Mécanique Rapide Inc.,FUS-028100,Boîte fusibles relais,5,17.6
CMD-000490,2025-10-01,Mécanique Rapide Inc.,RAD-006901,Radiateur refroidissement,1,215.86
CMD-000490,2025-10-01,Auto Clinic,ALT-047362,Alternateur 12V 140A,3,328.64
CMD-000490,2025-10-01,Mécanique Rapide Inc.,BRK-005978,Jeu plaquettes AV,6,65.1
CMD-000490,2025-10-01,Mécanique Rapide Inc.,BMP-037254,Pare-chocs AV primaire,5,283.13
CMD-000491,2025-09-14,Mécanique Rapide Inc.,FLT-033743,Filtre à air moteur,5,39.16
CMD-000491,2025-09-14,Garage Tremblay,ALT-001078,Alternateur 12V 140A,7,235.28
CMD-000491,2025-09-14,Garage du Centre,BMP-019552,Pare-chocs AV primaire,5,368.75
CMD-000492,2026-05-14,Auto-Réparation ABC,BMP-031963,Pare-chocs AV primaire,7,274.27
CMD-000493,2026-04-17,Centre Auto Plus,ROT-015403,Disque de frein ventilé,7,107.88
CMD-000493,2026-04-17,Centre Auto Plus,FUS-028100,Boîte fusibles relais,6,17.6
CMD-000494,2026-02-06,Garage du Centre,RAD-008323,Radiateur refroidissement,3,225.29
CMD-000494,2026-02-06,Garage Royal,BRK-000665,Jeu plaquettes AV,2,57.77
CMD-000494,2026-02-06,Carrosserie Moderne,FLT-029423,Filtre à air moteur,2,40.89
CMD-000494,2026-02-06,Auto Clinic,BMP-006001,Pare-chocs AV primaire,1,264.54
CMD-000494,2026-02-06,Auto Clinic,FLT-001618,Filtre à air moteur,8,29.58
CMD-000495,2025-09-23,Auto Clinic,FUS-028100,Boîte fusibles relais,3,17.6
CMD-000496,2026-03-13,Auto-Réparation ABC,FLT-017708,Filtre à air moteur,7,29.61
CMD-000496,2026-03-13,Garage Royal,RAD-048210,Radiateur refroidissement,6,295.99
CMD-000496,2026-03-13,Garage Royal,RAD-011310,Radiateur refroidissement,5,240.6
CMD-000496,2026-03-13,Centre Auto Plus,ROT-014715,Disque de frein ventilé,7,133.08
CMD-000497,2025-11-20,Garage du Centre,SEN-003185,Capteur ABS,1,59.42
CMD-000497,2025-11-20,Carrosserie Moderne,ROT-017022,Disque de frein ventilé,3,145.87
CMD-000497,2025-11-20,Auto Clinic,BRK-017720,Jeu plaquettes AV,1,85.77
CMD-000497,2025-11-20,Garage Tremblay,SPK-043295,Bougie allumage iridium,3,13.79
CMD-000497,2025-11-20,Pneus & Mécanique Pro,RAD-008323,Radiateur refroidissement,5,225.29
CMD-000498,2026-05-23,Centre Auto Plus,FUS-025154,Boîte fusibles relais,3,23.1
CMD-000498,2026-05-23,Auto-Réparation ABC,RAD-011217,Radiateur refroidissement,2,217.88
CMD-000498,2026-05-23,Pneus & Mécanique Pro,RAD-035768,Radiateur refroidissement,8,177.87
CMD-000498,2026-05-23,Carrosserie Moderne,EXH-049698,Silencieux échappement,1,345.09
CMD-000498,2026-05-23,Garage Royal,ALT-002471,Alternateur 12V 140A,6,269.92
CMD-000499,2026-03-23,Carrosserie Moderne,ROT-031547,Disque de frein ventilé,7,189.51
CMD-000499,2026-03-23,Garage Royal,ALT-037590,Alternateur 12V 140A,8,461.54
CMD-000500,2026-02-11,Centre Auto Plus,ROT-006864,Disque de frein ventilé,7,105.15
CMD-000500,2026-02-11,Carrosserie Moderne,SPK-047981,Bougie allumage iridium,7,24.04
CMD-000500,2026-02-11,Mécanique Rapide Inc.,BRK-003411,Jeu plaquettes AV,3,78.75
CMD-000500,2026-02-11,Carrosserie Moderne,BLB-040946,Ampoule LED H7,7,29.33
CMD-000501,2026-01-04,Centre Auto Plus,ROT-015403,Disque de frein ventilé,8,107.88
CMD-000501,2026-01-04,Pneus & Mécanique Pro,SPK-031992,Bougie allumage iridium,4,20.18
CMD-000501,2026-01-04,Pneus & Mécanique Pro,ROT-007220,Disque de frein ventilé,1,116.26
CMD-000501,2026-01-04,Garage Tremblay,EXH-007271,Silencieux échappement,7,390.56
CMD-000502,2026-04-18,Auto Clinic,ROT-015403,Disque de frein ventilé,8,107.88
CMD-000502,2026-04-18,Carrosserie Moderne,SEN-013569,Capteur ABS,8,42.76
CMD-000502,2026-04-18,Atelier Mécanique 360,RAD-011310,Radiateur refroidissement,2,240.6
CMD-000502,2026-04-18,Mécanique Rapide Inc.,ALT-043817,Alternateur 12V 140A,1,318.1
CMD-000502,2026-04-18,Pneus & Mécanique Pro,ALT-001778,Alternateur 12V 140A,3,242.99
CMD-000503,2026-01-25,Garage Tremblay,ROT-015403,Disque de frein ventilé,7,107.88
CMD-000504,2026-03-20,Centre Auto Plus,ROT-015403,Disque de frein ventilé,4,107.88
CMD-000504,2026-03-20,Garage Tremblay,ROT-007220,Disque de frein ventilé,3,116.26
CMD-000504,2026-03-20,Centre Auto Plus,EXH-007271,Silencieux échappement,3,390.56
CMD-000504,2026-03-20,Garage du Centre,FLT-026010,Filtre à air moteur,2,32.68
CMD-000505,2026-03-11,Garage Tremblay,FLT-011683,Filtre à air moteur,6,37.71
CMD-000505,2026-03-11,Mécanique Rapide Inc.,BRK-043609,Jeu plaquettes AV,7,47.15
CMD-000505,2026-03-11,Garage du Centre,BRK-042035,Jeu plaquettes AV,4,57.16
CMD-000506,2026-08-23,Auto Clinic,ROT-015403,Disque de frein ventilé,1,107.88
CMD-000506,2026-08-23,Mécanique Rapide Inc.,FLT-026010,Filtre à air moteur,6,32.68
CMD-000506,2026-08-23,Garage du Centre,EXH-007271,Silencieux échappement,5,390.56
CMD-000506,2026-08-23,Centre Auto Plus,SPK-031992,Bougie allumage iridium,3,20.18
CMD-000506,2026-08-23,Atelier Mécanique 360,ROT-007220,Disque de frein ventilé,7,116.26
CMD-000507,2025-11-18,Garage Royal,SEN-002386,Capteur ABS,1,37.38
CMD-000508,2025-09-20,Garage du Centre,FUS-028100,Boîte fusibles relais,2,17.6
CMD-000508,2025-09-20,Carrosserie Moderne,ROT-018669,Disque de frein ventilé,4,124.93
CMD-000508,2025-09-20,Pneus & Mécanique Pro,FLT-009287,Filtre à air moteur,2,36.05
CMD-000508,2025-09-20,Centre Auto Plus,SEN-004309,Capteur ABS,8,41.19
CMD-000509,2026-02-07,Garage Royal,ROT-015403,Disque de frein ventilé,3,107.88
CMD-000509,2026-02-07,Auto-Réparation ABC,ALT-007061,Alternateur 12V 140A,6,289.42
CMD-000509,2026-02-07,Carrosserie Moderne,SPK-031992,Bougie allumage iridium,7,20.18
CMD-000510,2025-10-31,Auto Clinic,ROT-015403,Disque de frein ventilé,4,107.88
CMD-000511,2025-12-24,Auto-Réparation ABC,FUS-028100,Boîte fusibles relais,4,17.6
CMD-000511,2025-12-24,Centre Auto Plus,FLT-009287,Filtre à air moteur,8,36.05
CMD-000512,2026-08-22,Auto Clinic,FLT-040963,Filtre à air moteur,8,23.2
CMD-000512,2026-08-22,Centre Auto Plus,ROT-047623,Disque de frein ventilé,4,191.56
CMD-000512,2026-08-22,Garage du Centre,SEN-026048,Capteur ABS,7,61.18
CMD-000512,2026-08-22,Carrosserie Moderne,BMP-006087,Pare-chocs AV primaire,4,519.77
CMD-000512,2026-08-22,Auto Clinic,SEN-003185,Capteur ABS,2,59.42
CMD-000513,2026-06-29,Auto-Réparation ABC,ALT-027632,Alternateur 12V 140A,2,313.91
CMD-000513,2026-06-29,Mécanique Rapide Inc.,BRK-017720,Jeu plaquettes AV,5,85.77
CMD-000513,2026-06-29,Auto-Réparation ABC,ALT-007061,Alternateur 12V 140A,1,289.42
CMD-000513,2026-06-29,Auto-Réparation ABC,FUS-028100,Boîte fusibles relais,4,17.6
CMD-000513,2026-06-29,Carrosserie Moderne,ROT-015403,Disque de frein ventilé,7,107.88
CMD-000514,2026-03-07,Garage Royal,FLT-011683,Filtre à air moteur,4,37.71
CMD-000515,2026-05-30,Pneus & Mécanique Pro,ROT-015403,Disque de frein ventilé,1,107.88
CMD-000515,2026-05-30,Garage Tremblay,SEN-006021,Capteur ABS,5,31.48
CMD-000515,2026-05-30,Carrosserie Moderne,ROT-006864,Disque de frein ventilé,2,105.15
CMD-000515,2026-05-30,Centre Auto Plus,FUS-025154,Boîte fusibles relais,1,23.1
CMD-000515,2026-05-30,Centre Auto Plus,BLB-037992,Ampoule LED H7,8,27.13
CMD-000516,2025-10-18,Auto-Réparation ABC,RAD-038113,Radiateur refroidissement,8,210.9
CMD-000516,2025-10-18,Mécanique Rapide Inc.,FUS-040638,Boîte fusibles relais,6,8.95
CMD-000516,2025-10-18,Garage du Centre,BMP-019552,Pare-chocs AV primaire,1,368.75
CMD-000516,2025-10-18,Atelier Mécanique 360,FUS-016622,Boîte fusibles relais,1,18.49
CMD-000517,2026-07-02,Atelier Mécanique 360,ROT-015403,Disque de frein ventilé,6,107.88
CMD-000517,2026-07-02,Mécanique Rapide Inc.,ALT-047362,Alternateur 12V 140A,4,328.64
CMD-000518,2025-12-10,Auto Clinic,SEN-006132,Capteur ABS,2,40.66
CMD-000518,2025-12-10,Garage du Centre,ALT-013343,Alternateur 12V 140A,3,241.48
CMD-000518,2025-12-10,Garage du Centre,BRK-035690,Jeu plaquettes AV,7,85.62
CMD-000518,2025-12-10,Auto Clinic,ROT-002797,Disque de frein ventilé,2,141.62
CMD-000519,2026-04-16,Auto Clinic,FLT-011683,Filtre à air moteur,6,37.71
CMD-000519,2026-04-16,Garage du Centre,ALT-040335,Alternateur 12V 140A,2,368.08
CMD-000520,2026-07-27,Atelier Mécanique 360,BRK-048883,Jeu plaquettes AV,7,89.97
CMD-000520,2026-07-27,Centre Auto Plus,SPK-043767,Bougie allumage iridium,4,15.6
CMD-000520,2026-07-27,Carrosserie Moderne,ROT-043334,Disque de frein ventilé,4,133.36
CMD-000521,2025-10-28,Carrosserie Moderne,ROT-006864,Disque de frein ventilé,5,105.15
CMD-000522,2025-10-28,Mécanique Rapide Inc.,FUS-028100,Boîte fusibles relais,6,17.6
CMD-000523,2026-06-24,Atelier Mécanique 360,BRK-017720,Jeu plaquettes AV,3,85.77
CMD-000524,2026-07-23,Garage du Centre,ROT-015403,Disque de frein ventilé,6,107.88
CMD-000524,2026-07-23,Garage Tremblay,EXH-034377,Silencieux échappement,5,268.92
CMD-000524,2026-07-23,Auto Clinic,FLT-040963,Filtre à air moteur,6,23.2
CMD-000524,2026-07-23,Auto-Réparation ABC,BRK-002545,Jeu plaquettes AV,8,48.87
CMD-000525,2025-11-08,Mécanique Rapide Inc.,BRK-017720,Jeu plaquettes AV,3,85.77
CMD-000525,2025-11-08,Garage du Centre,BRK-008094,Jeu plaquettes AV,8,95.24
CMD-000525,2025-11-08,Garage Royal,BRK-048251,Jeu plaquettes AV,5,89.61
CMD-000526,2025-10-26,Atelier Mécanique 360,FLT-034378,Filtre à air moteur,8,20.46
CMD-000526,2025-10-26,Pneus & Mécanique Pro,FLT-042719,Filtre à air moteur,8,21.49
CMD-000527,2025-10-27,Atelier Mécanique 360,SEN-002386,Capteur ABS,1,37.38
CMD-000527,2025-10-27,Garage du Centre,SPK-033608,Bougie allumage iridium,3,17.65
CMD-000527,2025-10-27,Mécanique Rapide Inc.,FLT-040963,Filtre à air moteur,7,23.2
CMD-000527,2025-10-27,Atelier Mécanique 360,ROT-015403,Disque de frein ventilé,8,107.88
CMD-000528,2026-03-23,Auto-Réparation ABC,FUS-028100,Boîte fusibles relais,3,17.6
CMD-000528,2026-03-23,Garage Tremblay,ROT-015403,Disque de frein ventilé,2,107.88
CMD-000528,2026-03-23,Centre Auto Plus,FUS-025154,Boîte fusibles relais,6,23.1
CMD-000529,2026-09-05,Centre Auto Plus,BLB-037992,Ampoule LED H7,4,27.13
CMD-000529,2026-09-05,Garage Royal,ALT-035681,Alternateur 12V 140A,1,394.53
CMD-000529,2026-09-05,Centre Auto Plus,STR-047020,Jambe de force suspension,8,143.22
CMD-000529,2026-09-05,Atelier Mécanique 360,FLT-044878,Filtre à air moteur,5,36.42
CMD-000529,2026-09-05,Garage Tremblay,BRK-039296,Jeu plaquettes AV,2,70.01
CMD-000530,2026-03-19,Garage Tremblay,BMP-031963,Pare-chocs AV primaire,6,274.27
CMD-000530,2026-03-19,Centre Auto Plus,FLT-026629,Filtre à air moteur,3,21.34
CMD-000531,2026-08-02,Atelier Mécanique 360,SEN-006021,Capteur ABS,7,31.48
CMD-000531,2026-08-02,Garage du Centre,ALT-033658,Alternateur 12V 140A,5,254.43
CMD-000531,2026-08-02,Garage du Centre,ALT-010069,Alternateur 12V 140A,2,284.46
CMD-000532,2025-09-26,Auto Clinic,FLT-011683,Filtre à air moteur,4,37.71
CMD-000532,2025-09-26,Garage Royal,FUS-028100,Boîte fusibles relais,7,17.6
CMD-000532,2025-09-26,Garage Tremblay,FUS-026474,Boîte fusibles relais,3,18.89
CMD-000532,2025-09-26,Carrosserie Moderne,EXH-034377,Silencieux échappement,1,268.92
CMD-000533,2026-07-11,Centre Auto Plus,ROT-015403,Disque de frein ventilé,6,107.88
CMD-000533,2026-07-11,Auto Clinic,ALT-007996,Alternateur 12V 140A,8,220.97
CMD-000533,2026-07-11,Auto-Réparation ABC,RAD-008323,Radiateur refroidissement,6,225.29
CMD-000534,2026-07-12,Centre Auto Plus,FUS-025154,Boîte fusibles relais,4,23.1
CMD-000534,2026-07-12,Atelier Mécanique 360,FUS-037574,Boîte fusibles relais,7,22.82
CMD-000534,2026-07-12,Garage Royal,ROT-015403,Disque de frein ventilé,5,107.88
CMD-000534,2026-07-12,Centre Auto Plus,BLB-020402,Ampoule LED H7,5,19.04
CMD-000535,2026-06-17,Mécanique Rapide Inc.,FUS-025154,Boîte fusibles relais,8,23.1
CMD-000535,2026-06-17,Auto-Réparation ABC,ALT-002471,Alternateur 12V 140A,1,269.92
CMD-000535,2026-06-17,Atelier Mécanique 360,RAD-011217,Radiateur refroidissement,1,217.88
CMD-000535,2026-06-17,Pneus & Mécanique Pro,RAD-035768,Radiateur refroidissement,3,177.87
CMD-000536,2026-07-19,Mécanique Rapide Inc.,SEN-006021,Capteur ABS,2,31.48
CMD-000537,2026-01-24,Mécanique Rapide Inc.,FUS-026474,Boîte fusibles relais,1,18.89
CMD-000537,2026-01-24,Pneus & Mécanique Pro,BRK-017720,Jeu plaquettes AV,8,85.77
CMD-000537,2026-01-24,Auto Clinic,FUS-025154,Boîte fusibles relais,4,23.1
CMD-000537,2026-01-24,Auto-Réparation ABC,BLB-037992,Ampoule LED H7,3,27.13
CMD-000538,2026-07-12,Auto Clinic,RAD-008323,Radiateur refroidissement,3,225.29
CMD-000539,2025-09-17,Carrosserie Moderne,FUS-025154,Boîte fusibles relais,4,23.1
CMD-000539,2025-09-17,Carrosserie Moderne,ALT-002471,Alternateur 12V 140A,1,269.92
CMD-000539,2025-09-17,Atelier Mécanique 360,EXH-049698,Silencieux échappement,2,345.09
CMD-000540,2025-12-25,Centre Auto Plus,BRK-006205,Jeu plaquettes AV,4,53.37
CMD-000541,2026-04-19,Atelier Mécanique 360,SEN-046955,Capteur ABS,3,35.73
CMD-000541,2026-04-19,Garage Tremblay,ROT-034002,Disque de frein ventilé,1,177.99
CMD-000541,2026-04-19,Auto Clinic,BRK-006205,Jeu plaquettes AV,6,53.37
CMD-000541,2026-04-19,Garage du Centre,BRK-037405,Jeu plaquettes AV,1,45.88
CMD-000542,2025-10-17,Carrosserie Moderne,FUS-028100,Boîte fusibles relais,6,17.6
CMD-000542,2025-10-17,Garage du Centre,ROT-015403,Disque de frein ventilé,2,107.88
CMD-000542,2025-10-17,Auto Clinic,ROT-021710,Disque de frein ventilé,3,128.69
CMD-000543,2026-02-08,Carrosserie Moderne,ALT-001778,Alternateur 12V 140A,4,242.99
CMD-000543,2026-02-08,Mécanique Rapide Inc.,BRK-032885,Jeu plaquettes AV,5,54.07
CMD-000543,2026-02-08,Carrosserie Moderne,FUS-026474,Boîte fusibles relais,1,18.89
CMD-000543,2026-02-08,Garage Tremblay,ROT-015403,Disque de frein ventilé,3,107.88
CMD-000543,2026-02-08,Auto-Réparation ABC,BRK-047004,Jeu plaquettes AV,3,91.9
CMD-000544,2025-10-01,Mécanique Rapide Inc.,FUS-028100,Boîte fusibles relais,5,17.6
CMD-000544,2025-10-01,Carrosserie Moderne,SEN-004309,Capteur ABS,1,41.19
CMD-000545,2025-11-09,Centre Auto Plus,FUS-028100,Boîte fusibles relais,7,17.6
CMD-000545,2025-11-09,Pneus & Mécanique Pro,SEN-004309,Capteur ABS,2,41.19
CMD-000545,2025-11-09,Atelier Mécanique 360,ROT-018669,Disque de frein ventilé,6,124.93
CMD-000545,2025-11-09,Auto Clinic,FLT-009287,Filtre à air moteur,5,36.05
CMD-000545,2025-11-09,Centre Auto Plus,ALT-008600,Alternateur 12V 140A,7,411.15
CMD-000546,2026-07-14,Auto-Réparation ABC,ROT-015403,Disque de frein ventilé,4,107.88
CMD-000546,2026-07-14,Carrosserie Moderne,BRK-017720,Jeu plaquettes AV,5,85.77
CMD-000547,2026-07-09,Mécanique Rapide Inc.,RAD-013421,Radiateur refroidissement,2,153.6
CMD-000547,2026-07-09,Garage Tremblay,FLT-040963,Filtre à air moteur,4,23.2
CMD-000548,2026-05-08,Centre Auto Plus,FLT-040963,Filtre à air moteur,8,23.2
CMD-000548,2026-05-08,Auto-Réparation ABC,ROT-007220,Disque de frein ventilé,2,116.26
CMD-000548,2026-05-08,Pneus & Mécanique Pro,ALT-002471,Alternateur 12V 140A,3,269.92
CMD-000548,2026-05-08,Pneus & Mécanique Pro,BLB-037992,Ampoule LED H7,7,27.13
CMD-000548,2026-05-08,Pneus & Mécanique Pro,FUS-025154,Boîte fusibles relais,8,23.1
CMD-000549,2026-05-20,Garage Tremblay,FUS-025154,Boîte fusibles relais,1,23.1
CMD-000550,2026-06-09,Garage du Centre,SPK-043767,Bougie allumage iridium,3,15.6
CMD-000551,2026-07-30,Garage du Centre,ROT-015403,Disque de frein ventilé,4,107.88
CMD-000551,2026-07-30,Auto-Réparation ABC,FUS-016622,Boîte fusibles relais,3,18.49
CMD-000551,2026-07-30,Mécanique Rapide Inc.,SEN-015192,Capteur ABS,1,38.69
CMD-000552,2026-04-01,Atelier Mécanique 360,SEN-002386,Capteur ABS,3,37.38
CMD-000553,2026-02-11,Centre Auto Plus,ROT-015403,Disque de frein ventilé,5,107.88
CMD-000553,2026-02-11,Carrosserie Moderne,ROT-007220,Disque de frein ventilé,4,116.26
CMD-000554,2026-03-29,Mécanique Rapide Inc.,BRK-017720,Jeu plaquettes AV,6,85.77
CMD-000555,2026-04-29,Mécanique Rapide Inc.,FUS-039684,Boîte fusibles relais,1,14.91
CMD-000556,2026-08-03,Garage Tremblay,BRK-017720,Jeu plaquettes AV,4,85.77
CMD-000556,2026-08-03,Mécanique Rapide Inc.,ROT-015403,Disque de frein ventilé,6,107.88
CMD-000557,2025-11-16,Mécanique Rapide Inc.,ROT-047623,Disque de frein ventilé,7,191.56
CMD-000558,2026-07-08,Garage du Centre,ALT-008600,Alternateur 12V 140A,8,411.15
CMD-000558,2026-07-08,Pneus & Mécanique Pro,FLT-009287,Filtre à air moteur,8,36.05
CMD-000558,2026-07-08,Atelier Mécanique 360,ROT-018669,Disque de frein ventilé,8,124.93
CMD-000558,2026-07-08,Garage Tremblay,FLT-031402,Filtre à air moteur,5,26.67
CMD-000558,2026-07-08,Garage Royal,FUS-028100,Boîte fusibles relais,1,17.6
CMD-000559,2025-10-25,Atelier Mécanique 360,SEN-006021,Capteur ABS,8,31.48
CMD-000559,2025-10-25,Auto-Réparation ABC,FUS-021849,Boîte fusibles relais,2,14.18
CMD-000559,2025-10-25,Garage Tremblay,FLT-010535,Filtre à air moteur,7,15.65
CMD-000559,2025-10-25,Auto Clinic,FUS-003395,Boîte fusibles relais,2,17.5
CMD-000559,2025-10-25,Garage du Centre,ALT-011421,Alternateur 12V 140A,3,394.92
CMD-000560,2025-10-16,Centre Auto Plus,FUS-026474,Boîte fusibles relais,6,18.89
CMD-000560,2025-10-16,Pneus & Mécanique Pro,ALT-021132,Alternateur 12V 140A,2,376.48
CMD-000560,2025-10-16,Garage Royal,BRK-001937,Jeu plaquettes AV,2,88.96
CMD-000561,2026-06-22,Auto Clinic,FUS-028100,Boîte fusibles relais,6,17.6
CMD-000562,2026-02-09,Garage du Centre,ROT-015403,Disque de frein ventilé,1,107.88
CMD-000562,2026-02-09,Atelier Mécanique 360,FLT-028324,Filtre à air moteur,4,18.75
CMD-000562,2026-02-09,Centre Auto Plus,FLT-033743,Filtre à air moteur,1,39.16
CMD-000562,2026-02-09,Garage Royal,BLB-020402,Ampoule LED H7,2,19.04
CMD-000562,2026-02-09,Auto-Réparation ABC,ROT-021710,Disque de frein ventilé,6,128.69
CMD-000563,2026-08-15,Garage Royal,BLB-028682,Ampoule LED H7,6,36.03
CMD-000563,2026-08-15,Atelier Mécanique 360,FLT-012359,Filtre à air moteur,3,36.15
CMD-000563,2026-08-15,Auto-Réparation ABC,ALT-021132,Alternateur 12V 140A,3,376.48
CMD-000563,2026-08-15,Garage Tremblay,BRK-001937,Jeu plaquettes AV,2,88.96
CMD-000563,2026-08-15,Auto Clinic,SEN-038683,Capteur ABS,7,70.76
CMD-000564,2026-08-06,Atelier Mécanique 360,ROT-015403,Disque de frein ventilé,1,107.88
CMD-000565,2025-11-28,Garage Tremblay,BRK-017720,Jeu plaquettes AV,8,85.77
CMD-000565,2025-11-28,Centre Auto Plus,ROT-015403,Disque de frein ventilé,1,107.88
CMD-000566,2026-05-03,Auto-Réparation ABC,FUS-028100,Boîte fusibles relais,6,17.6
CMD-000566,2026-05-03,Centre Auto Plus,ROT-018669,Disque de frein ventilé,5,124.93
CMD-000566,2026-05-03,Garage du Centre,FLT-031402,Filtre à air moteur,6,26.67
CMD-000567,2025-10-07,Pneus & Mécanique Pro,ROT-015403,Disque de frein ventilé,1,107.88
CMD-000567,2025-10-07,Garage Royal,SPK-031992,Bougie allumage iridium,7,20.18
CMD-000568,2026-07-30,Auto-Réparation ABC,ROT-015403,Disque de frein ventilé,6,107.88
CMD-000568,2026-07-30,Garage du Centre,SPK-031992,Bougie allumage iridium,5,20.18
CMD-000568,2026-07-30,Mécanique Rapide Inc.,EXH-007271,Silencieux échappement,8,390.56
CMD-000568,2026-07-30,Garage du Centre,FLT-026010,Filtre à air moteur,6,32.68
CMD-000568,2026-07-30,Garage du Centre,ROT-007220,Disque de frein ventilé,3,116.26
CMD-000569,2025-11-10,Mécanique Rapide Inc.,FUS-026474,Boîte fusibles relais,4,18.89
CMD-000569,2025-11-10,Atelier Mécanique 360,FUS-028100,Boîte fusibles relais,2,17.6
CMD-000570,2026-02-21,Atelier Mécanique 360,ALT-001778,Alternateur 12V 140A,7,242.99
CMD-000570,2026-02-21,Centre Auto Plus,BRK-013237,Jeu plaquettes AV,6,53.16
CMD-000571,2026-01-04,Auto Clinic,BRK-047004,Jeu plaquettes AV,2,91.9
CMD-000571,2026-01-04,Garage Tremblay,FLT-026629,Filtre à air moteur,7,21.34
CMD-000571,2026-01-04,Centre Auto Plus,BLB-043006,Ampoule LED H7,6,29.61
CMD-000571,2026-01-04,Auto Clinic,FLT-015733,Filtre à air moteur,8,33.71
CMD-000571,2026-01-04,Pneus & Mécanique Pro,BMP-031963,Pare-chocs AV primaire,7,274.27
CMD-000572,2025-10-11,Auto Clinic,ROT-015403,Disque de frein ventilé,2,107.88
CMD-000573,2026-01-14,Garage du Centre,SEN-019139,Capteur ABS,2,38.32
CMD-000573,2026-01-14,Garage du Centre,BRK-008094,Jeu plaquettes AV,2,95.24
CMD-000573,2026-01-14,Auto-Réparation ABC,BRK-048679,Jeu plaquettes AV,4,67.21
CMD-000573,2026-01-14,Auto-Réparation ABC,BRK-009571,Jeu plaquettes AV,7,55.23
CMD-000573,2026-01-14,Garage du Centre,ALT-003156,Alternateur 12V 140A,6,452.21
CMD-000574,2025-10-22,Garage du Centre,BMP-037287,Pare-chocs AV primaire,6,323.55
CMD-000574,2025-10-22,Garage du Centre,BRK-035690,Jeu plaquettes AV,7,85.62
CMD-000575,2026-06-08,Garage Tremblay,BRK-017720,Jeu plaquettes AV,6,85.77
CMD-000575,2026-06-08,Garage Royal,SPK-043295,Bougie allumage iridium,2,13.79
CMD-000575,2026-06-08,Atelier Mécanique 360,ROT-034722,Disque de frein ventilé,4,168.29
CMD-000575,2026-06-08,Auto Clinic,BRK-038699,Jeu plaquettes AV,5,92.39
CMD-000575,2026-06-08,Centre Auto Plus,ALT-015059,Alternateur 12V 140A,3,396.5
CMD-000576,2026-07-27,Garage du Centre,ROT-015403,Disque de frein ventilé,8,107.88
CMD-000576,2026-07-27,Auto-Réparation ABC,FLT-026010,Filtre à air moteur,5,32.68
CMD-000577,2025-11-12,Pneus & Mécanique Pro,ALT-027632,Alternateur 12V 140A,5,313.91
CMD-000578,2025-10-04,Mécanique Rapide Inc.,SEN-026353,Capteur ABS,4,42.53
CMD-000578,2025-10-04,Pneus & Mécanique Pro,RAD-038113,Radiateur refroidissement,2,210.9
CMD-000578,2025-10-04,Carrosserie Moderne,FLT-040053,Filtre à air moteur,4,17.01
CMD-000578,2025-10-04,Centre Auto Plus,FLT-004312,Filtre à air moteur,2,25.94
CMD-000578,2025-10-04,Mécanique Rapide Inc.,BLB-018376,Ampoule LED H7,6,20.53
CMD-000579,2026-03-25,Garage Royal,RAD-042341,Radiateur refroidissement,8,227.46
CMD-000579,2026-03-25,Atelier Mécanique 360,BRK-002545,Jeu plaquettes AV,7,48.87
CMD-000579,2026-03-25,Carrosserie Moderne,BRK-038495,Jeu plaquettes AV,4,72.46
CMD-000579,2026-03-25,Garage Tremblay,SEN-049426,Capteur ABS,1,58.54
CMD-000579,2026-03-25,Pneus & Mécanique Pro,ALT-036410,Alternateur 12V 140A,3,244.03
CMD-000580,2026-05-28,Mécanique Rapide Inc.,ROT-015403,Disque de frein ventilé,3,107.88
CMD-000580,2026-05-28,Atelier Mécanique 360,ALT-001778,Alternateur 12V 140A,5,242.99
CMD-000580,2026-05-28,Garage Royal,RAD-038113,Radiateur refroidissement,8,210.9
CMD-000580,2026-05-28,Auto-Réparation ABC,SPK-003219,Bougie allumage iridium,2,16.07
CMD-000580,2026-05-28,Garage Tremblay,FLT-043239,Filtre à air moteur,1,27.52
CMD-000581,2025-09-08,Centre Auto Plus,SEN-049426,Capteur ABS,2,58.54
CMD-000582,2025-12-18,Atelier Mécanique 360,RAD-008323,Radiateur refroidissement,6,225.29
CMD-000582,2025-12-18,Garage du Centre,FLT-001618,Filtre à air moteur,3,29.58
CMD-000583,2025-10-01,Auto-Réparation ABC,ALT-001778,Alternateur 12V 140A,4,242.99
CMD-000584,2025-11-05,Auto-Réparation ABC,SPK-043767,Bougie allumage iridium,1,15.6
CMD-000585,2026-03-27,Auto Clinic,ROT-015403,Disque de frein ventilé,8,107.88
CMD-000586,2026-01-13,Auto Clinic,FUS-026474,Boîte fusibles relais,6,18.89
CMD-000586,2026-01-13,Garage du Centre,ALT-021132,Alternateur 12V 140A,4,376.48
CMD-000587,2026-01-08,Mécanique Rapide Inc.,BRK-009718,Jeu plaquettes AV,4,49.14
CMD-000587,2026-01-08,Auto Clinic,ROT-018008,Disque de frein ventilé,7,101.69
CMD-000587,2026-01-08,Auto-Réparation ABC,EXH-034377,Silencieux échappement,7,268.92
CMD-000588,2026-08-02,Garage Royal,ROT-006864,Disque de frein ventilé,4,105.15
CMD-000588,2026-08-02,Garage Royal,ROT-015403,Disque de frein ventilé,8,107.88
CMD-000589,2026-07-20,Mécanique Rapide Inc.,ROT-015403,Disque de frein ventilé,3,107.88
CMD-000589,2026-07-20,Auto Clinic,SPK-031992,Bougie allumage iridium,5,20.18
CMD-000589,2026-07-20,Pneus & Mécanique Pro,FLT-026010,Filtre à air moteur,5,32.68
CMD-000589,2026-07-20,Mécanique Rapide Inc.,ALT-007061,Alternateur 12V 140A,5,289.42
CMD-000589,2026-07-20,Mécanique Rapide Inc.,EXH-007271,Silencieux échappement,7,390.56
CMD-000590,2026-05-01,Centre Auto Plus,ALT-043817,Alternateur 12V 140A,2,318.1
CMD-000590,2026-05-01,Auto-Réparation ABC,SEN-031098,Capteur ABS,1,67.4
CMD-000590,2026-05-01,Garage du Centre,EXH-034377,Silencieux échappement,8,268.92
CMD-000590,2026-05-01,Garage Tremblay,ROT-018008,Disque de frein ventilé,1,101.69
CMD-000591,2026-01-01,Atelier Mécanique 360,ROT-015403,Disque de frein ventilé,6,107.88
CMD-000591,2026-01-01,Auto Clinic,EXH-007271,Silencieux échappement,6,390.56
CMD-000591,2026-01-01,Garage du Centre,SPK-031992,Bougie allumage iridium,7,20.18
CMD-000591,2026-01-01,Garage du Centre,ROT-007220,Disque de frein ventilé,7,116.26
CMD-000591,2026-01-01,Centre Auto Plus,ALT-007061,Alternateur 12V 140A,4,289.42
CMD-000592,2026-06-08,Garage Royal,RAD-038113,Radiateur refroidissement,2,210.9
CMD-000592,2026-06-08,Atelier Mécanique 360,FLT-040053,Filtre à air moteur,6,17.01
CMD-000593,2025-10-09,Garage du Centre,RAD-008323,Radiateur refroidissement,8,225.29
CMD-000593,2025-10-09,Mécanique Rapide Inc.,FLT-029423,Filtre à air moteur,4,40.89
CMD-000593,2025-10-09,Garage Royal,BRK-000665,Jeu plaquettes AV,5,57.77
CMD-000593,2025-10-09,Atelier Mécanique 360,FLT-032536,Filtre à air moteur,3,26.71
CMD-000594,2026-07-03,Carrosserie Moderne,ROT-015403,Disque de frein ventilé,1,107.88
CMD-000594,2026-07-03,Garage Tremblay,EXH-007271,Silencieux échappement,3,390.56
CMD-000594,2026-07-03,Garage du Centre,SPK-031992,Bougie allumage iridium,5,20.18
CMD-000595,2025-10-21,Auto Clinic,STR-023248,Jambe de force suspension,7,244.06
CMD-000595,2025-10-21,Garage du Centre,BMP-019552,Pare-chocs AV primaire,2,368.75
CMD-000595,2025-10-21,Garage du Centre,ALT-007996,Alternateur 12V 140A,5,220.97
CMD-000595,2025-10-21,Garage Royal,FLT-033743,Filtre à air moteur,7,39.16
CMD-000596,2026-05-12,Atelier Mécanique 360,FUS-028100,Boîte fusibles relais,1,17.6
CMD-000596,2026-05-12,Pneus & Mécanique Pro,FLT-031402,Filtre à air moteur,8,26.67
CMD-000596,2026-05-12,Auto Clinic,ALT-008600,Alternateur 12V 140A,2,411.15
CMD-000597,2026-04-23,Garage Tremblay,SEN-002386,Capteur ABS,5,37.38
CMD-000597,2026-04-23,Garage du Centre,FLT-042228,Filtre à air moteur,3,38.95
CMD-000597,2026-04-23,Auto-Réparation ABC,ALT-010794,Alternateur 12V 140A,4,367.23
CMD-000597,2026-04-23,Mécanique Rapide Inc.,ROT-037068,Disque de frein ventilé,8,100.89
CMD-000597,2026-04-23,Auto-Réparation ABC,FUS-037465,Boîte fusibles relais,6,13.4
CMD-000598,2026-07-07,Carrosserie Moderne,ROT-015403,Disque de frein ventilé,5,107.88
CMD-000598,2026-07-07,Auto Clinic,BRK-013237,Jeu plaquettes AV,7,53.16
CMD-000598,2026-07-07,Garage Royal,BMP-037287,Pare-chocs AV primaire,2,323.55
CMD-000598,2026-07-07,Mécanique Rapide Inc.,ROT-034722,Disque de frein ventilé,3,168.29
CMD-000598,2026-07-07,Mécanique Rapide Inc.,STR-023248,Jambe de force suspension,3,244.06
CMD-000599,2026-03-11,Garage Royal,ROT-015403,Disque de frein ventilé,2,107.88
CMD-000600,2026-03-31,Pneus & Mécanique Pro,FLT-029423,Filtre à air moteur,3,40.89
CMD-000601,2026-07-01,Centre Auto Plus,ROT-015403,Disque de frein ventilé,6,107.88
CMD-000601,2026-07-01,Garage du Centre,ROT-007220,Disque de frein ventilé,3,116.26
CMD-000601,2026-07-01,Atelier Mécanique 360,EXH-007271,Silencieux échappement,8,390.56
CMD-000602,2025-10-11,Garage du Centre,BRK-017720,Jeu plaquettes AV,7,85.77
CMD-000602,2025-10-11,Carrosserie Moderne,SPK-043295,Bougie allumage iridium,1,13.79
CMD-000602,2025-10-11,Garage Tremblay,BRK-038699,Jeu plaquettes AV,6,92.39
CMD-000602,2025-10-11,Garage Tremblay,ROT-034722,Disque de frein ventilé,1,168.29
CMD-000602,2025-10-11,Centre Auto Plus,SEN-033632,Capteur ABS,3,68.9
CMD-000603,2026-04-04,Auto-Réparation ABC,FLT-001618,Filtre à air moteur,1,29.58
CMD-000603,2026-04-04,Garage du Centre,FLT-029423,Filtre à air moteur,1,40.89
CMD-000604,2026-06-06,Pneus & Mécanique Pro,BRK-017720,Jeu plaquettes AV,6,85.77
CMD-000604,2026-06-06,Atelier Mécanique 360,ROT-015403,Disque de frein ventilé,5,107.88
CMD-000604,2026-06-06,Carrosserie Moderne,SPK-034162,Bougie allumage iridium,1,15.54
CMD-000605,2026-01-10,Carrosserie Moderne,SEN-013569,Capteur ABS,8,42.76
CMD-000606,2026-01-23,Auto-Réparation ABC,FUS-028100,Boîte fusibles relais,8,17.6
CMD-000606,2026-01-23,Garage Royal,ALT-011421,Alternateur 12V 140A,3,394.92
CMD-000606,2026-01-23,Garage Royal,ROT-015403,Disque de frein ventilé,6,107.88
CMD-000606,2026-01-23,Garage Tremblay,EXH-033547,Silencieux échappement,4,322.76
CMD-000607,2025-10-10,Auto Clinic,EXH-034377,Silencieux échappement,1,268.92
CMD-000607,2025-10-10,Pneus & Mécanique Pro,BRK-017720,Jeu plaquettes AV,6,85.77
CMD-000607,2025-10-10,Carrosserie Moderne,ROT-015403,Disque de frein ventilé,2,107.88
CMD-000608,2026-04-28,Auto-Réparation ABC,ROT-015403,Disque de frein ventilé,5,107.88
CMD-000608,2026-04-28,Garage Royal,SPK-025943,Bougie allumage iridium,1,22.81
CMD-000608,2026-04-28,Centre Auto Plus,ALT-015059,Alternateur 12V 140A,3,396.5
CMD-000608,2026-04-28,Garage Royal,BRK-017720,Jeu plaquettes AV,8,85.77
CMD-000609,2026-07-28,Auto-Réparation ABC,SPK-043767,Bougie allumage iridium,2,15.6
CMD-000609,2026-07-28,Garage Tremblay,EXH-002023,Silencieux échappement,1,218.66
CMD-000609,2026-07-28,Garage du Centre,ROT-043334,Disque de frein ventilé,6,133.36
CMD-000609,2026-07-28,Centre Auto Plus,FLT-034378,Filtre à air moteur,6,20.46
CMD-000610,2026-05-15,Garage Tremblay,ROT-006864,Disque de frein ventilé,7,105.15
CMD-000610,2026-05-15,Auto Clinic,FLT-026010,Filtre à air moteur,1,32.68
CMD-000610,2026-05-15,Garage Royal,STR-023248,Jambe de force suspension,5,244.06
CMD-000610,2026-05-15,Auto Clinic,FUS-026474,Boîte fusibles relais,6,18.89
CMD-000611,2026-02-07,Centre Auto Plus,SPK-013663,Bougie allumage iridium,2,30.57
CMD-000611,2026-02-07,Mécanique Rapide Inc.,ROT-015403,Disque de frein ventilé,1,107.88
CMD-000611,2026-02-07,Auto-Réparation ABC,SEN-003185,Capteur ABS,7,59.42
CMD-000611,2026-02-07,Auto-Réparation ABC,SPK-043767,Bougie allumage iridium,2,15.6
CMD-000611,2026-02-07,Garage Tremblay,ALT-001778,Alternateur 12V 140A,5,242.99
CMD-000612,2025-10-07,Pneus & Mécanique Pro,BRK-047004,Jeu plaquettes AV,2,91.9
CMD-000612,2025-10-07,Garage Royal,FLT-010048,Filtre à air moteur,4,32.49
CMD-000612,2025-10-07,Centre Auto Plus,BLB-043006,Ampoule LED H7,1,29.61
CMD-000612,2025-10-07,Auto Clinic,FLT-026629,Filtre à air moteur,8,21.34
CMD-000613,2026-01-20,Carrosserie Moderne,FUS-025154,Boîte fusibles relais,3,23.1
CMD-000613,2026-01-20,Garage Royal,BRK-017720,Jeu plaquettes AV,1,85.77
CMD-000613,2026-01-20,Garage Royal,BRK-038495,Jeu plaquettes AV,3,72.46
CMD-000614,2026-07-25,Auto-Réparation ABC,FLT-040053,Filtre à air moteur,2,17.01
CMD-000614,2026-07-25,Pneus & Mécanique Pro,BLB-018376,Ampoule LED H7,2,20.53
CMD-000614,2026-07-25,Garage Royal,FLT-004312,Filtre à air moteur,6,25.94
CMD-000614,2026-07-25,Garage Royal,SPK-013663,Bougie allumage iridium,4,30.57
CMD-000615,2026-08-29,Mécanique Rapide Inc.,FUS-025154,Boîte fusibles relais,4,23.1
CMD-000615,2026-08-29,Atelier Mécanique 360,EXH-049698,Silencieux échappement,6,345.09
CMD-000615,2026-08-29,Atelier Mécanique 360,ALT-002471,Alternateur 12V 140A,6,269.92
CMD-000615,2026-08-29,Atelier Mécanique 360,RAD-011217,Radiateur refroidissement,2,217.88
CMD-000616,2026-05-05,Atelier Mécanique 360,EXH-033547,Silencieux échappement,3,322.76
CMD-000616,2026-05-05,Garage du Centre,FUS-019025,Boîte fusibles relais,2,16.14
CMD-000617,2026-05-24,Centre Auto Plus,FLT-040053,Filtre à air moteur,2,17.01
CMD-000618,2025-11-13,Atelier Mécanique 360,ROT-015403,Disque de frein ventilé,6,107.88
CMD-000618,2025-11-13,Garage Tremblay,ROT-007220,Disque de frein ventilé,4,116.26
CMD-000618,2025-11-13,Auto-Réparation ABC,FLT-026010,Filtre à air moteur,6,32.68
CMD-000618,2025-11-13,Garage Royal,SPK-031992,Bougie allumage iridium,8,20.18
CMD-000619,2026-02-21,Pneus & Mécanique Pro,BRK-040876,Jeu plaquettes AV,1,77.0
CMD-000619,2026-02-21,Garage Tremblay,ALT-003156,Alternateur 12V 140A,4,452.21
CMD-000619,2026-02-21,Auto Clinic,BRK-048679,Jeu plaquettes AV,7,67.21
CMD-000619,2026-02-21,Auto Clinic,SEN-019139,Capteur ABS,7,38.32
CMD-000619,2026-02-21,Carrosserie Moderne,BRK-008094,Jeu plaquettes AV,8,95.24
CMD-000620,2025-11-16,Garage Tremblay,FUS-028100,Boîte fusibles relais,5,17.6
CMD-000620,2025-11-16,Centre Auto Plus,ALT-008600,Alternateur 12V 140A,6,411.15
CMD-000620,2025-11-16,Mécanique Rapide Inc.,FLT-031402,Filtre à air moteur,8,26.67
CMD-000620,2025-11-16,Auto-Réparation ABC,FLT-009287,Filtre à air moteur,4,36.05
CMD-000620,2025-11-16,Atelier Mécanique 360,ROT-018669,Disque de frein ventilé,1,124.93
CMD-000621,2025-11-15,Mécanique Rapide Inc.,ROT-015403,Disque de frein ventilé,5,107.88
CMD-000621,2025-11-15,Pneus & Mécanique Pro,EXH-007271,Silencieux échappement,6,390.56
CMD-000621,2025-11-15,Auto-Réparation ABC,SPK-031992,Bougie allumage iridium,1,20.18
CMD-000622,2025-09-16,Garage Tremblay,SEN-015192,Capteur ABS,6,38.69
CMD-000623,2025-10-14,Mécanique Rapide Inc.,ALT-040335,Alternateur 12V 140A,1,368.08
CMD-000624,2025-12-14,Atelier Mécanique 360,RAD-011310,Radiateur refroidissement,1,240.6
CMD-000624,2025-12-14,Garage du Centre,RAD-048210,Radiateur refroidissement,4,295.99
CMD-000624,2025-12-14,Carrosserie Moderne,FUS-000867,Boîte fusibles relais,2,12.79
CMD-000624,2025-12-14,Garage Royal,FLT-017708,Filtre à air moteur,8,29.61
CMD-000625,2026-07-20,Auto Clinic,FUS-025154,Boîte fusibles relais,6,23.1
CMD-000625,2026-07-20,Centre Auto Plus,EXH-049698,Silencieux échappement,6,345.09
CMD-000625,2026-07-20,Centre Auto Plus,RAD-011217,Radiateur refroidissement,7,217.88
CMD-000626,2026-07-28,Garage du Centre,EXH-034377,Silencieux échappement,1,268.92
CMD-000627,2025-12-17,Mécanique Rapide Inc.,STR-023248,Jambe de force suspension,7,244.06
CMD-000627,2025-12-17,Garage Tremblay,BMP-019552,Pare-chocs AV primaire,2,368.75
CMD-000627,2025-12-17,Mécanique Rapide Inc.,ALT-007996,Alternateur 12V 140A,8,220.97
CMD-000627,2025-12-17,Pneus & Mécanique Pro,ALT-001078,Alternateur 12V 140A,2,235.28
CMD-000628,2026-01-10,Pneus & Mécanique Pro,ROT-015403,Disque de frein ventilé,5,107.88
CMD-000628,2026-01-10,Garage Royal,SPK-031992,Bougie allumage iridium,8,20.18
CMD-000628,2026-01-10,Auto Clinic,FLT-026010,Filtre à air moteur,1,32.68
CMD-000628,2026-01-10,Mécanique Rapide Inc.,ALT-007061,Alternateur 12V 140A,5,289.42
CMD-000629,2026-06-16,Auto Clinic,BLB-020402,Ampoule LED H7,4,19.04
CMD-000629,2026-06-16,Mécanique Rapide Inc.,FLT-017690,Filtre à air moteur,1,23.9
CMD-000630,2026-01-03,Garage Royal,ROT-015403,Disque de frein ventilé,4,107.88
CMD-000631,2026-02-01,Garage Royal,BRK-020584,Jeu plaquettes AV,3,57.06
CMD-000632,2026-03-26,Carrosserie Moderne,RAD-011217,Radiateur refroidissement,6,217.88
CMD-000632,2026-03-26,Auto-Réparation ABC,ALT-002471,Alternateur 12V 140A,1,269.92
CMD-000632,2026-03-26,Pneus & Mécanique Pro,EXH-049698,Silencieux échappement,3,345.09
CMD-000632,2026-03-26,Auto-Réparation ABC,RAD-035768,Radiateur refroidissement,4,177.87
CMD-000632,2026-03-26,Mécanique Rapide Inc.,FUS-025154,Boîte fusibles relais,4,23.1
CMD-000633,2025-12-01,Mécanique Rapide Inc.,ROT-015403,Disque de frein ventilé,1,107.88
CMD-000633,2025-12-01,Auto-Réparation ABC,SPK-031992,Bougie allumage iridium,1,20.18
CMD-000633,2025-12-01,Atelier Mécanique 360,FLT-026010,Filtre à air moteur,5,32.68
CMD-000633,2025-12-01,Auto-Réparation ABC,ROT-007220,Disque de frein ventilé,3,116.26
CMD-000633,2025-12-01,Garage Royal,EXH-007271,Silencieux échappement,8,390.56
CMD-000634,2026-04-11,Carrosserie Moderne,ROT-015403,Disque de frein ventilé,7,107.88
CMD-000634,2026-04-11,Garage Royal,FUS-037574,Boîte fusibles relais,5,22.82
CMD-000634,2026-04-11,Centre Auto Plus,FUS-026474,Boîte fusibles relais,8,18.89
CMD-000634,2026-04-11,Mécanique Rapide Inc.,ALT-001778,Alternateur 12V 140A,2,242.99
CMD-000634,2026-04-11,Atelier Mécanique 360,FUS-039684,Boîte fusibles relais,2,14.91
CMD-000635,2026-05-23,Garage du Centre,ROT-015403,Disque de frein ventilé,7,107.88
CMD-000635,2026-05-23,Mécanique Rapide Inc.,FLT-031402,Filtre à air moteur,3,26.67
CMD-000635,2026-05-23,Pneus & Mécanique Pro,FLT-034378,Filtre à air moteur,6,20.46
CMD-000635,2026-05-23,Auto Clinic,SEN-013569,Capteur ABS,2,42.76
CMD-000636,2026-04-06,Garage Tremblay,SEN-003185,Capteur ABS,5,59.42
CMD-000636,2026-04-06,Mécanique Rapide Inc.,STR-037922,Jambe de force suspension,2,181.79
CMD-000636,2026-04-06,Auto Clinic,SEN-026048,Capteur ABS,1,61.18
CMD-000636,2026-04-06,Centre Auto Plus,FLT-040963,Filtre à air moteur,7,23.2
CMD-000637,2026-04-05,Mécanique Rapide Inc.,EXH-006384,Silencieux échappement,5,357.03
CMD-000637,2026-04-05,Pneus & Mécanique Pro,ALT-033658,Alternateur 12V 140A,5,254.43
CMD-000637,2026-04-05,Garage Royal,ROT-039102,Disque de frein ventilé,5,83.39
CMD-000637,2026-04-05,Auto-Réparation ABC,ROT-015638,Disque de frein ventilé,4,119.45
CMD-000638,2026-07-10,Carrosserie Moderne,SEN-006021,Capteur ABS,7,31.48
CMD-000639,2026-03-02,Auto Clinic,FUS-028100,Boîte fusibles relais,4,17.6
CMD-000639,2026-03-02,Garage Royal,ROT-018669,Disque de frein ventilé,8,124.93
CMD-000639,2026-03-02,Carrosserie Moderne,FLT-009287,Filtre à air moteur,1,36.05
CMD-000639,2026-03-02,Pneus & Mécanique Pro,FLT-031402,Filtre à air moteur,4,26.67
CMD-000640,2025-11-17,Auto Clinic,ROT-015403,Disque de frein ventilé,5,107.88
CMD-000640,2025-11-17,Mécanique Rapide Inc.,SEN-006021,Capteur ABS,4,31.48
CMD-000641,2025-10-11,Garage Tremblay,FUS-028100,Boîte fusibles relais,8,17.6
CMD-000641,2025-10-11,Mécanique Rapide Inc.,ROT-018669,Disque de frein ventilé,4,124.93
CMD-000641,2025-10-11,Auto Clinic,ALT-008600,Alternateur 12V 140A,1,411.15
CMD-000641,2025-10-11,Garage du Centre,SEN-004309,Capteur ABS,1,41.19
CMD-000641,2025-10-11,Auto-Réparation ABC,FLT-031402,Filtre à air moteur,1,26.67
CMD-000642,2025-10-22,Mécanique Rapide Inc.,BRK-017720,Jeu plaquettes AV,7,85.77
CMD-000642,2025-10-22,Centre Auto Plus,ALT-015059,Alternateur 12V 140A,2,396.5
CMD-000642,2025-10-22,Centre Auto Plus,SPK-043295,Bougie allumage iridium,8,13.79
CMD-000643,2025-12-16,Centre Auto Plus,EXH-034377,Silencieux échappement,8,268.92
CMD-000643,2025-12-16,Mécanique Rapide Inc.,FLT-032536,Filtre à air moteur,5,26.71
CMD-000643,2025-12-16,Carrosserie Moderne,FLT-040053,Filtre à air moteur,4,17.01
CMD-000643,2025-12-16,Atelier Mécanique 360,ROT-015403,Disque de frein ventilé,7,107.88
CMD-000643,2025-12-16,Centre Auto Plus,BRK-003736,Jeu plaquettes AV,8,83.33
CMD-000644,2026-08-30,Centre Auto Plus,BRK-017720,Jeu plaquettes AV,6,85.77
CMD-000644,2026-08-30,Auto-Réparation ABC,ROT-034722,Disque de frein ventilé,1,168.29
CMD-000644,2026-08-30,Carrosserie Moderne,SPK-043295,Bougie allumage iridium,6,13.79
CMD-000645,2026-06-24,Garage Royal,BLB-020402,Ampoule LED H7,5,19.04
CMD-000645,2026-06-24,Carrosserie Moderne,ALT-001778,Alternateur 12V 140A,3,242.99
CMD-000646,2026-01-15,Garage Tremblay,BRK-017720,Jeu plaquettes AV,2,85.77
CMD-000646,2026-01-15,Auto-Réparation ABC,SEN-033632,Capteur ABS,4,68.9
CMD-000646,2026-01-15,Pneus & Mécanique Pro,ALT-015059,Alternateur 12V 140A,4,396.5
CMD-000646,2026-01-15,Auto Clinic,SPK-043295,Bougie allumage iridium,7,13.79
CMD-000646,2026-01-15,Auto-Réparation ABC,ROT-034722,Disque de frein ventilé,8,168.29
CMD-000647,2025-10-14,Garage Tremblay,BRK-017720,Jeu plaquettes AV,7,85.77
CMD-000647,2025-10-14,Pneus & Mécanique Pro,SPK-043295,Bougie allumage iridium,4,13.79
CMD-000647,2025-10-14,Garage Tremblay,SEN-033632,Capteur ABS,3,68.9
CMD-000648,2026-02-04,Carrosserie Moderne,BRK-006205,Jeu plaquettes AV,1,53.37
CMD-000648,2026-02-04,Garage Tremblay,SEN-046955,Capteur ABS,2,35.73
CMD-000648,2026-02-04,Auto Clinic,ALT-037590,Alternateur 12V 140A,3,461.54
CMD-000648,2026-02-04,Auto Clinic,BRK-037405,Jeu plaquettes AV,3,45.88
CMD-000648,2026-02-04,Auto Clinic,ROT-031547,Disque de frein ventilé,5,189.51
CMD-000649,2026-04-04,Carrosserie Moderne,FUS-028100,Boîte fusibles relais,3,17.6
CMD-000649,2026-04-04,Atelier Mécanique 360,ALT-008600,Alternateur 12V 140A,7,411.15
CMD-000649,2026-04-04,Carrosserie Moderne,FLT-009287,Filtre à air moteur,8,36.05
CMD-000649,2026-04-04,Auto Clinic,FLT-031402,Filtre à air moteur,1,26.67
CMD-000649,2026-04-04,Mécanique Rapide Inc.,ROT-018669,Disque de frein ventilé,3,124.93
CMD-000650,2026-04-02,Centre Auto Plus,ROT-001359,Disque de frein ventilé,7,180.58
CMD-000651,2026-04-13,Atelier Mécanique 360,ALT-001778,Alternateur 12V 140A,8,242.99
CMD-000651,2026-04-13,Mécanique Rapide Inc.,BRK-047004,Jeu plaquettes AV,7,91.9
CMD-000651,2026-04-13,Auto Clinic,ALT-046126,Alternateur 12V 140A,8,421.09
CMD-000652,2025-10-14,Mécanique Rapide Inc.,FLT-010535,Filtre à air moteur,8,15.65
CMD-000653,2025-12-02,Pneus & Mécanique Pro,ROT-015403,Disque de frein ventilé,3,107.88
CMD-000653,2025-12-02,Centre Auto Plus,BRK-006205,Jeu plaquettes AV,8,53.37
CMD-000653,2025-12-02,Atelier Mécanique 360,ROT-006864,Disque de frein ventilé,2,105.15
CMD-000653,2025-12-02,Pneus & Mécanique Pro,FUS-028100,Boîte fusibles relais,8,17.6
CMD-000653,2025-12-02,Auto Clinic,SPK-020617,Bougie allumage iridium,1,12.63
CMD-000654,2026-08-05,Garage Tremblay,ROT-015403,Disque de frein ventilé,6,107.88
CMD-000654,2026-08-05,Garage Royal,ROT-007220,Disque de frein ventilé,6,116.26
CMD-000654,2026-08-05,Atelier Mécanique 360,SPK-031992,Bougie allumage iridium,1,20.18
CMD-000655,2026-03-12,Garage Tremblay,ROT-047623,Disque de frein ventilé,6,191.56
CMD-000656,2026-01-12,Centre Auto Plus,ALT-001778,Alternateur 12V 140A,1,242.99
CMD-000656,2026-01-12,Mécanique Rapide Inc.,ALT-007205,Alternateur 12V 140A,1,250.82
CMD-000656,2026-01-12,Atelier Mécanique 360,SEN-002690,Capteur ABS,5,49.02
CMD-000656,2026-01-12,Carrosserie Moderne,BRK-013237,Jeu plaquettes AV,1,53.16
CMD-000657,2026-01-27,Centre Auto Plus,BLB-037992,Ampoule LED H7,5,27.13
CMD-000657,2026-01-27,Auto Clinic,STR-047020,Jambe de force suspension,8,143.22
CMD-000657,2026-01-27,Mécanique Rapide Inc.,RAD-049573,Radiateur refroidissement,1,215.12
CMD-000657,2026-01-27,Garage Royal,FLT-044878,Filtre à air moteur,4,36.42
CMD-000657,2026-01-27,Garage Royal,BRK-039296,Jeu plaquettes AV,2,70.01
CMD-000658,2026-05-13,Auto-Réparation ABC,FLT-011683,Filtre à air moteur,1,37.71
CMD-000658,2026-05-13,Atelier Mécanique 360,FUS-028100,Boîte fusibles relais,8,17.6
CMD-000658,2026-05-13,Centre Auto Plus,FUS-025154,Boîte fusibles relais,7,23.1
CMD-000659,2025-12-26,Auto Clinic,ROT-015403,Disque de frein ventilé,2,107.88
CMD-000659,2025-12-26,Carrosserie Moderne,FLT-026010,Filtre à air moteur,6,32.68
CMD-000659,2025-12-26,Mécanique Rapide Inc.,ROT-007220,Disque de frein ventilé,5,116.26
CMD-000660,2026-07-30,Garage du Centre,ROT-015403,Disque de frein ventilé,4,107.88
CMD-000660,2026-07-30,Garage du Centre,ALT-007061,Alternateur 12V 140A,8,289.42
CMD-000661,2026-04-23,Garage Royal,FLT-011683,Filtre à air moteur,3,37.71
CMD-000661,2026-04-23,Mécanique Rapide Inc.,BRK-042035,Jeu plaquettes AV,3,57.16
CMD-000662,2025-12-22,Garage du Centre,FUS-025154,Boîte fusibles relais,4,23.1
CMD-000662,2025-12-22,Pneus & Mécanique Pro,FLT-044878,Filtre à air moteur,1,36.42
CMD-000662,2025-12-22,Auto Clinic,SPK-017734,Bougie allumage iridium,2,20.39
CMD-000662,2025-12-22,Mécanique Rapide Inc.,BRK-017720,Jeu plaquettes AV,6,85.77
CMD-000662,2025-12-22,Pneus & Mécanique Pro,ALT-010069,Alternateur 12V 140A,1,284.46
CMD-000663,2026-03-06,Atelier Mécanique 360,ALT-001778,Alternateur 12V 140A,3,242.99
CMD-000663,2026-03-06,Carrosserie Moderne,BLB-020402,Ampoule LED H7,2,19.04
CMD-000663,2026-03-06,Carrosserie Moderne,FLT-011683,Filtre à air moteur,6,37.71
CMD-000663,2026-03-06,Atelier Mécanique 360,FUS-028100,Boîte fusibles relais,2,17.6
CMD-000664,2026-08-01,Centre Auto Plus,ROT-015403,Disque de frein ventilé,7,107.88
CMD-000665,2026-01-05,Atelier Mécanique 360,BRK-047004,Jeu plaquettes AV,6,91.9
CMD-000666,2026-02-13,Auto Clinic,ROT-015403,Disque de frein ventilé,8,107.88
CMD-000666,2026-02-13,Garage Tremblay,ALT-036410,Alternateur 12V 140A,6,244.03
CMD-000666,2026-02-13,Pneus & Mécanique Pro,ALT-000386,Alternateur 12V 140A,8,227.9
CMD-000666,2026-02-13,Pneus & Mécanique Pro,FUS-025154,Boîte fusibles relais,1,23.1
CMD-000666,2026-02-13,Garage Tremblay,ALT-025474,Alternateur 12V 140A,2,369.75
CMD-000667,2025-10-03,Mécanique Rapide Inc.,FUS-025154,Boîte fusibles relais,1,23.1
CMD-000667,2025-10-03,Atelier Mécanique 360,BRK-020584,Jeu plaquettes AV,1,57.06
CMD-000668,2026-02-22,Atelier Mécanique 360,FUS-026474,Boîte fusibles relais,3,18.89
CMD-000668,2026-02-22,Garage du Centre,ALT-041787,Alternateur 12V 140A,3,213.22
CMD-000668,2026-02-22,Atelier Mécanique 360,SEN-014947,Capteur ABS,2,51.13
CMD-000669,2025-11-24,Garage Tremblay,ALT-001778,Alternateur 12V 140A,1,242.99
CMD-000669,2025-11-24,Garage Tremblay,FUS-028100,Boîte fusibles relais,8,17.6
CMD-000669,2025-11-24,Pneus & Mécanique Pro,FLT-004312,Filtre à air moteur,5,25.94
CMD-000669,2025-11-24,Atelier Mécanique 360,EXH-033547,Silencieux échappement,6,322.76
CMD-000670,2026-08-02,Garage Tremblay,ALT-008600,Alternateur 12V 140A,2,411.15
CMD-000670,2026-08-02,Atelier Mécanique 360,SEN-004309,Capteur ABS,8,41.19
CMD-000671,2026-04-18,Mécanique Rapide Inc.,ROT-015403,Disque de frein ventilé,5,107.88
CMD-000671,2026-04-18,Garage Tremblay,SPK-031992,Bougie allumage iridium,3,20.18
CMD-000672,2025-12-21,Mécanique Rapide Inc.,SEN-035482,Capteur ABS,1,44.17
CMD-000672,2025-12-21,Carrosserie Moderne,EXH-034377,Silencieux échappement,1,268.92
CMD-000672,2025-12-21,Carrosserie Moderne,FUS-028100,Boîte fusibles relais,1,17.6
CMD-000673,2026-02-27,Atelier Mécanique 360,BRK-047004,Jeu plaquettes AV,8,91.9
CMD-000673,2026-02-27,Atelier Mécanique 360,FLT-026629,Filtre à air moteur,2,21.34
CMD-000674,2026-08-13,Centre Auto Plus,FUS-028100,Boîte fusibles relais,1,17.6
CMD-000674,2026-08-13,Pneus & Mécanique Pro,ROT-018669,Disque de frein ventilé,8,124.93
CMD-000675,2026-07-12,Mécanique Rapide Inc.,ROT-015403,Disque de frein ventilé,2,107.88
CMD-000675,2026-07-12,Centre Auto Plus,ROT-007220,Disque de frein ventilé,3,116.26
CMD-000675,2026-07-12,Pneus & Mécanique Pro,ALT-007061,Alternateur 12V 140A,4,289.42
CMD-000676,2026-06-26,Auto Clinic,FUS-028100,Boîte fusibles relais,8,17.6
CMD-000676,2026-06-26,Garage du Centre,SPK-013663,Bougie allumage iridium,7,30.57
CMD-000677,2026-08-12,Auto Clinic,FLT-011683,Filtre à air moteur,6,37.71
CMD-000677,2026-08-12,Carrosserie Moderne,FUS-041719,Boîte fusibles relais,6,14.8
CMD-000678,2026-06-22,Auto-Réparation ABC,ROT-015403,Disque de frein ventilé,3,107.88
CMD-000678,2026-06-22,Auto-Réparation ABC,EXH-007271,Silencieux échappement,8,390.56
CMD-000679,2026-01-14,Centre Auto Plus,ALT-001778,Alternateur 12V 140A,6,242.99
CMD-000679,2026-01-14,Garage du Centre,BRK-013237,Jeu plaquettes AV,7,53.16
CMD-000679,2026-01-14,Mécanique Rapide Inc.,ALT-007205,Alternateur 12V 140A,3,250.82
CMD-000679,2026-01-14,Garage Tremblay,SEN-002690,Capteur ABS,6,49.02
CMD-000679,2026-01-14,Pneus & Mécanique Pro,BMP-048102,Pare-chocs AV primaire,8,212.63
CMD-000680,2026-01-19,Mécanique Rapide Inc.,BLB-020402,Ampoule LED H7,8,19.04
CMD-000680,2026-01-19,Garage du Centre,BRK-044618,Jeu plaquettes AV,6,48.42
CMD-000680,2026-01-19,Auto-Réparation ABC,FLT-017690,Filtre à air moteur,7,23.9
CMD-000680,2026-01-19,Pneus & Mécanique Pro,FUS-004135,Boîte fusibles relais,3,14.53
CMD-000681,2025-11-25,Carrosserie Moderne,SPK-003219,Bougie allumage iridium,3,16.07
CMD-000681,2025-11-25,Garage Tremblay,BRK-048251,Jeu plaquettes AV,5,89.61
CMD-000681,2025-11-25,Garage Tremblay,FLT-005484,Filtre à air moteur,2,34.9
CMD-000681,2025-11-25,Garage Royal,ROT-025009,Disque de frein ventilé,4,157.96
CMD-000681,2025-11-25,Garage Royal,ALT-025474,Alternateur 12V 140A,6,369.75
CMD-000682,2026-05-31,Centre Auto Plus,BRK-006205,Jeu plaquettes AV,5,53.37
CMD-000682,2026-05-31,Pneus & Mécanique Pro,ROT-034002,Disque de frein ventilé,6,177.99
CMD-000682,2026-05-31,Pneus & Mécanique Pro,SEN-046955,Capteur ABS,7,35.73
CMD-000682,2026-05-31,Auto Clinic,ALT-037590,Alternateur 12V 140A,4,461.54
CMD-000682,2026-05-31,Auto Clinic,BRK-037405,Jeu plaquettes AV,6,45.88
CMD-000683,2026-04-18,Garage Royal,ROT-015403,Disque de frein ventilé,3,107.88
CMD-000683,2026-04-18,Garage du Centre,EXH-007271,Silencieux échappement,5,390.56
CMD-000683,2026-04-18,Mécanique Rapide Inc.,ALT-007061,Alternateur 12V 140A,1,289.42
CMD-000683,2026-04-18,Pneus & Mécanique Pro,ROT-007220,Disque de frein ventilé,2,116.26
CMD-000683,2026-04-18,Atelier Mécanique 360,SPK-031992,Bougie allumage iridium,8,20.18
CMD-000684,2026-08-07,Centre Auto Plus,BRK-017720,Jeu plaquettes AV,5,85.77
CMD-000684,2026-08-07,Carrosserie Moderne,SEN-033632,Capteur ABS,1,68.9
CMD-000684,2026-08-07,Garage Royal,ROT-034722,Disque de frein ventilé,4,168.29
CMD-000685,2026-04-19,Garage Tremblay,SEN-013569,Capteur ABS,6,42.76
CMD-000686,2026-06-08,Carrosserie Moderne,BRK-005234,Jeu plaquettes AV,7,96.79
CMD-000687,2025-11-05,Garage Tremblay,ROT-015403,Disque de frein ventilé,2,107.88
CMD-000687,2025-11-05,Mécanique Rapide Inc.,FUS-028100,Boîte fusibles relais,3,17.6
CMD-000688,2026-06-14,Auto Clinic,SEN-006021,Capteur ABS,2,31.48
CMD-000688,2026-06-14,Auto-Réparation ABC,ALT-011421,Alternateur 12V 140A,3,394.92
CMD-000688,2026-06-14,Garage du Centre,FLT-010535,Filtre à air moteur,1,15.65
CMD-000688,2026-06-14,Garage Tremblay,FUS-021849,Boîte fusibles relais,8,14.18
CMD-000688,2026-06-14,Atelier Mécanique 360,BRK-044381,Jeu plaquettes AV,2,48.66
CMD-000689,2026-08-27,Carrosserie Moderne,ROT-015403,Disque de frein ventilé,3,107.88
CMD-000690,2026-08-30,Mécanique Rapide Inc.,FUS-028100,Boîte fusibles relais,5,17.6
CMD-000690,2026-08-30,Garage Tremblay,FLT-001618,Filtre à air moteur,3,29.58
CMD-000691,2026-06-28,Pneus & Mécanique Pro,ALT-001778,Alternateur 12V 140A,6,242.99
CMD-000691,2026-06-28,Pneus & Mécanique Pro,BMP-048102,Pare-chocs AV primaire,3,212.63
CMD-000691,2026-06-28,Auto-Réparation ABC,BRK-013237,Jeu plaquettes AV,7,53.16
CMD-000692,2025-10-02,Pneus & Mécanique Pro,ALT-002471,Alternateur 12V 140A,5,269.92
CMD-000692,2025-10-02,Carrosserie Moderne,RAD-035768,Radiateur refroidissement,7,177.87
CMD-000692,2025-10-02,Atelier Mécanique 360,EXH-049698,Silencieux échappement,6,345.09
CMD-000692,2025-10-02,Garage Tremblay,BRK-020584,Jeu plaquettes AV,4,57.06
CMD-000692,2025-10-02,Pneus & Mécanique Pro,FUS-025154,Boîte fusibles relais,1,23.1
CMD-000693,2026-04-13,Mécanique Rapide Inc.,ROT-015403,Disque de frein ventilé,8,107.88
CMD-000693,2026-04-13,Auto Clinic,FLT-026010,Filtre à air moteur,4,32.68
CMD-000693,2026-04-13,Pneus & Mécanique Pro,SPK-031992,Bougie allumage iridium,1,20.18
CMD-000693,2026-04-13,Pneus & Mécanique Pro,ALT-007061,Alternateur 12V 140A,6,289.42
CMD-000693,2026-04-13,Garage du Centre,EXH-007271,Silencieux échappement,5,390.56
CMD-000694,2026-04-12,Garage Tremblay,FUS-026474,Boîte fusibles relais,5,18.89
CMD-000695,2026-03-05,Garage Royal,FUS-037574,Boîte fusibles relais,1,22.82
CMD-000696,2025-09-06,Mécanique Rapide Inc.,ALT-046126,Alternateur 12V 140A,6,421.09
CMD-000696,2025-09-06,Atelier Mécanique 360,SPK-033608,Bougie allumage iridium,7,17.65
CMD-000696,2025-09-06,Auto Clinic,ALT-041787,Alternateur 12V 140A,7,213.22
CMD-000696,2025-09-06,Pneus & Mécanique Pro,SEN-015192,Capteur ABS,3,38.69
CMD-000696,2025-09-06,Centre Auto Plus,SPK-037015,Bougie allumage iridium,6,18.73
CMD-000697,2025-12-30,Auto-Réparation ABC,ROT-015403,Disque de frein ventilé,5,107.88
CMD-000698,2025-10-30,Garage Royal,STR-023248,Jambe de force suspension,7,244.06
CMD-000698,2025-10-30,Pneus & Mécanique Pro,ALT-001078,Alternateur 12V 140A,6,235.28
CMD-000699,2026-01-03,Centre Auto Plus,FLT-031402,Filtre à air moteur,1,26.67
CMD-000700,2025-09-28,Auto-Réparation ABC,ROT-021710,Disque de frein ventilé,1,128.69
CMD-000701,2026-03-28,Atelier Mécanique 360,ROT-006864,Disque de frein ventilé,7,105.15
CMD-000702,2026-02-12,Garage Royal,ALT-001778,Alternateur 12V 140A,6,242.99
CMD-000702,2026-02-12,Auto Clinic,BRK-013237,Jeu plaquettes AV,5,53.16
CMD-000702,2026-02-12,Garage Tremblay,SEN-002690,Capteur ABS,1,49.02
CMD-000702,2026-02-12,Atelier Mécanique 360,FUS-019025,Boîte fusibles relais,8,16.14
CMD-000703,2026-06-19,Pneus & Mécanique Pro,ROT-015403,Disque de frein ventilé,5,107.88
CMD-000704,2026-04-21,Auto-Réparation ABC,ROT-047623,Disque de frein ventilé,8,191.56
CMD-000705,2026-02-02,Atelier Mécanique 360,BRK-047004,Jeu plaquettes AV,7,91.9
CMD-000705,2026-02-02,Atelier Mécanique 360,ROT-015403,Disque de frein ventilé,6,107.88
CMD-000706,2026-06-20,Carrosserie Moderne,ALT-001778,Alternateur 12V 140A,3,242.99
CMD-000706,2026-06-20,Garage Tremblay,BRK-001937,Jeu plaquettes AV,7,88.96
CMD-000706,2026-06-20,Garage du Centre,FUS-028100,Boîte fusibles relais,5,17.6
CMD-000706,2026-06-20,Carrosserie Moderne,ROT-015403,Disque de frein ventilé,3,107.88
CMD-000706,2026-06-20,Auto Clinic,FLT-011683,Filtre à air moteur,8,37.71
CMD-000707,2026-05-02,Garage Tremblay,BRK-017720,Jeu plaquettes AV,1,85.77
CMD-000707,2026-05-02,Garage Royal,SPK-043295,Bougie allumage iridium,6,13.79
CMD-000708,2026-04-27,Garage Tremblay,FUS-025154,Boîte fusibles relais,3,23.1
CMD-000708,2026-04-27,Auto Clinic,FUS-037574,Boîte fusibles relais,1,22.82
CMD-000709,2026-08-18,Garage Royal,ROT-017022,Disque de frein ventilé,8,145.87
CMD-000709,2026-08-18,Pneus & Mécanique Pro,ALT-000386,Alternateur 12V 140A,8,227.9
CMD-000710,2026-05-22,Garage Tremblay,ALT-046126,Alternateur 12V 140A,4,421.09
CMD-000711,2026-07-11,Mécanique Rapide Inc.,ALT-035530,Alternateur 12V 140A,6,238.74
CMD-000711,2026-07-11,Mécanique Rapide Inc.,ROT-015403,Disque de frein ventilé,6,107.88
CMD-000711,2026-07-11,Garage Tremblay,SEN-013569,Capteur ABS,4,42.76
CMD-000711,2026-07-11,Pneus & Mécanique Pro,SPK-032001,Bougie allumage iridium,6,18.07
CMD-000712,2026-05-23,Garage du Centre,ALT-001778,Alternateur 12V 140A,3,242.99
CMD-000712,2026-05-23,Pneus & Mécanique Pro,FUS-039684,Boîte fusibles relais,6,14.91
CMD-000712,2026-05-23,Garage du Centre,EXH-033547,Silencieux échappement,7,322.76
CMD-000712,2026-05-23,Auto-Réparation ABC,FLT-031402,Filtre à air moteur,6,26.67
CMD-000713,2026-07-16,Garage du Centre,FUS-037574,Boîte fusibles relais,3,22.82
CMD-000714,2025-10-14,Atelier Mécanique 360,ROT-039102,Disque de frein ventilé,5,83.39
CMD-000715,2025-11-10,Garage Tremblay,FUS-037465,Boîte fusibles relais,3,13.4
CMD-000715,2025-11-10,Atelier Mécanique 360,SEN-002386,Capteur ABS,2,37.38
CMD-000715,2025-11-10,Centre Auto Plus,ALT-010794,Alternateur 12V 140A,3,367.23
CMD-000715,2025-11-10,Centre Auto Plus,ROT-037068,Disque de frein ventilé,1,100.89
CMD-000715,2025-11-10,Auto-Réparation ABC,FLT-042228,Filtre à air moteur,2,38.95
CMD-000716,2026-08-13,Auto-Réparation ABC,FUS-028100,Boîte fusibles relais,1,17.6
CMD-000716,2026-08-13,Auto Clinic,FLT-031402,Filtre à air moteur,3,26.67
CMD-000717,2025-11-26,Garage du Centre,FUS-028100,Boîte fusibles relais,3,17.6
CMD-000717,2025-11-26,Auto Clinic,SEN-015192,Capteur ABS,8,38.69
CMD-000717,2025-11-26,Mécanique Rapide Inc.,BRK-043609,Jeu plaquettes AV,1,47.15
CMD-000717,2025-11-26,Centre Auto Plus,STR-023248,Jambe de force suspension,1,244.06
CMD-000717,2025-11-26,Mécanique Rapide Inc.,ALT-023526,Alternateur 12V 140A,6,300.63
CMD-000718,2026-05-04,Centre Auto Plus,FUS-026474,Boîte fusibles relais,2,18.89
CMD-000718,2026-05-04,Carrosserie Moderne,ROT-021710,Disque de frein ventilé,7,128.69
CMD-000718,2026-05-04,Pneus & Mécanique Pro,ALT-010069,Alternateur 12V 140A,8,284.46
CMD-000718,2026-05-04,Centre Auto Plus,BRK-017720,Jeu plaquettes AV,3,85.77
CMD-000719,2026-07-29,Centre Auto Plus,FUS-025154,Boîte fusibles relais,2,23.1
CMD-000719,2026-07-29,Garage du Centre,RAD-035768,Radiateur refroidissement,8,177.87
CMD-000719,2026-07-29,Garage Royal,EXH-049698,Silencieux échappement,4,345.09
CMD-000719,2026-07-29,Auto Clinic,RAD-011217,Radiateur refroidissement,8,217.88
CMD-000720,2025-10-09,Carrosserie Moderne,EXH-034377,Silencieux échappement,1,268.92
CMD-000720,2025-10-09,Garage Tremblay,SEN-031098,Capteur ABS,7,67.4
CMD-000720,2025-10-09,Centre Auto Plus,ROT-018008,Disque de frein ventilé,6,101.69
CMD-000720,2025-10-09,Garage du Centre,BRK-009718,Jeu plaquettes AV,5,49.14
CMD-000721,2025-12-08,Garage du Centre,ROT-015403,Disque de frein ventilé,6,107.88
CMD-000722,2026-07-19,Auto Clinic,ROT-021710,Disque de frein ventilé,2,128.69
CMD-000722,2026-07-19,Auto-Réparation ABC,ALT-036394,Alternateur 12V 140A,5,433.19
CMD-000723,2026-05-03,Pneus & Mécanique Pro,ROT-015403,Disque de frein ventilé,3,107.88
CMD-000724,2025-10-06,Carrosserie Moderne,ROT-015403,Disque de frein ventilé,1,107.88
CMD-000724,2025-10-06,Carrosserie Moderne,ROT-007220,Disque de frein ventilé,6,116.26
CMD-000725,2025-09-07,Garage Royal,FUS-028100,Boîte fusibles relais,7,17.6
CMD-000726,2026-05-28,Auto-Réparation ABC,SEN-015192,Capteur ABS,5,38.69
CMD-000726,2026-05-28,Garage du Centre,SPK-025943,Bougie allumage iridium,3,22.81
CMD-000726,2026-05-28,Auto Clinic,SEN-035482,Capteur ABS,8,44.17
CMD-000727,2025-10-21,Garage Tremblay,BRK-047004,Jeu plaquettes AV,6,91.9
CMD-000728,2026-02-02,Garage Tremblay,ROT-015403,Disque de frein ventilé,6,107.88
CMD-000728,2026-02-02,Auto-Réparation ABC,ALT-001778,Alternateur 12V 140A,4,242.99
CMD-000728,2026-02-02,Centre Auto Plus,FUS-028100,Boîte fusibles relais,1,17.6
CMD-000729,2026-01-26,Pneus & Mécanique Pro,ROT-043334,Disque de frein ventilé,8,133.36
CMD-000729,2026-01-26,Garage Royal,EXH-002023,Silencieux échappement,6,218.66
CMD-000729,2026-01-26,Mécanique Rapide Inc.,SPK-043767,Bougie allumage iridium,4,15.6
CMD-000729,2026-01-26,Mécanique Rapide Inc.,BRK-048883,Jeu plaquettes AV,6,89.97
CMD-000730,2026-08-30,Garage Tremblay,BLB-037992,Ampoule LED H7,3,27.13
CMD-000730,2026-08-30,Garage Royal,FLT-011683,Filtre à air moteur,8,37.71
CMD-000730,2026-08-30,Carrosserie Moderne,EXH-033547,Silencieux échappement,1,322.76
CMD-000730,2026-08-30,Centre Auto Plus,FUS-028100,Boîte fusibles relais,4,17.6
CMD-000730,2026-08-30,Auto Clinic,ALT-006276,Alternateur 12V 140A,1,220.23
CMD-000731,2026-07-23,Garage du Centre,ROT-015403,Disque de frein ventilé,1,107.88
CMD-000731,2026-07-23,Auto Clinic,ROT-007220,Disque de frein ventilé,2,116.26
CMD-000731,2026-07-23,Centre Auto Plus,FLT-026010,Filtre à air moteur,2,32.68
CMD-000731,2026-07-23,Auto-Réparation ABC,ALT-007061,Alternateur 12V 140A,3,289.42
CMD-000732,2025-10-23,Garage Tremblay,ROT-015403,Disque de frein ventilé,3,107.88
CMD-000732,2025-10-23,Auto Clinic,FLT-026010,Filtre à air moteur,2,32.68
CMD-000733,2026-06-19,Garage du Centre,ROT-015403,Disque de frein ventilé,6,107.88
CMD-000733,2026-06-19,Auto Clinic,EXH-007271,Silencieux échappement,6,390.56
CMD-000733,2026-06-19,Mécanique Rapide Inc.,SPK-031992,Bougie allumage iridium,8,20.18
CMD-000733,2026-06-19,Pneus & Mécanique Pro,ALT-007061,Alternateur 12V 140A,6,289.42
CMD-000733,2026-06-19,Centre Auto Plus,ROT-007220,Disque de frein ventilé,6,116.26
CMD-000734,2026-04-18,Pneus & Mécanique Pro,ROT-015403,Disque de frein ventilé,7,107.88
CMD-000734,2026-04-18,Garage du Centre,FUS-028100,Boîte fusibles relais,3,17.6
CMD-000734,2026-04-18,Mécanique Rapide Inc.,SEN-006021,Capteur ABS,3,31.48
CMD-000735,2026-03-18,Centre Auto Plus,BRK-006205,Jeu plaquettes AV,4,53.37
CMD-000735,2026-03-18,Garage Tremblay,ALT-037590,Alternateur 12V 140A,5,461.54
CMD-000735,2026-03-18,Auto-Réparation ABC,SEN-046955,Capteur ABS,8,35.73
CMD-000735,2026-03-18,Atelier Mécanique 360,ROT-034002,Disque de frein ventilé,1,177.99
CMD-000735,2026-03-18,Garage Royal,BRK-037405,Jeu plaquettes AV,1,45.88
CMD-000736,2025-11-20,Garage Tremblay,ROT-006864,Disque de frein ventilé,3,105.15
CMD-000736,2025-11-20,Garage Royal,SEN-045054,Capteur ABS,7,56.01
CMD-000736,2025-11-20,Auto-Réparation ABC,SEN-006132,Capteur ABS,7,40.66
CMD-000736,2025-11-20,Garage Tremblay,ROT-015403,Disque de frein ventilé,6,107.88
CMD-000736,2025-11-20,Garage Royal,FUS-026474,Boîte fusibles relais,4,18.89
CMD-000737,2026-06-11,Auto-Réparation ABC,FLT-011683,Filtre à air moteur,4,37.71
CMD-000737,2026-06-11,Auto-Réparation ABC,BRK-042035,Jeu plaquettes AV,6,57.16
CMD-000737,2026-06-11,Garage du Centre,BRK-043609,Jeu plaquettes AV,2,47.15
CMD-000737,2026-06-11,Auto Clinic,ALT-040335,Alternateur 12V 140A,8,368.08
CMD-000737,2026-06-11,Atelier Mécanique 360,BRK-032885,Jeu plaquettes AV,4,54.07
CMD-000738,2025-10-17,Centre Auto Plus,SEN-006021,Capteur ABS,7,31.48
CMD-000739,2025-12-15,Pneus & Mécanique Pro,ROT-015403,Disque de frein ventilé,7,107.88
CMD-000739,2025-12-15,Atelier Mécanique 360,FUS-013874,Boîte fusibles relais,3,19.21
CMD-000739,2025-12-15,Carrosserie Moderne,SEN-043446,Capteur ABS,1,71.18
CMD-000739,2025-12-15,Pneus & Mécanique Pro,RAD-008323,Radiateur refroidissement,7,225.29
CMD-000740,2026-06-10,Mécanique Rapide Inc.,ROT-015403,Disque de frein ventilé,4,107.88
CMD-000741,2026-05-06,Auto-Réparation ABC,ALT-001778,Alternateur 12V 140A,5,242.99
CMD-000741,2026-05-06,Auto-Réparation ABC,ALT-007205,Alternateur 12V 140A,3,250.82
CMD-000741,2026-05-06,Carrosserie Moderne,BRK-013237,Jeu plaquettes AV,6,53.16
CMD-000742,2026-01-17,Garage Royal,FUS-037574,Boîte fusibles relais,3,22.82
CMD-000742,2026-01-17,Mécanique Rapide Inc.,SPK-032001,Bougie allumage iridium,8,18.07
CMD-000743,2026-06-05,Carrosserie Moderne,FLT-026629,Filtre à air moteur,2,21.34
CMD-000743,2026-06-05,Garage Tremblay,FLT-015733,Filtre à air moteur,2,33.71
CMD-000744,2025-10-19,Pneus & Mécanique Pro,FUS-041719,Boîte fusibles relais,2,14.8
CMD-000744,2025-10-19,Mécanique Rapide Inc.,ROT-015403,Disque de frein ventilé,7,107.88
CMD-000744,2025-10-19,Garage du Centre,FLT-011683,Filtre à air moteur,8,37.71
CMD-000744,2025-10-19,Pneus & Mécanique Pro,ALT-001778,Alternateur 12V 140A,4,242.99
CMD-000744,2025-10-19,Auto-Réparation ABC,FLT-017708,Filtre à air moteur,1,29.61
CMD-000745,2026-02-20,Garage Royal,FUS-036362,Boîte fusibles relais,4,20.34
CMD-000745,2026-02-20,Pneus & Mécanique Pro,ROT-021710,Disque de frein ventilé,2,128.69
CMD-000746,2025-10-21,Mécanique Rapide Inc.,ROT-015403,Disque de frein ventilé,5,107.88
CMD-000746,2025-10-21,Centre Auto Plus,FLT-026010,Filtre à air moteur,4,32.68
CMD-000746,2025-10-21,Garage Tremblay,ALT-007061,Alternateur 12V 140A,8,289.42
CMD-000746,2025-10-21,Garage Tremblay,SPK-031992,Bougie allumage iridium,3,20.18
CMD-000747,2026-04-26,Centre Auto Plus,FUS-025154,Boîte fusibles relais,2,23.1
CMD-000747,2026-04-26,Pneus & Mécanique Pro,ALT-040335,Alternateur 12V 140A,8,368.08
CMD-000747,2026-04-26,Pneus & Mécanique Pro,SEN-046955,Capteur ABS,7,35.73
CMD-000747,2026-04-26,Mécanique Rapide Inc.,FUS-026474,Boîte fusibles relais,4,18.89
CMD-000748,2026-01-20,Garage Tremblay,FUS-028100,Boîte fusibles relais,1,17.6
CMD-000748,2026-01-20,Carrosserie Moderne,SPK-032001,Bougie allumage iridium,8,18.07
CMD-000748,2026-01-20,Mécanique Rapide Inc.,RAD-038113,Radiateur refroidissement,5,210.9
CMD-000748,2026-01-20,Garage Royal,BLB-037992,Ampoule LED H7,1,27.13
CMD-000749,2026-08-03,Carrosserie Moderne,FUS-037574,Boîte fusibles relais,4,22.82
CMD-000749,2026-08-03,Centre Auto Plus,FUS-027893,Boîte fusibles relais,8,20.0
CMD-000749,2026-08-03,Garage Tremblay,BLB-047201,Ampoule LED H7,5,28.87
CMD-000750,2026-02-25,Atelier Mécanique 360,ROT-015403,Disque de frein ventilé,5,107.88
CMD-000751,2026-02-24,Centre Auto Plus,EXH-034377,Silencieux échappement,3,268.92
CMD-000752,2026-03-16,Garage du Centre,BRK-017720,Jeu plaquettes AV,6,85.77
CMD-000753,2026-02-06,Pneus & Mécanique Pro,FUS-028100,Boîte fusibles relais,5,17.6
CMD-000754,2026-04-24,Garage Royal,ROT-015403,Disque de frein ventilé,7,107.88
CMD-000755,2026-05-16,Atelier Mécanique 360,FUS-037465,Boîte fusibles relais,5,13.4
CMD-000755,2026-05-16,Carrosserie Moderne,ROT-037068,Disque de frein ventilé,4,100.89
CMD-000756,2025-10-03,Auto Clinic,ROT-043334,Disque de frein ventilé,4,133.36
CMD-000756,2025-10-03,Auto Clinic,BRK-047004,Jeu plaquettes AV,2,91.9
CMD-000756,2025-10-03,Carrosserie Moderne,ALT-013343,Alternateur 12V 140A,1,241.48
CMD-000756,2025-10-03,Atelier Mécanique 360,ROT-002797,Disque de frein ventilé,7,141.62
CMD-000756,2025-10-03,Auto-Réparation ABC,ROT-015403,Disque de frein ventilé,8,107.88
CMD-000757,2026-03-23,Mécanique Rapide Inc.,ROT-006864,Disque de frein ventilé,6,105.15
CMD-000757,2026-03-23,Atelier Mécanique 360,ROT-015403,Disque de frein ventilé,5,107.88
CMD-000757,2026-03-23,Centre Auto Plus,FUS-041719,Boîte fusibles relais,3,14.8
CMD-000758,2026-06-26,Auto Clinic,BRK-017720,Jeu plaquettes AV,7,85.77
CMD-000758,2026-06-26,Garage du Centre,ROT-015403,Disque de frein ventilé,4,107.88
CMD-000758,2026-06-26,Garage Royal,BLB-020402,Ampoule LED H7,7,19.04
CMD-000759,2026-06-23,Auto Clinic,ROT-015403,Disque de frein ventilé,6,107.88
CMD-000759,2026-06-23,Auto Clinic,ALT-007061,Alternateur 12V 140A,5,289.42
CMD-000759,2026-06-23,Carrosserie Moderne,FLT-026010,Filtre à air moteur,1,32.68
CMD-000759,2026-06-23,Garage du Centre,SPK-031992,Bougie allumage iridium,8,20.18
CMD-000759,2026-06-23,Centre Auto Plus,EXH-007271,Silencieux échappement,1,390.56
CMD-000760,2026-06-10,Auto Clinic,BRK-006205,Jeu plaquettes AV,3,53.37
CMD-000760,2026-06-10,Garage Tremblay,ALT-037590,Alternateur 12V 140A,1,461.54
CMD-000760,2026-06-10,Auto Clinic,SEN-046955,Capteur ABS,2,35.73
CMD-000760,2026-06-10,Garage Royal,ROT-031547,Disque de frein ventilé,2,189.51
CMD-000760,2026-06-10,Garage Tremblay,ROT-034002,Disque de frein ventilé,8,177.99
CMD-000761,2026-06-01,Auto Clinic,FUS-025154,Boîte fusibles relais,5,23.1
CMD-000762,2026-04-09,Auto Clinic,SEN-002386,Capteur ABS,6,37.38
CMD-000762,2026-04-09,Pneus & Mécanique Pro,FLT-042228,Filtre à air moteur,4,38.95
CMD-000763,2026-08-12,Garage Tremblay,ROT-015403,Disque de frein ventilé,3,107.88
CMD-000763,2026-08-12,Carrosserie Moderne,FLT-026010,Filtre à air moteur,8,32.68
CMD-000764,2025-12-10,Garage Royal,ROT-015403,Disque de frein ventilé,7,107.88
CMD-000764,2025-12-10,Garage du Centre,FLT-042719,Filtre à air moteur,1,21.49
CMD-000764,2025-12-10,Auto Clinic,FUS-028100,Boîte fusibles relais,2,17.6
CMD-000764,2025-12-10,Auto Clinic,EXH-034377,Silencieux échappement,1,268.92
CMD-000764,2025-12-10,Pneus & Mécanique Pro,ALT-001778,Alternateur 12V 140A,5,242.99
CMD-000765,2026-02-23,Centre Auto Plus,STR-023248,Jambe de force suspension,5,244.06
CMD-000765,2026-02-23,Atelier Mécanique 360,ALT-007996,Alternateur 12V 140A,6,220.97
CMD-000766,2025-10-26,Auto-Réparation ABC,ROT-027668,Disque de frein ventilé,2,139.0
CMD-000766,2025-10-26,Centre Auto Plus,FUS-013874,Boîte fusibles relais,3,19.21
CMD-000766,2025-10-26,Centre Auto Plus,SEN-013569,Capteur ABS,7,42.76
CMD-000766,2025-10-26,Auto Clinic,SPK-017734,Bougie allumage iridium,6,20.39
CMD-000766,2025-10-26,Garage Tremblay,BRK-014503,Jeu plaquettes AV,2,88.03
CMD-000767,2026-01-06,Pneus & Mécanique Pro,ROT-015403,Disque de frein ventilé,7,107.88
CMD-000767,2026-01-06,Mécanique Rapide Inc.,SPK-031992,Bougie allumage iridium,5,20.18
CMD-000767,2026-01-06,Pneus & Mécanique Pro,EXH-007271,Silencieux échappement,3,390.56
CMD-000767,2026-01-06,Garage Royal,ALT-007061,Alternateur 12V 140A,8,289.42
CMD-000767,2026-01-06,Atelier Mécanique 360,ROT-007220,Disque de frein ventilé,4,116.26
CMD-000768,2025-11-05,Garage du Centre,BRK-006205,Jeu plaquettes AV,2,53.37
CMD-000768,2025-11-05,Garage Royal,SEN-046955,Capteur ABS,5,35.73
CMD-000769,2025-11-09,Auto-Réparation ABC,SEN-006021,Capteur ABS,6,31.48
CMD-000769,2025-11-09,Garage Tremblay,FUS-003395,Boîte fusibles relais,4,17.5
CMD-000769,2025-11-09,Centre Auto Plus,ALT-011421,Alternateur 12V 140A,8,394.92
CMD-000769,2025-11-09,Pneus & Mécanique Pro,FUS-021849,Boîte fusibles relais,2,14.18
CMD-000770,2025-12-21,Garage Royal,BRK-006205,Jeu plaquettes AV,7,53.37
CMD-000771,2025-12-21,Mécanique Rapide Inc.,BMP-018500,Pare-chocs AV primaire,6,451.96
CMD-000771,2025-12-21,Atelier Mécanique 360,FUS-036362,Boîte fusibles relais,4,20.34
CMD-000772,2025-10-17,Atelier Mécanique 360,ROT-015403,Disque de frein ventilé,5,107.88
CMD-000772,2025-10-17,Garage du Centre,RAD-038113,Radiateur refroidissement,2,210.9
CMD-000773,2025-12-20,Garage du Centre,FLT-011683,Filtre à air moteur,1,37.71
CMD-000773,2025-12-20,Mécanique Rapide Inc.,BRK-043609,Jeu plaquettes AV,5,47.15
CMD-000774,2026-01-10,Mécanique Rapide Inc.,ALT-001778,Alternateur 12V 140A,2,242.99
CMD-000774,2026-01-10,Carrosserie Moderne,BRK-013237,Jeu plaquettes AV,8,53.16
CMD-000775,2026-07-03,Auto-Réparation ABC,ROT-006864,Disque de frein ventilé,6,105.15
CMD-000775,2026-07-03,Garage Tremblay,FUS-025154,Boîte fusibles relais,5,23.1
CMD-000776,2026-05-11,Carrosserie Moderne,FLT-011683,Filtre à air moteur,6,37.71
CMD-000776,2026-05-11,Auto Clinic,ALT-040335,Alternateur 12V 140A,7,368.08
CMD-000776,2026-05-11,Carrosserie Moderne,FUS-041719,Boîte fusibles relais,3,14.8
CMD-000777,2026-07-01,Auto Clinic,SEN-013569,Capteur ABS,4,42.76
CMD-000777,2026-07-01,Garage du Centre,ALT-023526,Alternateur 12V 140A,6,300.63
CMD-000777,2026-07-01,Centre Auto Plus,SPK-017734,Bougie allumage iridium,3,20.39
CMD-000777,2026-07-01,Pneus & Mécanique Pro,BRK-014503,Jeu plaquettes AV,1,88.03
CMD-000777,2026-07-01,Garage du Centre,FUS-013874,Boîte fusibles relais,8,19.21
CMD-000778,2026-01-06,Auto-Réparation ABC,FUS-028100,Boîte fusibles relais,6,17.6
CMD-000779,2026-04-22,Garage Tremblay,ROT-015403,Disque de frein ventilé,3,107.88
CMD-000779,2026-04-22,Carrosserie Moderne,EXH-007271,Silencieux échappement,3,390.56
CMD-000779,2026-04-22,Pneus & Mécanique Pro,ROT-007220,Disque de frein ventilé,5,116.26
CMD-000780,2025-12-04,Centre Auto Plus,FUS-025154,Boîte fusibles relais,8,23.1
CMD-000780,2025-12-04,Pneus & Mécanique Pro,FLT-011683,Filtre à air moteur,4,37.71
CMD-000781,2026-06-26,Garage Royal,SEN-006021,Capteur ABS,8,31.48
CMD-000781,2026-06-26,Garage Tremblay,FUS-021849,Boîte fusibles relais,5,14.18
CMD-000781,2026-06-26,Atelier Mécanique 360,FUS-003395,Boîte fusibles relais,6,17.5
CMD-000781,2026-06-26,Pneus & Mécanique Pro,FLT-010535,Filtre à air moteur,7,15.65
CMD-000781,2026-06-26,Pneus & Mécanique Pro,ALT-011421,Alternateur 12V 140A,5,394.92
CMD-000782,2026-08-04,Auto-Réparation ABC,SPK-031992,Bougie allumage iridium,7,20.18
CMD-000782,2026-08-04,Garage Tremblay,ALT-007061,Alternateur 12V 140A,6,289.42
CMD-000782,2026-08-04,Garage Royal,ROT-015403,Disque de frein ventilé,5,107.88
CMD-000782,2026-08-04,Centre Auto Plus,FLT-026010,Filtre à air moteur,6,32.68
CMD-000782,2026-08-04,Mécanique Rapide Inc.,ROT-007220,Disque de frein ventilé,4,116.26
CMD-000783,2026-06-28,Garage du Centre,ROT-015403,Disque de frein ventilé,4,107.88
CMD-000783,2026-06-28,Auto Clinic,ALT-007061,Alternateur 12V 140A,3,289.42
CMD-000783,2026-06-28,Garage Royal,ROT-007220,Disque de frein ventilé,4,116.26
CMD-000783,2026-06-28,Garage Royal,EXH-007271,Silencieux échappement,5,390.56
CMD-000783,2026-06-28,Atelier Mécanique 360,SPK-031992,Bougie allumage iridium,5,20.18
CMD-000784,2025-12-03,Garage du Centre,FUS-025154,Boîte fusibles relais,4,23.1
CMD-000785,2025-10-24,Carrosserie Moderne,FUS-025154,Boîte fusibles relais,1,23.1
CMD-000785,2025-10-24,Pneus & Mécanique Pro,RAD-035768,Radiateur refroidissement,1,177.87
CMD-000785,2025-10-24,Auto Clinic,ALT-002471,Alternateur 12V 140A,5,269.92
CMD-000785,2025-10-24,Garage Royal,BRK-020584,Jeu plaquettes AV,8,57.06
CMD-000786,2025-12-02,Atelier Mécanique 360,FLT-028324,Filtre à air moteur,7,18.75
CMD-000786,2025-12-02,Mécanique Rapide Inc.,FUS-027893,Boîte fusibles relais,5,20.0
CMD-000787,2026-06-05,Mécanique Rapide Inc.,BMP-028097,Pare-chocs AV primaire,5,523.46
CMD-000787,2026-06-05,Pneus & Mécanique Pro,ALT-025474,Alternateur 12V 140A,6,369.75
CMD-000787,2026-06-05,Pneus & Mécanique Pro,BRK-048251,Jeu plaquettes AV,2,89.61
CMD-000787,2026-06-05,Garage du Centre,FLT-005484,Filtre à air moteur,8,34.9
CMD-000788,2026-05-04,Auto Clinic,ROT-043334,Disque de frein ventilé,5,133.36
CMD-000788,2026-05-04,Garage Royal,BRK-048883,Jeu plaquettes AV,1,89.97
CMD-000789,2025-09-23,Garage Royal,ROT-015403,Disque de frein ventilé,1,107.88
CMD-000789,2025-09-23,Centre Auto Plus,ROT-048335,Disque de frein ventilé,3,168.29
CMD-000789,2025-09-23,Centre Auto Plus,FLT-011683,Filtre à air moteur,3,37.71
CMD-000789,2025-09-23,Garage Royal,BLB-020402,Ampoule LED H7,5,19.04
CMD-000789,2025-09-23,Centre Auto Plus,ALT-035530,Alternateur 12V 140A,6,238.74
CMD-000790,2026-02-09,Pneus & Mécanique Pro,ROT-015403,Disque de frein ventilé,8,107.88
CMD-000790,2026-02-09,Pneus & Mécanique Pro,SPK-031992,Bougie allumage iridium,6,20.18
CMD-000790,2026-02-09,Garage Royal,FLT-026010,Filtre à air moteur,5,32.68
CMD-000791,2026-03-20,Mécanique Rapide Inc.,ALT-002471,Alternateur 12V 140A,1,269.92
CMD-000791,2026-03-20,Mécanique Rapide Inc.,BRK-017720,Jeu plaquettes AV,2,85.77
CMD-000791,2026-03-20,Auto-Réparation ABC,ALT-001078,Alternateur 12V 140A,8,235.28
CMD-000792,2026-08-03,Auto Clinic,ROT-015403,Disque de frein ventilé,5,107.88
CMD-000792,2026-08-03,Atelier Mécanique 360,ROT-007220,Disque de frein ventilé,4,116.26
CMD-000793,2025-09-15,Garage Tremblay,FLT-011683,Filtre à air moteur,3,37.71
CMD-000793,2025-09-15,Auto Clinic,FUS-028100,Boîte fusibles relais,1,17.6
CMD-000794,2026-08-15,Pneus & Mécanique Pro,BLB-020402,Ampoule LED H7,4,19.04
CMD-000795,2025-11-27,Centre Auto Plus,EXH-034377,Silencieux échappement,4,268.92
CMD-000795,2025-11-27,Pneus & Mécanique Pro,ROT-015403,Disque de frein ventilé,2,107.88
CMD-000795,2025-11-27,Mécanique Rapide Inc.,FUS-026474,Boîte fusibles relais,5,18.89
CMD-000795,2025-11-27,Atelier Mécanique 360,FLT-026010,Filtre à air moteur,7,32.68
CMD-000796,2025-12-22,Pneus & Mécanique Pro,FLT-011683,Filtre à air moteur,6,37.71
CMD-000796,2025-12-22,Pneus & Mécanique Pro,FUS-041719,Boîte fusibles relais,4,14.8
CMD-000797,2026-03-06,Mécanique Rapide Inc.,FUS-028100,Boîte fusibles relais,6,17.6
CMD-000797,2026-03-06,Carrosserie Moderne,FLT-009287,Filtre à air moteur,4,36.05
CMD-000797,2026-03-06,Centre Auto Plus,FLT-031402,Filtre à air moteur,5,26.67
CMD-000797,2026-03-06,Pneus & Mécanique Pro,SEN-004309,Capteur ABS,5,41.19
CMD-000797,2026-03-06,Mécanique Rapide Inc.,ROT-018669,Disque de frein ventilé,3,124.93
CMD-000798,2025-12-31,Garage Royal,FUS-025154,Boîte fusibles relais,5,23.1
CMD-000798,2025-12-31,Mécanique Rapide Inc.,RAD-011217,Radiateur refroidissement,5,217.88
CMD-000798,2025-12-31,Pneus & Mécanique Pro,ALT-002471,Alternateur 12V 140A,2,269.92
CMD-000798,2025-12-31,Garage du Centre,BRK-020584,Jeu plaquettes AV,7,57.06
CMD-000798,2025-12-31,Auto Clinic,RAD-035768,Radiateur refroidissement,7,177.87
CMD-000799,2026-05-31,Atelier Mécanique 360,SPK-003219,Bougie allumage iridium,1,16.07
CMD-000799,2026-05-31,Garage Royal,ROT-025009,Disque de frein ventilé,1,157.96
CMD-000799,2026-05-31,Atelier Mécanique 360,ALT-025474,Alternateur 12V 140A,6,369.75
CMD-000799,2026-05-31,Garage Tremblay,BMP-028097,Pare-chocs AV primaire,2,523.46
CMD-000800,2026-02-15,Garage Tremblay,ROT-006864,Disque de frein ventilé,6,105.15
CMD-000800,2026-02-15,Carrosserie Moderne,FUS-039684,Boîte fusibles relais,5,14.91
CMD-000800,2026-02-15,Auto Clinic,SPK-047981,Bougie allumage iridium,4,24.04
CMD-000800,2026-02-15,Garage du Centre,BRK-003411,Jeu plaquettes AV,8,78.75
CMD-000800,2026-02-15,Garage Tremblay,BLB-040946,Ampoule LED H7,8,29.33
CMD-000801,2025-10-10,Auto-Réparation ABC,FLT-011683,Filtre à air moteur,5,37.71
CMD-000802,2026-01-16,Garage Tremblay,BRK-017720,Jeu plaquettes AV,8,85.77
CMD-000802,2026-01-16,Auto-Réparation ABC,SPK-043295,Bougie allumage iridium,7,13.79
CMD-000802,2026-01-16,Atelier Mécanique 360,SEN-033632,Capteur ABS,7,68.9
CMD-000802,2026-01-16,Carrosserie Moderne,ALT-015059,Alternateur 12V 140A,4,396.5
CMD-000802,2026-01-16,Auto Clinic,BRK-038699,Jeu plaquettes AV,8,92.39
CMD-000803,2025-11-08,Pneus & Mécanique Pro,BRK-006205,Jeu plaquettes AV,2,53.37
CMD-000803,2025-11-08,Centre Auto Plus,ROT-031547,Disque de frein ventilé,2,189.51
CMD-000803,2025-11-08,Mécanique Rapide Inc.,SEN-046955,Capteur ABS,8,35.73
CMD-000804,2025-09-11,Centre Auto Plus,FUS-041719,Boîte fusibles relais,8,14.8
CMD-000804,2025-09-11,Garage du Centre,ALT-040335,Alternateur 12V 140A,5,368.08
CMD-000804,2025-09-11,Auto-Réparation ABC,BRK-032885,Jeu plaquettes AV,8,54.07
CMD-000804,2025-09-11,Garage Royal,BRK-042035,Jeu plaquettes AV,3,57.16
CMD-000804,2025-09-11,Auto Clinic,BRK-043609,Jeu plaquettes AV,8,47.15
CMD-000805,2026-08-01,Garage Tremblay,ROT-015403,Disque de frein ventilé,5,107.88
CMD-000805,2026-08-01,Garage Tremblay,SPK-031992,Bougie allumage iridium,3,20.18
CMD-000805,2026-08-01,Mécanique Rapide Inc.,ALT-007061,Alternateur 12V 140A,7,289.42
CMD-000805,2026-08-01,Atelier Mécanique 360,ROT-007220,Disque de frein ventilé,7,116.26
CMD-000806,2026-07-21,Garage du Centre,ALT-001778,Alternateur 12V 140A,6,242.99
CMD-000806,2026-07-21,Atelier Mécanique 360,FUS-028100,Boîte fusibles relais,4,17.6
CMD-000806,2026-07-21,Atelier Mécanique 360,ROT-015403,Disque de frein ventilé,5,107.88
CMD-000806,2026-07-21,Garage Royal,BRK-003736,Jeu plaquettes AV,6,83.33
CMD-000806,2026-07-21,Mécanique Rapide Inc.,STR-023248,Jambe de force suspension,6,244.06
CMD-000807,2026-02-22,Atelier Mécanique 360,ROT-015403,Disque de frein ventilé,5,107.88
CMD-000807,2026-02-22,Garage Royal,ALT-007061,Alternateur 12V 140A,2,289.42
CMD-000807,2026-02-22,Auto-Réparation ABC,FLT-026010,Filtre à air moteur,3,32.68
CMD-000808,2026-04-17,Mécanique Rapide Inc.,ALT-001778,Alternateur 12V 140A,5,242.99
CMD-000808,2026-04-17,Garage Royal,ROT-015403,Disque de frein ventilé,7,107.88
CMD-000808,2026-04-17,Centre Auto Plus,BRK-017720,Jeu plaquettes AV,7,85.77
CMD-000809,2026-01-11,Centre Auto Plus,BLB-020402,Ampoule LED H7,4,19.04
CMD-000809,2026-01-11,Mécanique Rapide Inc.,SPK-032001,Bougie allumage iridium,3,18.07
CMD-000810,2025-09-09,Auto-Réparation ABC,FUS-025154,Boîte fusibles relais,5,23.1
CMD-000811,2026-05-25,Mécanique Rapide Inc.,FLT-017690,Filtre à air moteur,6,23.9
CMD-000811,2026-05-25,Pneus & Mécanique Pro,SEN-020721,Capteur ABS,2,59.04
CMD-000811,2026-05-25,Garage du Centre,FUS-004135,Boîte fusibles relais,2,14.53
CMD-000811,2026-05-25,Mécanique Rapide Inc.,BRK-044618,Jeu plaquettes AV,6,48.42
CMD-000811,2026-05-25,Centre Auto Plus,STR-026017,Jambe de force suspension,8,131.28
CMD-000812,2025-10-05,Carrosserie Moderne,ROT-015403,Disque de frein ventilé,5,107.88
CMD-000812,2025-10-05,Auto Clinic,ALT-001778,Alternateur 12V 140A,2,242.99
CMD-000812,2025-10-05,Carrosserie Moderne,SPK-025943,Bougie allumage iridium,1,22.81
CMD-000813,2025-12-20,Carrosserie Moderne,FLT-011683,Filtre à air moteur,6,37.71
CMD-000813,2025-12-20,Garage du Centre,BRK-043609,Jeu plaquettes AV,1,47.15
CMD-000813,2025-12-20,Atelier Mécanique 360,BRK-042035,Jeu plaquettes AV,6,57.16
CMD-000814,2026-04-03,Pneus & Mécanique Pro,BRK-044381,Jeu plaquettes AV,7,48.66
CMD-000814,2026-04-03,Atelier Mécanique 360,ROT-015403,Disque de frein ventilé,4,107.88
CMD-000814,2026-04-03,Garage Royal,ALT-013343,Alternateur 12V 140A,8,241.48
CMD-000814,2026-04-03,Atelier Mécanique 360,BLB-037992,Ampoule LED H7,4,27.13
CMD-000815,2026-06-28,Atelier Mécanique 360,EXH-002023,Silencieux échappement,6,218.66
CMD-000815,2026-06-28,Garage Tremblay,BRK-048883,Jeu plaquettes AV,5,89.97
CMD-000815,2026-06-28,Pneus & Mécanique Pro,SPK-043767,Bougie allumage iridium,2,15.6
CMD-000815,2026-06-28,Garage Tremblay,FLT-042719,Filtre à air moteur,2,21.49
CMD-000815,2026-06-28,Auto-Réparation ABC,FLT-034378,Filtre à air moteur,1,20.46
CMD-000816,2025-09-16,Carrosserie Moderne,FUS-025154,Boîte fusibles relais,8,23.1
CMD-000816,2025-09-16,Centre Auto Plus,FLT-040053,Filtre à air moteur,5,17.01
CMD-000816,2025-09-16,Pneus & Mécanique Pro,ROT-015403,Disque de frein ventilé,5,107.88
CMD-000817,2026-03-19,Pneus & Mécanique Pro,FUS-021849,Boîte fusibles relais,1,14.18
CMD-000817,2026-03-19,Carrosserie Moderne,FUS-026474,Boîte fusibles relais,6,18.89
CMD-000817,2026-03-19,Garage du Centre,ALT-001778,Alternateur 12V 140A,3,242.99
CMD-000817,2026-03-19,Auto-Réparation ABC,ROT-015403,Disque de frein ventilé,8,107.88
CMD-000817,2026-03-19,Centre Auto Plus,ROT-021710,Disque de frein ventilé,8,128.69
CMD-000818,2026-06-21,Carrosserie Moderne,SPK-032001,Bougie allumage iridium,3,18.07
CMD-000818,2026-06-21,Garage Royal,ROT-014715,Disque de frein ventilé,3,133.08
CMD-000818,2026-06-21,Atelier Mécanique 360,ROT-015403,Disque de frein ventilé,2,107.88
CMD-000818,2026-06-21,Carrosserie Moderne,FUS-028100,Boîte fusibles relais,8,17.6
CMD-000818,2026-06-21,Centre Auto Plus,FLT-029423,Filtre à air moteur,3,40.89
CMD-000819,2026-03-27,Mécanique Rapide Inc.,FUS-005948,Boîte fusibles relais,5,21.5
CMD-000819,2026-03-27,Carrosserie Moderne,SPK-042345,Bougie allumage iridium,1,19.89
CMD-000819,2026-03-27,Carrosserie Moderne,FUS-040638,Boîte fusibles relais,2,8.95
CMD-000819,2026-03-27,Atelier Mécanique 360,SPK-044783,Bougie allumage iridium,3,24.23
CMD-000819,2026-03-27,Carrosserie Moderne,FLT-043239,Filtre à air moteur,5,27.52
CMD-000820,2025-10-30,Garage du Centre,FUS-028100,Boîte fusibles relais,4,17.6
CMD-000820,2025-10-30,Garage Royal,ALT-008600,Alternateur 12V 140A,8,411.15
CMD-000821,2026-03-11,Auto Clinic,ALT-001778,Alternateur 12V 140A,6,242.99
CMD-000821,2026-03-11,Atelier Mécanique 360,BMP-048102,Pare-chocs AV primaire,1,212.63
CMD-000821,2026-03-11,Garage Royal,ALT-007205,Alternateur 12V 140A,6,250.82
CMD-000822,2025-10-23,Atelier Mécanique 360,SEN-006021,Capteur ABS,4,31.48
CMD-000822,2025-10-23,Garage Tremblay,BMP-031963,Pare-chocs AV primaire,5,274.27
CMD-000822,2025-10-23,Garage Tremblay,ROT-015403,Disque de frein ventilé,5,107.88
CMD-000823,2026-01-30,Pneus & Mécanique Pro,FUS-025154,Boîte fusibles relais,3,23.1
CMD-000823,2026-01-30,Pneus & Mécanique Pro,RAD-011217,Radiateur refroidissement,6,217.88
CMD-000823,2026-01-30,Garage Royal,BRK-020584,Jeu plaquettes AV,8,57.06
CMD-000823,2026-01-30,Centre Auto Plus,ALT-002471,Alternateur 12V 140A,4,269.92
CMD-000823,2026-01-30,Mécanique Rapide Inc.,RAD-035768,Radiateur refroidissement,7,177.87
CMD-000824,2025-12-13,Garage Tremblay,BLB-007509,Ampoule LED H7,4,34.03
CMD-000824,2025-12-13,Auto-Réparation ABC,ROT-014289,Disque de frein ventilé,7,122.32
CMD-000824,2025-12-13,Auto-Réparation ABC,FLT-032848,Filtre à air moteur,2,16.69
CMD-000825,2026-03-30,Auto-Réparation ABC,EXH-034377,Silencieux échappement,4,268.92
CMD-000826,2026-08-30,Garage Royal,BRK-047004,Jeu plaquettes AV,1,91.9
CMD-000826,2026-08-30,Garage du Centre,FUS-028100,Boîte fusibles relais,7,17.6
CMD-000826,2026-08-30,Auto-Réparation ABC,BLB-020402,Ampoule LED H7,4,19.04
CMD-000827,2026-05-21,Garage du Centre,ROT-015403,Disque de frein ventilé,7,107.88
CMD-000827,2026-05-21,Atelier Mécanique 360,ROT-007220,Disque de frein ventilé,2,116.26
CMD-000827,2026-05-21,Atelier Mécanique 360,ALT-007061,Alternateur 12V 140A,5,289.42
CMD-000828,2026-08-02,Garage Tremblay,RAD-013421,Radiateur refroidissement,8,153.6
CMD-000828,2026-08-02,Mécanique Rapide Inc.,SEN-034457,Capteur ABS,2,50.82
CMD-000829,2026-01-15,Garage Royal,ROT-015403,Disque de frein ventilé,7,107.88
CMD-000829,2026-01-15,Atelier Mécanique 360,EXH-007271,Silencieux échappement,1,390.56
CMD-000829,2026-01-15,Carrosserie Moderne,ALT-007061,Alternateur 12V 140A,2,289.42
CMD-000830,2025-09-05,Pneus & Mécanique Pro,ROT-015403,Disque de frein ventilé,6,107.88
CMD-000830,2025-09-05,Mécanique Rapide Inc.,ALT-007061,Alternateur 12V 140A,3,289.42
CMD-000831,2025-11-09,Auto Clinic,FUS-028100,Boîte fusibles relais,2,17.6
CMD-000831,2025-11-09,Carrosserie Moderne,ROT-006864,Disque de frein ventilé,5,105.15
CMD-000832,2025-09-19,Auto Clinic,FLT-011683,Filtre à air moteur,6,37.71
CMD-000832,2025-09-19,Garage Royal,BRK-042035,Jeu plaquettes AV,6,57.16
CMD-000832,2025-09-19,Auto-Réparation ABC,ALT-040335,Alternateur 12V 140A,4,368.08
CMD-000832,2025-09-19,Garage du Centre,BRK-043609,Jeu plaquettes AV,5,47.15
CMD-000832,2025-09-19,Garage Royal,FUS-041719,Boîte fusibles relais,2,14.8
CMD-000833,2026-03-12,Mécanique Rapide Inc.,ROT-015403,Disque de frein ventilé,5,107.88
CMD-000834,2025-11-15,Auto-Réparation ABC,ROT-015403,Disque de frein ventilé,5,107.88
CMD-000834,2025-11-15,Auto Clinic,EXH-007271,Silencieux échappement,8,390.56
CMD-000835,2025-12-09,Mécanique Rapide Inc.,EXH-033547,Silencieux échappement,5,322.76
CMD-000835,2025-12-09,Atelier Mécanique 360,ROT-015403,Disque de frein ventilé,2,107.88
CMD-000835,2025-12-09,Mécanique Rapide Inc.,BLB-037992,Ampoule LED H7,3,27.13
CMD-000836,2026-08-26,Pneus & Mécanique Pro,ALT-001778,Alternateur 12V 140A,7,242.99
CMD-000836,2026-08-26,Garage Royal,BRK-013237,Jeu plaquettes AV,8,53.16
CMD-000836,2026-08-26,Atelier Mécanique 360,SEN-002690,Capteur ABS,6,49.02
CMD-000836,2026-08-26,Atelier Mécanique 360,FUS-019025,Boîte fusibles relais,2,16.14
CMD-000836,2026-08-26,Pneus & Mécanique Pro,ALT-007205,Alternateur 12V 140A,7,250.82
CMD-000837,2026-05-21,Centre Auto Plus,ROT-015403,Disque de frein ventilé,4,107.88
CMD-000837,2026-05-21,Mécanique Rapide Inc.,ALT-007061,Alternateur 12V 140A,5,289.42
CMD-000838,2026-05-17,Garage Tremblay,FLT-011683,Filtre à air moteur,5,37.71
CMD-000838,2026-05-17,Atelier Mécanique 360,BRK-032885,Jeu plaquettes AV,5,54.07
CMD-000838,2026-05-17,Auto Clinic,BRK-043609,Jeu plaquettes AV,5,47.15
CMD-000839,2026-01-31,Centre Auto Plus,STR-026017,Jambe de force suspension,1,131.28
CMD-000840,2025-12-30,Atelier Mécanique 360,FLT-040963,Filtre à air moteur,8,23.2
CMD-000841,2026-01-14,Mécanique Rapide Inc.,SEN-008012,Capteur ABS,5,33.57
CMD-000842,2025-11-12,Pneus & Mécanique Pro,ALT-001778,Alternateur 12V 140A,1,242.99
CMD-000843,2026-01-30,Centre Auto Plus,ALT-010069,Alternateur 12V 140A,3,284.46
CMD-000843,2026-01-30,Pneus & Mécanique Pro,ALT-049926,Alternateur 12V 140A,5,306.59
CMD-000843,2026-01-30,Atelier Mécanique 360,BLB-030464,Ampoule LED H7,5,31.77
CMD-000843,2026-01-30,Garage Tremblay,BRK-005234,Jeu plaquettes AV,2,96.79
CMD-000843,2026-01-30,Garage du Centre,EXH-033547,Silencieux échappement,1,322.76
CMD-000844,2026-08-23,Garage Royal,FUS-025154,Boîte fusibles relais,6,23.1
CMD-000844,2026-08-23,Carrosserie Moderne,ROT-015403,Disque de frein ventilé,3,107.88
CMD-000845,2025-10-05,Garage Royal,FUS-028100,Boîte fusibles relais,1,17.6
CMD-000845,2025-10-05,Auto Clinic,ALT-001778,Alternateur 12V 140A,3,242.99
CMD-000845,2025-10-05,Garage Tremblay,ROT-015403,Disque de frein ventilé,4,107.88
CMD-000845,2025-10-05,Garage Royal,BRK-003736,Jeu plaquettes AV,6,83.33
CMD-000846,2026-01-19,Garage du Centre,EXH-034377,Silencieux échappement,4,268.92
CMD-000846,2026-01-19,Mécanique Rapide Inc.,SPK-025943,Bougie allumage iridium,8,22.81
CMD-000847,2026-05-11,Garage Tremblay,ROT-015403,Disque de frein ventilé,1,107.88
CMD-000847,2026-05-11,Auto Clinic,SPK-031992,Bougie allumage iridium,8,20.18
CMD-000848,2026-03-30,Centre Auto Plus,BRK-017720,Jeu plaquettes AV,8,85.77
CMD-000848,2026-03-30,Auto-Réparation ABC,SPK-043295,Bougie allumage iridium,7,13.79
CMD-000848,2026-03-30,Garage Royal,ALT-015059,Alternateur 12V 140A,1,396.5
CMD-000848,2026-03-30,Carrosserie Moderne,BRK-038699,Jeu plaquettes AV,3,92.39
CMD-000849,2026-02-06,Garage Tremblay,FLT-026606,Filtre à air moteur,3,14.88
CMD-000850,2026-03-29,Atelier Mécanique 360,BLB-007509,Ampoule LED H7,8,34.03
CMD-000850,2026-03-29,Mécanique Rapide Inc.,FLT-032848,Filtre à air moteur,5,16.69
CMD-000850,2026-03-29,Carrosserie Moderne,ROT-014289,Disque de frein ventilé,6,122.32
CMD-000851,2026-07-27,Atelier Mécanique 360,BRK-017720,Jeu plaquettes AV,7,85.77
CMD-000851,2026-07-27,Carrosserie Moderne,ALT-015059,Alternateur 12V 140A,2,396.5
CMD-000851,2026-07-27,Centre Auto Plus,SPK-043295,Bougie allumage iridium,7,13.79
CMD-000852,2026-01-23,Garage Royal,ROT-001967,Disque de frein ventilé,3,82.24
CMD-000852,2026-01-23,Centre Auto Plus,FUS-028100,Boîte fusibles relais,6,17.6
CMD-000852,2026-01-23,Centre Auto Plus,BRK-017720,Jeu plaquettes AV,1,85.77
CMD-000852,2026-01-23,Garage Tremblay,ALT-001778,Alternateur 12V 140A,5,242.99
CMD-000853,2026-05-16,Garage du Centre,FUS-025154,Boîte fusibles relais,8,23.1
CMD-000853,2026-05-16,Atelier Mécanique 360,BLB-030464,Ampoule LED H7,1,31.77
CMD-000853,2026-05-16,Carrosserie Moderne,ALT-001778,Alternateur 12V 140A,5,242.99
CMD-000853,2026-05-16,Garage Royal,ROT-015403,Disque de frein ventilé,6,107.88
CMD-000854,2026-04-02,Garage Royal,FUS-028100,Boîte fusibles relais,5,17.6
CMD-000854,2026-04-02,Mécanique Rapide Inc.,RAD-008323,Radiateur refroidissement,8,225.29
CMD-000854,2026-04-02,Garage Tremblay,SEN-031098,Capteur ABS,3,67.4
CMD-000855,2026-08-11,Garage Tremblay,ALT-038546,Alternateur 12V 140A,1,350.51
CMD-000856,2025-09-07,Mécanique Rapide Inc.,BRK-047004,Jeu plaquettes AV,8,91.9
CMD-000857,2025-09-27,Auto-Réparation ABC,ROT-015403,Disque de frein ventilé,5,107.88
CMD-000857,2025-09-27,Auto Clinic,ROT-007220,Disque de frein ventilé,7,116.26
CMD-000857,2025-09-27,Auto-Réparation ABC,FLT-026010,Filtre à air moteur,5,32.68
CMD-000857,2025-09-27,Auto-Réparation ABC,ALT-007061,Alternateur 12V 140A,7,289.42
CMD-000857,2025-09-27,Auto-Réparation ABC,EXH-007271,Silencieux échappement,6,390.56
CMD-000858,2026-07-26,Garage du Centre,ROT-015403,Disque de frein ventilé,5,107.88
CMD-000859,2026-03-06,Auto Clinic,BRK-048251,Jeu plaquettes AV,6,89.61
CMD-000859,2026-03-06,Pneus & Mécanique Pro,ALT-025474,Alternateur 12V 140A,3,369.75
CMD-000859,2026-03-06,Garage Tremblay,SPK-003219,Bougie allumage iridium,2,16.07
CMD-000859,2026-03-06,Pneus & Mécanique Pro,FLT-005484,Filtre à air moteur,4,34.9
CMD-000859,2026-03-06,Pneus & Mécanique Pro,ROT-025009,Disque de frein ventilé,8,157.96
CMD-000860,2026-04-28,Garage Tremblay,STR-031193,Jambe de force suspension,5,214.77
CMD-000860,2026-04-28,Mécanique Rapide Inc.,ROT-015403,Disque de frein ventilé,8,107.88
CMD-000860,2026-04-28,Auto-Réparation ABC,RAD-006901,Radiateur refroidissement,1,215.86
CMD-000860,2026-04-28,Garage Tremblay,BRK-038699,Jeu plaquettes AV,1,92.39
CMD-000860,2026-04-28,Pneus & Mécanique Pro,ROT-043334,Disque de frein ventilé,8,133.36
CMD-000861,2025-10-04,Auto-Réparation ABC,FUS-028100,Boîte fusibles relais,8,17.6
CMD-000861,2025-10-04,Auto Clinic,ROT-018669,Disque de frein ventilé,5,124.93
CMD-000861,2025-10-04,Mécanique Rapide Inc.,FLT-009287,Filtre à air moteur,7,36.05
CMD-000862,2025-10-09,Atelier Mécanique 360,FUS-025154,Boîte fusibles relais,6,23.1
CMD-000862,2025-10-09,Mécanique Rapide Inc.,ROT-015403,Disque de frein ventilé,1,107.88
CMD-000863,2026-04-16,Garage Royal,SEN-013569,Capteur ABS,1,42.76
CMD-000863,2026-04-16,Atelier Mécanique 360,SPK-017734,Bougie allumage iridium,5,20.39
CMD-000863,2026-04-16,Auto-Réparation ABC,FUS-013874,Boîte fusibles relais,8,19.21
CMD-000863,2026-04-16,Garage Royal,BRK-014503,Jeu plaquettes AV,7,88.03
CMD-000863,2026-04-16,Atelier Mécanique 360,ROT-027668,Disque de frein ventilé,2,139.0
CMD-000864,2026-05-09,Mécanique Rapide Inc.,FUS-025154,Boîte fusibles relais,2,23.1
CMD-000864,2026-05-09,Garage Royal,EXH-049698,Silencieux échappement,8,345.09
CMD-000865,2025-11-02,Pneus & Mécanique Pro,ROT-044210,Disque de frein ventilé,4,175.19
CMD-000865,2025-11-02,Carrosserie Moderne,FUS-027893,Boîte fusibles relais,1,20.0
CMD-000865,2025-11-02,Centre Auto Plus,BLB-047201,Ampoule LED H7,4,28.87
CMD-000865,2025-11-02,Auto-Réparation ABC,FUS-037574,Boîte fusibles relais,7,22.82
CMD-000865,2025-11-02,Mécanique Rapide Inc.,SEN-045054,Capteur ABS,7,56.01
CMD-000866,2025-09-30,Centre Auto Plus,STR-026017,Jambe de force suspension,4,131.28
CMD-000866,2025-09-30,Garage Royal,FUS-004135,Boîte fusibles relais,2,14.53
CMD-000866,2025-09-30,Garage Tremblay,FLT-017690,Filtre à air moteur,7,23.9
CMD-000866,2025-09-30,Carrosserie Moderne,BLB-020402,Ampoule LED H7,7,19.04
CMD-000866,2025-09-30,Mécanique Rapide Inc.,BRK-044618,Jeu plaquettes AV,4,48.42
CMD-000867,2026-01-25,Pneus & Mécanique Pro,FUS-028100,Boîte fusibles relais,8,17.6
CMD-000867,2026-01-25,Auto-Réparation ABC,ALT-007061,Alternateur 12V 140A,7,289.42
CMD-000867,2026-01-25,Atelier Mécanique 360,RAD-006901,Radiateur refroidissement,4,215.86
CMD-000867,2026-01-25,Garage Tremblay,BLB-037992,Ampoule LED H7,7,27.13
CMD-000868,2026-04-20,Atelier Mécanique 360,ROT-015403,Disque de frein ventilé,6,107.88
CMD-000868,2026-04-20,Mécanique Rapide Inc.,BRK-036192,Jeu plaquettes AV,4,67.56
CMD-000868,2026-04-20,Pneus & Mécanique Pro,EXH-047688,Silencieux échappement,7,255.52
CMD-000868,2026-04-20,Mécanique Rapide Inc.,ALT-001778,Alternateur 12V 140A,8,242.99
CMD-000868,2026-04-20,Carrosserie Moderne,FUS-025154,Boîte fusibles relais,4,23.1
CMD-000869,2025-09-11,Garage Royal,FLT-010048,Filtre à air moteur,4,32.49
CMD-000869,2025-09-11,Atelier Mécanique 360,RAD-025491,Radiateur refroidissement,1,220.59
CMD-000869,2025-09-11,Garage du Centre,BMP-018500,Pare-chocs AV primaire,2,451.96
CMD-000870,2026-08-21,Pneus & Mécanique Pro,ROT-015403,Disque de frein ventilé,2,107.88
CMD-000870,2026-08-21,Garage Royal,RAD-008323,Radiateur refroidissement,3,225.29
CMD-000870,2026-08-21,Garage Tremblay,ALT-007061,Alternateur 12V 140A,8,289.42
CMD-000870,2026-08-21,Auto-Réparation ABC,SPK-043767,Bougie allumage iridium,8,15.6
CMD-000870,2026-08-21,Pneus & Mécanique Pro,FUS-026474,Boîte fusibles relais,4,18.89
CMD-000871,2026-07-15,Auto-Réparation ABC,ALT-003156,Alternateur 12V 140A,4,452.21
CMD-000871,2026-07-15,Garage Royal,BRK-009571,Jeu plaquettes AV,5,55.23
CMD-000872,2026-04-26,Carrosserie Moderne,ALT-001778,Alternateur 12V 140A,8,242.99
CMD-000872,2026-04-26,Pneus & Mécanique Pro,FUS-019025,Boîte fusibles relais,5,16.14
CMD-000873,2026-07-30,Auto-Réparation ABC,FUS-025154,Boîte fusibles relais,5,23.1
CMD-000873,2026-07-30,Mécanique Rapide Inc.,EXH-049698,Silencieux échappement,7,345.09
CMD-000874,2026-08-02,Auto Clinic,SEN-006021,Capteur ABS,7,31.48
CMD-000875,2025-11-12,Pneus & Mécanique Pro,ROT-015403,Disque de frein ventilé,4,107.88
CMD-000875,2025-11-12,Atelier Mécanique 360,ROT-007220,Disque de frein ventilé,8,116.26
CMD-000876,2025-10-13,Carrosserie Moderne,BRK-032885,Jeu plaquettes AV,4,54.07
CMD-000876,2025-10-13,Centre Auto Plus,FUS-041719,Boîte fusibles relais,4,14.8
CMD-000876,2025-10-13,Mécanique Rapide Inc.,FLT-011683,Filtre à air moteur,4,37.71
CMD-000876,2025-10-13,Garage du Centre,BRK-042035,Jeu plaquettes AV,8,57.16
CMD-000876,2025-10-13,Garage Tremblay,ALT-040335,Alternateur 12V 140A,2,368.08
CMD-000877,2026-02-28,Centre Auto Plus,FUS-028100,Boîte fusibles relais,2,17.6
CMD-000877,2026-02-28,Carrosserie Moderne,ROT-015403,Disque de frein ventilé,1,107.88
CMD-000878,2026-05-21,Mécanique Rapide Inc.,ROT-015403,Disque de frein ventilé,7,107.88
CMD-000878,2026-05-21,Garage Royal,EXH-007271,Silencieux échappement,6,390.56
CMD-000878,2026-05-21,Centre Auto Plus,ALT-007061,Alternateur 12V 140A,6,289.42
CMD-000878,2026-05-21,Auto Clinic,SPK-031992,Bougie allumage iridium,2,20.18
CMD-000878,2026-05-21,Garage Royal,ROT-007220,Disque de frein ventilé,3,116.26
CMD-000879,2026-08-02,Garage Royal,ROT-015403,Disque de frein ventilé,6,107.88
CMD-000880,2026-03-13,Garage Tremblay,SPK-044783,Bougie allumage iridium,1,24.23
CMD-000880,2026-03-13,Auto Clinic,FLT-011683,Filtre à air moteur,8,37.71
CMD-000880,2026-03-13,Pneus & Mécanique Pro,BRK-040876,Jeu plaquettes AV,3,77.0
CMD-000881,2025-11-28,Garage du Centre,ROT-015403,Disque de frein ventilé,6,107.88
CMD-000881,2025-11-28,Pneus & Mécanique Pro,SPK-031992,Bougie allumage iridium,5,20.18
CMD-000881,2025-11-28,Auto Clinic,EXH-007271,Silencieux échappement,2,390.56
CMD-000881,2025-11-28,Auto-Réparation ABC,ALT-007061,Alternateur 12V 140A,1,289.42
CMD-000881,2025-11-28,Auto Clinic,FLT-026010,Filtre à air moteur,2,32.68
CMD-000882,2026-02-13,Atelier Mécanique 360,FUS-005948,Boîte fusibles relais,2,21.5
CMD-000882,2026-02-13,Atelier Mécanique 360,RAD-025660,Radiateur refroidissement,1,165.29
CMD-000882,2026-02-13,Atelier Mécanique 360,SPK-044783,Bougie allumage iridium,5,24.23
CMD-000882,2026-02-13,Pneus & Mécanique Pro,FUS-040638,Boîte fusibles relais,1,8.95
CMD-000882,2026-02-13,Carrosserie Moderne,FLT-043239,Filtre à air moteur,3,27.52
CMD-000883,2025-12-18,Carrosserie Moderne,SEN-006021,Capteur ABS,2,31.48
CMD-000883,2025-12-18,Garage Tremblay,SPK-032001,Bougie allumage iridium,1,18.07
CMD-000884,2026-08-06,Auto-Réparation ABC,FUS-028100,Boîte fusibles relais,7,17.6
CMD-000884,2026-08-06,Garage du Centre,ROT-006864,Disque de frein ventilé,5,105.15
CMD-000884,2026-08-06,Carrosserie Moderne,BMP-048102,Pare-chocs AV primaire,5,212.63
CMD-000885,2025-09-25,Atelier Mécanique 360,ROT-015403,Disque de frein ventilé,7,107.88
CMD-000886,2026-04-24,Garage du Centre,BLB-037992,Ampoule LED H7,7,27.13
CMD-000887,2026-07-09,Garage Tremblay,ROT-015403,Disque de frein ventilé,2,107.88
CMD-000888,2025-10-28,Garage Royal,ROT-015403,Disque de frein ventilé,6,107.88
CMD-000888,2025-10-28,Garage du Centre,FUS-025154,Boîte fusibles relais,2,23.1
CMD-000888,2025-10-28,Garage Royal,FUS-026474,Boîte fusibles relais,1,18.89
CMD-000888,2025-10-28,Auto Clinic,ALT-001778,Alternateur 12V 140A,2,242.99
CMD-000888,2025-10-28,Auto-Réparation ABC,ALT-006276,Alternateur 12V 140A,7,220.23
CMD-000889,2026-08-26,Centre Auto Plus,ROT-015403,Disque de frein ventilé,4,107.88
CMD-000889,2026-08-26,Garage Royal,FLT-026010,Filtre à air moteur,4,32.68
CMD-000889,2026-08-26,Auto Clinic,ALT-007061,Alternateur 12V 140A,1,289.42
CMD-000890,2026-03-18,Pneus & Mécanique Pro,EXH-033547,Silencieux échappement,8,322.76
CMD-000890,2026-03-18,Atelier Mécanique 360,STR-031193,Jambe de force suspension,3,214.77
CMD-000890,2026-03-18,Auto-Réparation ABC,ALT-049926,Alternateur 12V 140A,8,306.59
CMD-000890,2026-03-18,Centre Auto Plus,BRK-005234,Jeu plaquettes AV,6,96.79
CMD-000891,2025-12-09,Auto-Réparation ABC,ROT-015403,Disque de frein ventilé,5,107.88
CMD-000891,2025-12-09,Mécanique Rapide Inc.,SPK-031992,Bougie allumage iridium,1,20.18
CMD-000891,2025-12-09,Auto Clinic,ALT-007061,Alternateur 12V 140A,4,289.42
CMD-000892,2025-09-28,Carrosserie Moderne,BRK-047004,Jeu plaquettes AV,7,91.9
CMD-000892,2025-09-28,Mécanique Rapide Inc.,ROT-006864,Disque de frein ventilé,6,105.15
CMD-000893,2025-10-09,Garage Royal,RAD-042341,Radiateur refroidissement,6,227.46
CMD-000893,2025-10-09,Garage Royal,SEN-049426,Capteur ABS,7,58.54
CMD-000893,2025-10-09,Pneus & Mécanique Pro,BRK-038495,Jeu plaquettes AV,4,72.46
CMD-000893,2025-10-09,Auto Clinic,ALT-049278,Alternateur 12V 140A,2,423.05
CMD-000893,2025-10-09,Garage du Centre,ALT-036410,Alternateur 12V 140A,4,244.03
CMD-000894,2025-12-26,Carrosserie Moderne,FUS-027893,Boîte fusibles relais,4,20.0
CMD-000894,2025-12-26,Garage Tremblay,ROT-007220,Disque de frein ventilé,4,116.26
CMD-000894,2025-12-26,Garage Royal,SPK-044783,Bougie allumage iridium,8,24.23
CMD-000894,2025-12-26,Garage du Centre,SPK-043767,Bougie allumage iridium,4,15.6
CMD-000894,2025-12-26,Garage Royal,ROT-015403,Disque de frein ventilé,4,107.88
CMD-000895,2026-02-21,Garage Royal,ROT-047623,Disque de frein ventilé,7,191.56
CMD-000895,2026-02-21,Garage Tremblay,STR-037922,Jambe de force suspension,5,181.79
CMD-000895,2026-02-21,Garage Tremblay,SEN-026048,Capteur ABS,1,61.18
CMD-000895,2026-02-21,Centre Auto Plus,FLT-040963,Filtre à air moteur,5,23.2
CMD-000895,2026-02-21,Garage du Centre,SEN-003185,Capteur ABS,3,59.42
CMD-000896,2026-07-18,Garage Royal,ROT-021710,Disque de frein ventilé,7,128.69
CMD-000896,2026-07-18,Auto Clinic,ALT-011901,Alternateur 12V 140A,7,437.77
CMD-000897,2025-11-10,Auto Clinic,FUS-009657,Boîte fusibles relais,7,23.65
CMD-000897,2025-11-10,Garage du Centre,FUS-025154,Boîte fusibles relais,4,23.1
CMD-000897,2025-11-10,Garage du Centre,ROT-015403,Disque de frein ventilé,4,107.88
CMD-000897,2025-11-10,Mécanique Rapide Inc.,FLT-044878,Filtre à air moteur,4,36.42
CMD-000898,2026-01-31,Centre Auto Plus,BRK-040876,Jeu plaquettes AV,2,77.0
CMD-000898,2026-01-31,Garage Tremblay,BRK-009571,Jeu plaquettes AV,6,55.23
CMD-000898,2026-01-31,Centre Auto Plus,ALT-003156,Alternateur 12V 140A,8,452.21
CMD-000898,2026-01-31,Auto-Réparation ABC,BRK-048679,Jeu plaquettes AV,2,67.21
CMD-000898,2026-01-31,Garage du Centre,SEN-019139,Capteur ABS,3,38.32
CMD-000899,2026-08-26,Auto-Réparation ABC,ROT-015403,Disque de frein ventilé,8,107.88
CMD-000900,2026-08-26,Mécanique Rapide Inc.,ALT-015059,Alternateur 12V 140A,3,396.5
CMD-000900,2026-08-26,Auto Clinic,BRK-038699,Jeu plaquettes AV,3,92.39
CMD-000901,2026-06-05,Auto-Réparation ABC,FUS-003501,Boîte fusibles relais,6,22.29
CMD-000901,2026-06-05,Centre Auto Plus,BLB-048086,Ampoule LED H7,6,40.86
CMD-000901,2026-06-05,Auto-Réparation ABC,ROT-036267,Disque de frein ventilé,2,107.69
CMD-000902,2026-04-12,Atelier Mécanique 360,ROT-015403,Disque de frein ventilé,2,107.88
CMD-000902,2026-04-12,Garage Tremblay,ROT-006864,Disque de frein ventilé,6,105.15
CMD-000902,2026-04-12,Auto Clinic,FUS-025154,Boîte fusibles relais,2,23.1
CMD-000903,2026-06-26,Pneus & Mécanique Pro,BLB-020402,Ampoule LED H7,8,19.04
CMD-000904,2026-01-04,Auto Clinic,BRK-017720,Jeu plaquettes AV,5,85.77
CMD-000904,2026-01-04,Garage Royal,ROT-034722,Disque de frein ventilé,4,168.29
CMD-000904,2026-01-04,Garage Royal,BRK-038699,Jeu plaquettes AV,8,92.39
CMD-000904,2026-01-04,Centre Auto Plus,SPK-043295,Bougie allumage iridium,4,13.79
CMD-000905,2026-03-13,Garage Royal,BRK-038495,Jeu plaquettes AV,2,72.46
CMD-000905,2026-03-13,Atelier Mécanique 360,ROT-015403,Disque de frein ventilé,6,107.88
CMD-000906,2025-12-11,Pneus & Mécanique Pro,BRK-013237,Jeu plaquettes AV,7,53.16
CMD-000906,2025-12-11,Garage du Centre,ROT-015403,Disque de frein ventilé,7,107.88
CMD-000907,2026-06-04,Atelier Mécanique 360,FUS-028100,Boîte fusibles relais,7,17.6
CMD-000907,2026-06-04,Pneus & Mécanique Pro,ALT-008600,Alternateur 12V 140A,1,411.15
CMD-000907,2026-06-04,Pneus & Mécanique Pro,FLT-031402,Filtre à air moteur,2,26.67
CMD-000908,2026-05-18,Garage Royal,SEN-026353,Capteur ABS,5,42.53
CMD-000908,2026-05-18,Garage du Centre,SPK-013663,Bougie allumage iridium,2,30.57
CMD-000908,2026-05-18,Garage Tremblay,RAD-038113,Radiateur refroidissement,4,210.9
CMD-000908,2026-05-18,Mécanique Rapide Inc.,FLT-004312,Filtre à air moteur,7,25.94
CMD-000909,2025-11-15,Centre Auto Plus,FUS-025154,Boîte fusibles relais,7,23.1
CMD-000909,2025-11-15,Centre Auto Plus,FLT-022405,Filtre à air moteur,7,24.33
CMD-000909,2025-11-15,Carrosserie Moderne,ROT-015403,Disque de frein ventilé,3,107.88
CMD-000910,2025-10-09,Carrosserie Moderne,ROT-015403,Disque de frein ventilé,7,107.88
CMD-000910,2025-10-09,Centre Auto Plus,SPK-031992,Bougie allumage iridium,1,20.18
CMD-000911,2026-04-17,Auto Clinic,SEN-015192,Capteur ABS,8,38.69
CMD-000912,2025-11-04,Auto Clinic,FUS-025154,Boîte fusibles relais,2,23.1
CMD-000913,2025-11-17,Garage Tremblay,FLT-011683,Filtre à air moteur,5,37.71
CMD-000913,2025-11-17,Pneus & Mécanique Pro,ROT-015403,Disque de frein ventilé,6,107.88
CMD-000913,2025-11-17,Garage Royal,FLT-026629,Filtre à air moteur,8,21.34
CMD-000913,2025-11-17,Garage Royal,RAD-042341,Radiateur refroidissement,4,227.46
CMD-000913,2025-11-17,Pneus & Mécanique Pro,BRK-001937,Jeu plaquettes AV,2,88.96
CMD-000914,2026-08-30,Atelier Mécanique 360,ALT-001778,Alternateur 12V 140A,5,242.99
CMD-000914,2026-08-30,Auto-Réparation ABC,BMP-048102,Pare-chocs AV primaire,5,212.63
CMD-000914,2026-08-30,Pneus & Mécanique Pro,ALT-007205,Alternateur 12V 140A,7,250.82
CMD-000914,2026-08-30,Garage du Centre,SEN-002690,Capteur ABS,3,49.02
CMD-000914,2026-08-30,Atelier Mécanique 360,FUS-019025,Boîte fusibles relais,8,16.14
CMD-000915,2026-02-08,Garage du Centre,FLT-011683,Filtre à air moteur,5,37.71
CMD-000915,2026-02-08,Garage Royal,BRK-033340,Jeu plaquettes AV,5,62.87
CMD-000915,2026-02-08,Pneus & Mécanique Pro,ROT-015403,Disque de frein ventilé,8,107.88
CMD-000915,2026-02-08,Auto-Réparation ABC,SPK-025943,Bougie allumage iridium,1,22.81
CMD-000915,2026-02-08,Centre Auto Plus,ROT-021710,Disque de frein ventilé,3,128.69
CMD-000916,2026-01-03,Garage Royal,FLT-040963,Filtre à air moteur,5,23.2
CMD-000917,2026-03-16,Garage du Centre,FUS-018600,Boîte fusibles relais,2,15.09
CMD-000917,2026-03-16,Carrosserie Moderne,BLB-019537,Ampoule LED H7,4,18.7
CMD-000917,2026-03-16,Garage du Centre,ALT-035530,Alternateur 12V 140A,3,238.74
CMD-000918,2026-04-08,Garage Tremblay,ALT-001778,Alternateur 12V 140A,6,242.99
CMD-000918,2026-04-08,Centre Auto Plus,FUS-019025,Boîte fusibles relais,2,16.14
CMD-000918,2026-04-08,Atelier Mécanique 360,ALT-007205,Alternateur 12V 140A,2,250.82
CMD-000918,2026-04-08,Mécanique Rapide Inc.,BMP-048102,Pare-chocs AV primaire,4,212.63
CMD-000918,2026-04-08,Carrosserie Moderne,SEN-002690,Capteur ABS,8,49.02
CMD-000919,2025-11-07,Mécanique Rapide Inc.,FUS-028100,Boîte fusibles relais,5,17.6
CMD-000919,2025-11-07,Centre Auto Plus,SEN-004309,Capteur ABS,3,41.19
CMD-000919,2025-11-07,Garage du Centre,FLT-031402,Filtre à air moteur,5,26.67
CMD-000919,2025-11-07,Garage Royal,FLT-009287,Filtre à air moteur,2,36.05
CMD-000919,2025-11-07,Mécanique Rapide Inc.,ROT-018669,Disque de frein ventilé,4,124.93
CMD-000920,2026-05-05,Garage du Centre,ALT-001778,Alternateur 12V 140A,3,242.99
CMD-000920,2026-05-05,Pneus & Mécanique Pro,ALT-007205,Alternateur 12V 140A,8,250.82
CMD-000920,2026-05-05,Pneus & Mécanique Pro,BRK-013237,Jeu plaquettes AV,1,53.16
CMD-000920,2026-05-05,Garage Royal,SEN-002690,Capteur ABS,1,49.02
CMD-000920,2026-05-05,Mécanique Rapide Inc.,FUS-019025,Boîte fusibles relais,5,16.14
CMD-000921,2025-12-07,Carrosserie Moderne,BRK-014503,Jeu plaquettes AV,7,88.03
CMD-000921,2025-12-07,Carrosserie Moderne,FUS-013874,Boîte fusibles relais,4,19.21
CMD-000922,2025-12-20,Mécanique Rapide Inc.,BLB-037992,Ampoule LED H7,7,27.13
CMD-000922,2025-12-20,Garage Royal,FLT-044878,Filtre à air moteur,6,36.42
CMD-000922,2025-12-20,Mécanique Rapide Inc.,RAD-049573,Radiateur refroidissement,4,215.12
CMD-000922,2025-12-20,Auto Clinic,BRK-039296,Jeu plaquettes AV,3,70.01
CMD-000923,2025-09-19,Carrosserie Moderne,ROT-015403,Disque de frein ventilé,8,107.88
CMD-000923,2025-09-19,Mécanique Rapide Inc.,SPK-017734,Bougie allumage iridium,1,20.39
CMD-000923,2025-09-19,Garage Tremblay,FUS-019025,Boîte fusibles relais,2,16.14
CMD-000924,2026-04-15,Auto-Réparation ABC,ROT-001359,Disque de frein ventilé,3,180.58
CMD-000924,2026-04-15,Auto Clinic,BLB-048086,Ampoule LED H7,6,40.86
CMD-000924,2026-04-15,Garage Tremblay,SPK-025943,Bougie allumage iridium,2,22.81
CMD-000925,2026-06-27,Auto-Réparation ABC,FLT-040963,Filtre à air moteur,4,23.2
CMD-000926,2026-01-07,Garage du Centre,BRK-038495,Jeu plaquettes AV,6,72.46
CMD-000926,2026-01-07,Auto-Réparation ABC,BMP-037287,Pare-chocs AV primaire,4,323.55
CMD-000927,2026-02-13,Garage Tremblay,FUS-028100,Boîte fusibles relais,8,17.6
CMD-000927,2026-02-13,Auto Clinic,ROT-018669,Disque de frein ventilé,6,124.93
CMD-000928,2026-05-19,Garage Royal,FLT-026629,Filtre à air moteur,4,21.34
CMD-000929,2026-06-15,Mécanique Rapide Inc.,SPK-032001,Bougie allumage iridium,7,18.07
CMD-000929,2026-06-15,Auto Clinic,ALT-006276,Alternateur 12V 140A,2,220.23
CMD-000929,2026-06-15,Carrosserie Moderne,ROT-036267,Disque de frein ventilé,7,107.69
CMD-000930,2026-04-02,Centre Auto Plus,FUS-028100,Boîte fusibles relais,7,17.6
CMD-000931,2025-12-25,Atelier Mécanique 360,ROT-006864,Disque de frein ventilé,5,105.15
CMD-000931,2025-12-25,Carrosserie Moderne,BLB-040946,Ampoule LED H7,7,29.33
CMD-000931,2025-12-25,Pneus & Mécanique Pro,SPK-047981,Bougie allumage iridium,3,24.04
CMD-000932,2026-08-08,Auto Clinic,BRK-025898,Jeu plaquettes AV,7,75.12
CMD-000933,2025-10-27,Garage Royal,FLT-022405,Filtre à air moteur,8,24.33
CMD-000934,2026-07-24,Garage du Centre,SPK-020617,Bougie allumage iridium,4,12.63
CMD-000934,2026-07-24,Mécanique Rapide Inc.,FUS-036362,Boîte fusibles relais,1,20.34
CMD-000934,2026-07-24,Carrosserie Moderne,FLT-022405,Filtre à air moteur,5,24.33
CMD-000934,2026-07-24,Mécanique Rapide Inc.,BMP-018500,Pare-chocs AV primaire,3,451.96
CMD-000935,2026-06-15,Mécanique Rapide Inc.,ROT-015403,Disque de frein ventilé,1,107.88
CMD-000935,2026-06-15,Atelier Mécanique 360,BRK-017720,Jeu plaquettes AV,7,85.77
CMD-000936,2025-10-02,Pneus & Mécanique Pro,ROT-015403,Disque de frein ventilé,6,107.88
CMD-000936,2025-10-02,Auto-Réparation ABC,FLT-026010,Filtre à air moteur,5,32.68
CMD-000936,2025-10-02,Atelier Mécanique 360,ALT-007061,Alternateur 12V 140A,6,289.42
CMD-000937,2026-08-30,Garage Royal,FUS-037574,Boîte fusibles relais,1,22.82
CMD-000937,2026-08-30,Auto-Réparation ABC,FUS-027893,Boîte fusibles relais,5,20.0
CMD-000937,2026-08-30,Auto-Réparation ABC,FLT-028324,Filtre à air moteur,4,18.75
CMD-000937,2026-08-30,Garage du Centre,ROT-044210,Disque de frein ventilé,3,175.19
CMD-000938,2026-05-15,Pneus & Mécanique Pro,FUS-028100,Boîte fusibles relais,6,17.6
CMD-000938,2026-05-15,Carrosserie Moderne,ROT-018669,Disque de frein ventilé,4,124.93
CMD-000938,2026-05-15,Carrosserie Moderne,FLT-031402,Filtre à air moteur,1,26.67
CMD-000938,2026-05-15,Garage du Centre,SEN-004309,Capteur ABS,1,41.19
CMD-000938,2026-05-15,Carrosserie Moderne,FLT-009287,Filtre à air moteur,1,36.05
CMD-000939,2026-02-08,Carrosserie Moderne,ROT-015403,Disque de frein ventilé,2,107.88
CMD-000940,2026-05-03,Centre Auto Plus,SEN-002386,Capteur ABS,2,37.38
CMD-000940,2026-05-03,Auto-Réparation ABC,BRK-017720,Jeu plaquettes AV,1,85.77
CMD-000940,2026-05-03,Auto Clinic,SEN-034457,Capteur ABS,1,50.82
CMD-000941,2026-08-11,Atelier Mécanique 360,FLT-032536,Filtre à air moteur,4,26.71
CMD-000941,2026-08-11,Garage du Centre,FLT-001618,Filtre à air moteur,3,29.58
CMD-000941,2026-08-11,Carrosserie Moderne,RAD-008323,Radiateur refroidissement,1,225.29
CMD-000941,2026-08-11,Garage Royal,BMP-006001,Pare-chocs AV primaire,4,264.54
CMD-000941,2026-08-11,Auto-Réparation ABC,FLT-029423,Filtre à air moteur,1,40.89
CMD-000942,2026-04-05,Pneus & Mécanique Pro,FUS-019025,Boîte fusibles relais,3,16.14
CMD-000942,2026-04-05,Mécanique Rapide Inc.,BRK-013237,Jeu plaquettes AV,4,53.16
CMD-000942,2026-04-05,Mécanique Rapide Inc.,BMP-048102,Pare-chocs AV primaire,6,212.63
CMD-000943,2025-12-04,Garage du Centre,ALT-049278,Alternateur 12V 140A,6,423.05
CMD-000943,2025-12-04,Mécanique Rapide Inc.,FUS-026474,Boîte fusibles relais,1,18.89
CMD-000943,2025-12-04,Garage Tremblay,ROT-015403,Disque de frein ventilé,7,107.88
CMD-000944,2026-03-02,Atelier Mécanique 360,SEN-006132,Capteur ABS,4,40.66
CMD-000945,2025-10-03,Auto Clinic,FUS-028100,Boîte fusibles relais,1,17.6
CMD-000945,2025-10-03,Garage Tremblay,ROT-018669,Disque de frein ventilé,6,124.93
CMD-000946,2026-04-21,Carrosserie Moderne,ROT-015403,Disque de frein ventilé,4,107.88
CMD-000946,2026-04-21,Auto Clinic,RAD-008323,Radiateur refroidissement,4,225.29
CMD-000946,2026-04-21,Garage Royal,RAD-038113,Radiateur refroidissement,4,210.9
CMD-000946,2026-04-21,Auto Clinic,SPK-025943,Bougie allumage iridium,2,22.81
CMD-000947,2025-09-16,Mécanique Rapide Inc.,FUS-025154,Boîte fusibles relais,2,23.1
CMD-000947,2025-09-16,Garage du Centre,BRK-020584,Jeu plaquettes AV,1,57.06
CMD-000947,2025-09-16,Garage Tremblay,RAD-011217,Radiateur refroidissement,8,217.88
CMD-000947,2025-09-16,Centre Auto Plus,RAD-035768,Radiateur refroidissement,7,177.87
CMD-000947,2025-09-16,Mécanique Rapide Inc.,ALT-002471,Alternateur 12V 140A,8,269.92
CMD-000948,2026-01-20,Garage du Centre,EXH-034377,Silencieux échappement,6,268.92
CMD-000949,2026-08-13,Garage du Centre,BRK-003031,Jeu plaquettes AV,8,102.24
CMD-000949,2026-08-13,Garage du Centre,ROT-015403,Disque de frein ventilé,6,107.88
CMD-000949,2026-08-13,Mécanique Rapide Inc.,BLB-037992,Ampoule LED H7,5,27.13
CMD-000949,2026-08-13,Auto Clinic,BRK-036192,Jeu plaquettes AV,8,67.56
CMD-000950,2025-11-13,Centre Auto Plus,ROT-015403,Disque de frein ventilé,7,107.88
CMD-000951,2025-11-25,Carrosserie Moderne,ROT-015403,Disque de frein ventilé,4,107.88
CMD-000951,2025-11-25,Garage Tremblay,ROT-007220,Disque de frein ventilé,7,116.26
CMD-000951,2025-11-25,Atelier Mécanique 360,EXH-007271,Silencieux échappement,2,390.56
CMD-000952,2026-07-26,Atelier Mécanique 360,FUS-041719,Boîte fusibles relais,3,14.8
CMD-000952,2026-07-26,Auto Clinic,BRK-043609,Jeu plaquettes AV,5,47.15
CMD-000952,2026-07-26,Garage Tremblay,BRK-042035,Jeu plaquettes AV,5,57.16
CMD-000952,2026-07-26,Atelier Mécanique 360,BRK-032885,Jeu plaquettes AV,3,54.07
CMD-000952,2026-07-26,Garage du Centre,FLT-011683,Filtre à air moteur,7,37.71
CMD-000953,2025-11-12,Mécanique Rapide Inc.,ALT-015059,Alternateur 12V 140A,4,396.5
CMD-000953,2025-11-12,Auto Clinic,ROT-034722,Disque de frein ventilé,3,168.29
CMD-000953,2025-11-12,Garage Tremblay,BRK-017720,Jeu plaquettes AV,1,85.77
CMD-000953,2025-11-12,Garage du Centre,SPK-043295,Bougie allumage iridium,1,13.79
CMD-000953,2025-11-12,Garage Royal,SEN-033632,Capteur ABS,7,68.9
CMD-000954,2026-08-26,Pneus & Mécanique Pro,BRK-044381,Jeu plaquettes AV,2,48.66
CMD-000954,2026-08-26,Auto-Réparation ABC,BRK-017720,Jeu plaquettes AV,3,85.77
CMD-000954,2026-08-26,Mécanique Rapide Inc.,FUS-028100,Boîte fusibles relais,4,17.6
CMD-000954,2026-08-26,Auto-Réparation ABC,FLT-034378,Filtre à air moteur,1,20.46
CMD-000954,2026-08-26,Auto-Réparation ABC,BRK-006205,Jeu plaquettes AV,4,53.37
CMD-000955,2026-07-14,Centre Auto Plus,FLT-026606,Filtre à air moteur,3,14.88
CMD-000955,2026-07-14,Mécanique Rapide Inc.,ALT-036394,Alternateur 12V 140A,4,433.19
CMD-000956,2026-01-04,Atelier Mécanique 360,BRK-005978,Jeu plaquettes AV,5,65.1
CMD-000956,2026-01-04,Mécanique Rapide Inc.,BMP-037254,Pare-chocs AV primaire,7,283.13
CMD-000957,2026-03-19,Pneus & Mécanique Pro,SEN-006021,Capteur ABS,6,31.48
CMD-000957,2026-03-19,Auto-Réparation ABC,BRK-044381,Jeu plaquettes AV,6,48.66
CMD-000957,2026-03-19,Garage Tremblay,FUS-003395,Boîte fusibles relais,4,17.5
CMD-000958,2026-02-03,Auto Clinic,SEN-045054,Capteur ABS,1,56.01
CMD-000959,2026-07-12,Carrosserie Moderne,ROT-014289,Disque de frein ventilé,5,122.32
CMD-000959,2026-07-12,Garage Royal,ALT-002471,Alternateur 12V 140A,3,269.92
CMD-000959,2026-07-12,Carrosserie Moderne,BMP-018500,Pare-chocs AV primaire,8,451.96
CMD-000959,2026-07-12,Pneus & Mécanique Pro,ROT-006864,Disque de frein ventilé,5,105.15
CMD-000959,2026-07-12,Atelier Mécanique 360,ROT-015403,Disque de frein ventilé,6,107.88
CMD-000960,2026-02-14,Carrosserie Moderne,RAD-008323,Radiateur refroidissement,4,225.29
CMD-000960,2026-02-14,Garage du Centre,BRK-000665,Jeu plaquettes AV,6,57.77
CMD-000961,2025-10-27,Mécanique Rapide Inc.,ALT-043817,Alternateur 12V 140A,8,318.1
CMD-000961,2025-10-27,Atelier Mécanique 360,FLT-019590,Filtre à air moteur,4,19.27
CMD-000961,2025-10-27,Atelier Mécanique 360,SEN-031098,Capteur ABS,4,67.4
CMD-000961,2025-10-27,Auto Clinic,BRK-009718,Jeu plaquettes AV,7,49.14
CMD-000961,2025-10-27,Mécanique Rapide Inc.,ROT-018008,Disque de frein ventilé,2,101.69
CMD-000962,2026-02-09,Garage du Centre,FUS-025154,Boîte fusibles relais,3,23.1
CMD-000962,2026-02-09,Garage Tremblay,ALT-043817,Alternateur 12V 140A,6,318.1
CMD-000963,2026-01-25,Centre Auto Plus,BMP-037287,Pare-chocs AV primaire,5,323.55
CMD-000964,2026-04-16,Pneus & Mécanique Pro,BMP-028097,Pare-chocs AV primaire,8,523.46
CMD-000965,2025-10-26,Mécanique Rapide Inc.,FUS-028100,Boîte fusibles relais,3,17.6
CMD-000965,2025-10-26,Carrosserie Moderne,SEN-004309,Capteur ABS,7,41.19
CMD-000965,2025-10-26,Carrosserie Moderne,FLT-031402,Filtre à air moteur,4,26.67
CMD-000965,2025-10-26,Auto-Réparation ABC,ALT-008600,Alternateur 12V 140A,4,411.15
CMD-000965,2025-10-26,Garage Royal,FLT-009287,Filtre à air moteur,2,36.05
CMD-000966,2026-08-16,Garage du Centre,SEN-043446,Capteur ABS,5,71.18
CMD-000967,2026-05-02,Auto Clinic,ROT-015403,Disque de frein ventilé,2,107.88
CMD-000967,2026-05-02,Garage du Centre,SPK-031992,Bougie allumage iridium,5,20.18
CMD-000967,2026-05-02,Auto-Réparation ABC,EXH-007271,Silencieux échappement,1,390.56
CMD-000968,2026-01-20,Carrosserie Moderne,ROT-015403,Disque de frein ventilé,4,107.88
CMD-000968,2026-01-20,Garage du Centre,ROT-001359,Disque de frein ventilé,8,180.58
CMD-000968,2026-01-20,Carrosserie Moderne,SEN-015192,Capteur ABS,5,38.69
CMD-000969,2026-01-25,Auto-Réparation ABC,ROT-015403,Disque de frein ventilé,7,107.88
CMD-000970,2026-03-14,Auto Clinic,ALT-001778,Alternateur 12V 140A,1,242.99
CMD-000970,2026-03-14,Pneus & Mécanique Pro,SEN-035482,Capteur ABS,1,44.17
CMD-000970,2026-03-14,Auto Clinic,FUS-028100,Boîte fusibles relais,1,17.6
CMD-000970,2026-03-14,Garage Tremblay,BRK-003031,Jeu plaquettes AV,4,102.24
CMD-000970,2026-03-14,Auto Clinic,BRK-017720,Jeu plaquettes AV,3,85.77
CMD-000971,2026-03-10,Garage du Centre,ROT-015403,Disque de frein ventilé,2,107.88
CMD-000971,2026-03-10,Atelier Mécanique 360,BRK-017720,Jeu plaquettes AV,8,85.77
CMD-000972,2026-02-17,Mécanique Rapide Inc.,ALT-001778,Alternateur 12V 140A,1,242.99
CMD-000973,2026-03-17,Auto Clinic,FUS-025154,Boîte fusibles relais,1,23.1
CMD-000973,2026-03-17,Pneus & Mécanique Pro,RAD-011217,Radiateur refroidissement,5,217.88
CMD-000974,2025-09-18,Garage Tremblay,FLT-040963,Filtre à air moteur,7,23.2
CMD-000974,2025-09-18,Auto Clinic,SEN-026048,Capteur ABS,5,61.18
CMD-000974,2025-09-18,Atelier Mécanique 360,BMP-006087,Pare-chocs AV primaire,4,519.77
CMD-000975,2026-02-04,Atelier Mécanique 360,ALT-035530,Alternateur 12V 140A,5,238.74
CMD-000976,2026-01-04,Pneus & Mécanique Pro,BMP-037287,Pare-chocs AV primaire,7,323.55
CMD-000976,2026-01-04,Pneus & Mécanique Pro,FLT-028528,Filtre à air moteur,1,38.12
CMD-000976,2026-01-04,Auto-Réparation ABC,BRK-035690,Jeu plaquettes AV,8,85.62
CMD-000976,2026-01-04,Auto-Réparation ABC,ROT-002797,Disque de frein ventilé,8,141.62
CMD-000977,2026-05-04,Carrosserie Moderne,BRK-047004,Jeu plaquettes AV,3,91.9
CMD-000977,2026-05-04,Pneus & Mécanique Pro,ROT-015403,Disque de frein ventilé,2,107.88
CMD-000978,2026-05-01,Mécanique Rapide Inc.,ROT-017022,Disque de frein ventilé,2,145.87
CMD-000978,2026-05-01,Carrosserie Moderne,BRK-024935,Jeu plaquettes AV,1,109.95
CMD-000978,2026-05-01,Auto-Réparation ABC,BRK-025898,Jeu plaquettes AV,8,75.12
CMD-000979,2026-06-28,Pneus & Mécanique Pro,BMP-028097,Pare-chocs AV primaire,8,523.46
CMD-000979,2026-06-28,Atelier Mécanique 360,FUS-019025,Boîte fusibles relais,5,16.14
CMD-000980,2026-07-14,Garage du Centre,BRK-017720,Jeu plaquettes AV,3,85.77
CMD-000980,2026-07-14,Auto Clinic,ALT-015059,Alternateur 12V 140A,7,396.5
CMD-000980,2026-07-14,Mécanique Rapide Inc.,SPK-043295,Bougie allumage iridium,5,13.79
CMD-000981,2025-12-11,Atelier Mécanique 360,BRK-006205,Jeu plaquettes AV,8,53.37
CMD-000982,2026-04-26,Garage Royal,ALT-001778,Alternateur 12V 140A,4,242.99
CMD-000982,2026-04-26,Garage Tremblay,SEN-015192,Capteur ABS,7,38.69
CMD-000982,2026-04-26,Mécanique Rapide Inc.,ROT-015403,Disque de frein ventilé,8,107.88
CMD-000983,2026-08-13,Garage Royal,SPK-003219,Bougie allumage iridium,4,16.07
CMD-000983,2026-08-13,Carrosserie Moderne,BMP-028097,Pare-chocs AV primaire,3,523.46
CMD-000984,2025-09-22,Garage Tremblay,FUS-004135,Boîte fusibles relais,7,14.53
CMD-000984,2025-09-22,Mécanique Rapide Inc.,BLB-020402,Ampoule LED H7,3,19.04
CMD-000984,2025-09-22,Pneus & Mécanique Pro,BRK-044618,Jeu plaquettes AV,3,48.42
CMD-000985,2025-12-12,Garage du Centre,EXH-049698,Silencieux échappement,3,345.09
CMD-000985,2025-12-12,Pneus & Mécanique Pro,BRK-020584,Jeu plaquettes AV,1,57.06
CMD-000986,2025-11-15,Atelier Mécanique 360,ROT-015403,Disque de frein ventilé,3,107.88
CMD-000986,2025-11-15,Garage Royal,FLT-026010,Filtre à air moteur,3,32.68
CMD-000987,2025-09-14,Atelier Mécanique 360,FUS-025154,Boîte fusibles relais,1,23.1
CMD-000987,2025-09-14,Garage Tremblay,ROT-015403,Disque de frein ventilé,3,107.88
CMD-000987,2025-09-14,Centre Auto Plus,SEN-015192,Capteur ABS,6,38.69
CMD-000987,2025-09-14,Garage Tremblay,ALT-001778,Alternateur 12V 140A,2,242.99
CMD-000987,2025-09-14,Garage du Centre,FLT-042228,Filtre à air moteur,5,38.95
CMD-000988,2026-07-08,Mécanique Rapide Inc.,FLT-044878,Filtre à air moteur,1,36.42
CMD-000988,2026-07-08,Pneus & Mécanique Pro,ALT-035681,Alternateur 12V 140A,5,394.53
CMD-000988,2026-07-08,Garage Tremblay,BLB-037992,Ampoule LED H7,3,27.13
CMD-000988,2026-07-08,Auto Clinic,RAD-049573,Radiateur refroidissement,5,215.12
CMD-000989,2026-07-07,Garage Royal,BRK-017720,Jeu plaquettes AV,8,85.77
CMD-000989,2026-07-07,Carrosserie Moderne,ROT-001967,Disque de frein ventilé,2,82.24
CMD-000990,2025-11-29,Pneus & Mécanique Pro,ALT-001778,Alternateur 12V 140A,1,242.99
CMD-000990,2025-11-29,Garage du Centre,FUS-019025,Boîte fusibles relais,6,16.14
CMD-000990,2025-11-29,Auto Clinic,SEN-002690,Capteur ABS,3,49.02
CMD-000990,2025-11-29,Garage du Centre,BMP-048102,Pare-chocs AV primaire,7,212.63
CMD-000991,2026-08-20,Garage Royal,SEN-006021,Capteur ABS,8,31.48
CMD-000992,2026-05-24,Atelier Mécanique 360,ROT-015403,Disque de frein ventilé,6,107.88
CMD-000992,2026-05-24,Garage Tremblay,FUS-028100,Boîte fusibles relais,1,17.6
CMD-000992,2026-05-24,Auto Clinic,FUS-026474,Boîte fusibles relais,1,18.89
CMD-000993,2026-07-24,Mécanique Rapide Inc.,STR-023248,Jambe de force suspension,3,244.06
CMD-000993,2026-07-24,Pneus & Mécanique Pro,FLT-033743,Filtre à air moteur,5,39.16
CMD-000993,2026-07-24,Garage Tremblay,BMP-019552,Pare-chocs AV primaire,2,368.75
CMD-000993,2026-07-24,Centre Auto Plus,ALT-001078,Alternateur 12V 140A,3,235.28
CMD-000994,2025-12-18,Garage du Centre,EXH-033547,Silencieux échappement,7,322.76
CMD-000994,2025-12-18,Garage Royal,ALT-010069,Alternateur 12V 140A,2,284.46
CMD-000995,2026-06-13,Pneus & Mécanique Pro,ROT-015403,Disque de frein ventilé,4,107.88
CMD-000995,2026-06-13,Mécanique Rapide Inc.,EXH-007271,Silencieux échappement,3,390.56
CMD-000995,2026-06-13,Auto Clinic,SPK-031992,Bougie allumage iridium,4,20.18
CMD-000996,2026-02-01,Pneus & Mécanique Pro,FUS-005948,Boîte fusibles relais,3,21.5
CMD-000996,2026-02-01,Carrosserie Moderne,SPK-042345,Bougie allumage iridium,4,19.89
CMD-000996,2026-02-01,Garage Royal,SPK-044783,Bougie allumage iridium,4,24.23
CMD-000996,2026-02-01,Garage Royal,FLT-043239,Filtre à air moteur,8,27.52
CMD-000997,2026-03-22,Pneus & Mécanique Pro,ROT-015403,Disque de frein ventilé,7,107.88
CMD-000997,2026-03-22,Auto Clinic,FUS-025154,Boîte fusibles relais,2,23.1
CMD-000997,2026-03-22,Garage du Centre,FUS-021849,Boîte fusibles relais,5,14.18
CMD-000997,2026-03-22,Carrosserie Moderne,FUS-028100,Boîte fusibles relais,5,17.6
CMD-000998,2026-04-13,Mécanique Rapide Inc.,SPK-034162,Bougie allumage iridium,3,15.54
CMD-000999,2026-03-25,Garage Tremblay,FUS-039684,Boîte fusibles relais,1,14.91
CMD-000999,2026-03-25,Centre Auto Plus,ROT-006864,Disque de frein ventilé,7,105.15
CMD-000999,2026-03-25,Carrosserie Moderne,SPK-047981,Bougie allumage iridium,2,24.04
CMD-001000,2026-02-10,Auto-Réparation ABC,FUS-026474,Boîte fusibles relais,7,18.89
CMD-001000,2026-02-10,Centre Auto Plus,BRK-001937,Jeu plaquettes AV,8,88.96
CMD-001000,2026-02-10,Atelier Mécanique 360,SEN-038683,Capteur ABS,6,70.76
CMD-001000,2026-02-10,Centre Auto Plus,FLT-012359,Filtre à air moteur,8,36.15
CMD-001001,2025-09-19,Pneus & Mécanique Pro,BRK-017720,Jeu plaquettes AV,5,85.77
CMD-001001,2025-09-19,Centre Auto Plus,SEN-033632,Capteur ABS,6,68.9
CMD-001001,2025-09-19,Centre Auto Plus,SPK-043295,Bougie allumage iridium,1,13.79
CMD-001001,2025-09-19,Pneus & Mécanique Pro,ALT-015059,Alternateur 12V 140A,2,396.5
CMD-001002,2026-02-01,Atelier Mécanique 360,RAD-006901,Radiateur refroidissement,1,215.86
CMD-001002,2026-02-01,Auto-Réparation ABC,BMP-037254,Pare-chocs AV primaire,5,283.13
CMD-001003,2025-11-13,Auto Clinic,BLB-037992,Ampoule LED H7,6,27.13
CMD-001003,2025-11-13,Atelier Mécanique 360,RAD-049573,Radiateur refroidissement,7,215.12
CMD-001003,2025-11-13,Pneus & Mécanique Pro,STR-047020,Jambe de force suspension,8,143.22
CMD-001003,2025-11-13,Carrosserie Moderne,BRK-039296,Jeu plaquettes AV,2,70.01
CMD-001003,2025-11-13,Auto Clinic,FLT-044878,Filtre à air moteur,7,36.42
CMD-001004,2026-02-06,Carrosserie Moderne,SEN-006021,Capteur ABS,8,31.48
CMD-001004,2026-02-06,Centre Auto Plus,SEN-020721,Capteur ABS,2,59.04
CMD-001004,2026-02-06,Garage Royal,ROT-015403,Disque de frein ventilé,7,107.88
CMD-001005,2026-03-21,Pneus & Mécanique Pro,RAD-042341,Radiateur refroidissement,1,227.46
CMD-001006,2026-05-28,Pneus & Mécanique Pro,ROT-034002,Disque de frein ventilé,3,177.99
CMD-001006,2026-05-28,Carrosserie Moderne,BRK-037405,Jeu plaquettes AV,2,45.88
CMD-001006,2026-05-28,Garage du Centre,SEN-046955,Capteur ABS,6,35.73
CMD-001006,2026-05-28,Pneus & Mécanique Pro,ROT-031547,Disque de frein ventilé,5,189.51
CMD-001006,2026-05-28,Garage Tremblay,BRK-006205,Jeu plaquettes AV,6,53.37
CMD-001007,2026-02-19,Garage Tremblay,ROT-015403,Disque de frein ventilé,6,107.88
CMD-001007,2026-02-19,Carrosserie Moderne,ROT-007220,Disque de frein ventilé,6,116.26
CMD-001007,2026-02-19,Garage Tremblay,FLT-026010,Filtre à air moteur,2,32.68
CMD-001007,2026-02-19,Carrosserie Moderne,SPK-031992,Bougie allumage iridium,8,20.18
CMD-001007,2026-02-19,Centre Auto Plus,EXH-007271,Silencieux échappement,7,390.56
CMD-001008,2026-03-22,Garage du Centre,SPK-047981,Bougie allumage iridium,1,24.04
CMD-001008,2026-03-22,Garage Royal,BRK-003411,Jeu plaquettes AV,2,78.75
CMD-001008,2026-03-22,Atelier Mécanique 360,FUS-016622,Boîte fusibles relais,2,18.49
CMD-001009,2026-04-04,Garage Royal,BRK-006205,Jeu plaquettes AV,1,53.37
CMD-001009,2026-04-04,Garage Royal,SEN-046955,Capteur ABS,3,35.73
CMD-001010,2026-01-30,Garage Tremblay,FUS-028100,Boîte fusibles relais,2,17.6
CMD-001010,2026-01-30,Auto Clinic,FLT-031402,Filtre à air moteur,1,26.67
CMD-001010,2026-01-30,Auto Clinic,ROT-018669,Disque de frein ventilé,7,124.93
CMD-001010,2026-01-30,Auto Clinic,SEN-004309,Capteur ABS,5,41.19
CMD-001010,2026-01-30,Auto Clinic,FLT-009287,Filtre à air moteur,7,36.05
CMD-001011,2026-04-07,Carrosserie Moderne,ROT-039102,Disque de frein ventilé,6,83.39
CMD-001011,2026-04-07,Garage Royal,ALT-033658,Alternateur 12V 140A,8,254.43
CMD-001011,2026-04-07,Auto-Réparation ABC,EXH-006384,Silencieux échappement,5,357.03
CMD-001011,2026-04-07,Mécanique Rapide Inc.,ROT-015638,Disque de frein ventilé,6,119.45
CMD-001012,2025-12-04,Auto-Réparation ABC,ROT-006864,Disque de frein ventilé,2,105.15
CMD-001012,2025-12-04,Garage Tremblay,BRK-003411,Jeu plaquettes AV,1,78.75
CMD-001013,2026-06-11,Atelier Mécanique 360,FUS-028100,Boîte fusibles relais,2,17.6
CMD-001013,2026-06-11,Garage Tremblay,ROT-018669,Disque de frein ventilé,6,124.93
CMD-001014,2026-05-16,Garage Tremblay,BRK-017720,Jeu plaquettes AV,1,85.77
CMD-001014,2026-05-16,Pneus & Mécanique Pro,BRK-038699,Jeu plaquettes AV,4,92.39
CMD-001014,2026-05-16,Pneus & Mécanique Pro,SEN-033632,Capteur ABS,2,68.9
CMD-001014,2026-05-16,Mécanique Rapide Inc.,ALT-015059,Alternateur 12V 140A,5,396.5
CMD-001015,2026-03-18,Atelier Mécanique 360,SEN-015192,Capteur ABS,7,38.69
CMD-001015,2026-03-18,Garage du Centre,SPK-037015,Bougie allumage iridium,1,18.73
CMD-001015,2026-03-18,Atelier Mécanique 360,ALT-041787,Alternateur 12V 140A,4,213.22
CMD-001015,2026-03-18,Mécanique Rapide Inc.,ALT-046126,Alternateur 12V 140A,6,421.09
CMD-001015,2026-03-18,Auto-Réparation ABC,SPK-033608,Bougie allumage iridium,5,17.65
CMD-001016,2026-03-26,Auto-Réparation ABC,STR-023248,Jambe de force suspension,5,244.06
CMD-001016,2026-03-26,Garage du Centre,ALT-007996,Alternateur 12V 140A,2,220.97
CMD-001016,2026-03-26,Garage du Centre,ALT-001078,Alternateur 12V 140A,6,235.28
CMD-001017,2026-02-12,Carrosserie Moderne,STR-023248,Jambe de force suspension,6,244.06
CMD-001018,2026-02-04,Pneus & Mécanique Pro,FUS-019025,Boîte fusibles relais,2,16.14
CMD-001019,2026-08-19,Mécanique Rapide Inc.,SPK-025943,Bougie allumage iridium,6,22.81
CMD-001019,2026-08-19,Garage du Centre,SEN-043446,Capteur ABS,2,71.18
CMD-001019,2026-08-19,Auto Clinic,EXH-034377,Silencieux échappement,4,268.92
CMD-001019,2026-08-19,Garage Tremblay,BLB-037992,Ampoule LED H7,3,27.13
CMD-001020,2026-08-20,Garage Royal,FLT-034378,Filtre à air moteur,4,20.46
CMD-001020,2026-08-20,Garage Tremblay,ROT-015403,Disque de frein ventilé,7,107.88
CMD-001021,2026-03-09,Centre Auto Plus,ROT-015403,Disque de frein ventilé,6,107.88
CMD-001021,2026-03-09,Auto Clinic,FLT-026010,Filtre à air moteur,3,32.68
CMD-001021,2026-03-09,Garage Royal,EXH-007271,Silencieux échappement,7,390.56
CMD-001021,2026-03-09,Centre Auto Plus,ROT-007220,Disque de frein ventilé,7,116.26
CMD-001022,2026-02-22,Auto Clinic,FUS-028100,Boîte fusibles relais,8,17.6
CMD-001022,2026-02-22,Garage Royal,ALT-008600,Alternateur 12V 140A,6,411.15
CMD-001022,2026-02-22,Auto-Réparation ABC,SEN-004309,Capteur ABS,6,41.19
CMD-001022,2026-02-22,Garage du Centre,FLT-009287,Filtre à air moteur,6,36.05
CMD-001023,2026-08-27,Mécanique Rapide Inc.,ALT-015059,Alternateur 12V 140A,8,396.5
CMD-001023,2026-08-27,Centre Auto Plus,ROT-015403,Disque de frein ventilé,6,107.88
CMD-001023,2026-08-27,Garage Tremblay,BRK-017720,Jeu plaquettes AV,7,85.77
CMD-001024,2026-04-25,Mécanique Rapide Inc.,ALT-001778,Alternateur 12V 140A,3,242.99
CMD-001024,2026-04-25,Garage Tremblay,SEN-002690,Capteur ABS,6,49.02
CMD-001025,2026-08-01,Atelier Mécanique 360,ALT-001778,Alternateur 12V 140A,3,242.99
CMD-001025,2026-08-01,Garage du Centre,FUS-025154,Boîte fusibles relais,5,23.1
CMD-001026,2026-02-20,Pneus & Mécanique Pro,BRK-047004,Jeu plaquettes AV,7,91.9
CMD-001026,2026-02-20,Pneus & Mécanique Pro,FUS-025154,Boîte fusibles relais,7,23.1
CMD-001026,2026-02-20,Garage Tremblay,SPK-043767,Bougie allumage iridium,8,15.6
CMD-001026,2026-02-20,Atelier Mécanique 360,BRK-003411,Jeu plaquettes AV,2,78.75
CMD-001027,2025-09-13,Atelier Mécanique 360,FUS-028100,Boîte fusibles relais,2,17.6
CMD-001027,2025-09-13,Centre Auto Plus,ROT-018669,Disque de frein ventilé,2,124.93
CMD-001028,2026-06-02,Auto Clinic,FLT-010535,Filtre à air moteur,2,15.65
CMD-001028,2026-06-02,Carrosserie Moderne,FUS-021849,Boîte fusibles relais,7,14.18
CMD-001028,2026-06-02,Garage du Centre,ALT-011421,Alternateur 12V 140A,6,394.92
CMD-001028,2026-06-02,Auto Clinic,SEN-006021,Capteur ABS,1,31.48
CMD-001028,2026-06-02,Centre Auto Plus,BRK-044381,Jeu plaquettes AV,6,48.66
CMD-001029,2026-08-16,Garage Royal,FUS-028100,Boîte fusibles relais,8,17.6
CMD-001029,2026-08-16,Carrosserie Moderne,ROT-018669,Disque de frein ventilé,6,124.93
CMD-001030,2026-06-22,Atelier Mécanique 360,ROT-015403,Disque de frein ventilé,2,107.88
CMD-001030,2026-06-22,Mécanique Rapide Inc.,FLT-026010,Filtre à air moteur,1,32.68
CMD-001030,2026-06-22,Carrosserie Moderne,SPK-031992,Bougie allumage iridium,3,20.18
CMD-001031,2026-08-22,Auto-Réparation ABC,FUS-025154,Boîte fusibles relais,8,23.1
CMD-001031,2026-08-22,Auto Clinic,SEN-043446,Capteur ABS,4,71.18
CMD-001031,2026-08-22,Carrosserie Moderne,BLB-037992,Ampoule LED H7,8,27.13
CMD-001031,2026-08-22,Garage du Centre,ROT-015403,Disque de frein ventilé,2,107.88
CMD-001031,2026-08-22,Atelier Mécanique 360,BRK-006205,Jeu plaquettes AV,1,53.37
CMD-001032,2026-07-25,Auto Clinic,FUS-028100,Boîte fusibles relais,8,17.6
CMD-001032,2026-07-25,Auto Clinic,FLT-009287,Filtre à air moteur,5,36.05
CMD-001033,2025-12-23,Garage Tremblay,BRK-017720,Jeu plaquettes AV,4,85.77
CMD-001034,2026-08-10,Garage Tremblay,STR-023248,Jambe de force suspension,4,244.06
CMD-001034,2026-08-10,Atelier Mécanique 360,STR-026554,Jambe de force suspension,1,124.06
CMD-001035,2026-07-19,Garage Tremblay,BRK-047004,Jeu plaquettes AV,6,91.9
CMD-001035,2026-07-19,Garage du Centre,FLT-010048,Filtre à air moteur,2,32.49
CMD-001035,2026-07-19,Atelier Mécanique 360,BMP-031963,Pare-chocs AV primaire,2,274.27
CMD-001035,2026-07-19,Garage Tremblay,FLT-015733,Filtre à air moteur,1,33.71
CMD-001036,2026-05-07,Centre Auto Plus,BRK-032885,Jeu plaquettes AV,8,54.07
CMD-001036,2026-05-07,Pneus & Mécanique Pro,BRK-043609,Jeu plaquettes AV,6,47.15
CMD-001036,2026-05-07,Auto Clinic,BRK-042035,Jeu plaquettes AV,5,57.16
CMD-001036,2026-05-07,Centre Auto Plus,FLT-011683,Filtre à air moteur,5,37.71
CMD-001037,2026-08-27,Auto-Réparation ABC,ROT-015403,Disque de frein ventilé,7,107.88
CMD-001037,2026-08-27,Garage Royal,ROT-001359,Disque de frein ventilé,5,180.58
CMD-001037,2026-08-27,Auto-Réparation ABC,ROT-043334,Disque de frein ventilé,7,133.36
CMD-001037,2026-08-27,Auto-Réparation ABC,BLB-028682,Ampoule LED H7,8,36.03
CMD-001038,2025-11-10,Atelier Mécanique 360,BRK-036192,Jeu plaquettes AV,2,67.56
CMD-001038,2025-11-10,Pneus & Mécanique Pro,ROT-001967,Disque de frein ventilé,2,82.24
CMD-001038,2025-11-10,Centre Auto Plus,ALT-026012,Alternateur 12V 140A,7,371.93
CMD-001039,2026-01-27,Auto Clinic,BMP-037287,Pare-chocs AV primaire,7,323.55
CMD-001040,2026-01-12,Garage Tremblay,ALT-001778,Alternateur 12V 140A,3,242.99
CMD-001040,2026-01-12,Garage Tremblay,ALT-007205,Alternateur 12V 140A,7,250.82
CMD-001040,2026-01-12,Garage Tremblay,BMP-048102,Pare-chocs AV primaire,7,212.63
CMD-001040,2026-01-12,Carrosserie Moderne,BRK-013237,Jeu plaquettes AV,1,53.16
CMD-001041,2025-09-19,Mécanique Rapide Inc.,BRK-017720,Jeu plaquettes AV,3,85.77
CMD-001041,2025-09-19,Garage Tremblay,BRK-038699,Jeu plaquettes AV,2,92.39
CMD-001041,2025-09-19,Garage Tremblay,SPK-043295,Bougie allumage iridium,1,13.79
CMD-001042,2025-10-23,Garage du Centre,FUS-021849,Boîte fusibles relais,8,14.18
CMD-001042,2025-10-23,Carrosserie Moderne,ALT-006276,Alternateur 12V 140A,5,220.23
CMD-001042,2025-10-23,Garage du Centre,BRK-036192,Jeu plaquettes AV,2,67.56
CMD-001043,2025-10-31,Carrosserie Moderne,EXH-033547,Silencieux échappement,3,322.76
CMD-001043,2025-10-31,Garage du Centre,BRK-005234,Jeu plaquettes AV,8,96.79
CMD-001043,2025-10-31,Carrosserie Moderne,STR-031193,Jambe de force suspension,6,214.77
CMD-001043,2025-10-31,Centre Auto Plus,BLB-030464,Ampoule LED H7,6,31.77
CMD-001044,2026-03-13,Garage Royal,ROT-017022,Disque de frein ventilé,7,145.87
CMD-001044,2026-03-13,Auto Clinic,ROT-006864,Disque de frein ventilé,4,105.15
CMD-001044,2026-03-13,Auto Clinic,SEN-006021,Capteur ABS,8,31.48
CMD-001044,2026-03-13,Carrosserie Moderne,BMP-018500,Pare-chocs AV primaire,1,451.96
CMD-001045,2026-03-13,Garage Tremblay,FUS-028100,Boîte fusibles relais,5,17.6
CMD-001046,2026-05-15,Centre Auto Plus,BRK-044618,Jeu plaquettes AV,4,48.42
CMD-001047,2025-11-04,Centre Auto Plus,BRK-017720,Jeu plaquettes AV,4,85.77
CMD-001048,2026-03-25,Garage Royal,STR-023248,Jambe de force suspension,5,244.06
CMD-001049,2025-09-27,Garage du Centre,FLT-040963,Filtre à air moteur,3,23.2
CMD-001049,2025-09-27,Garage Royal,SEN-003185,Capteur ABS,8,59.42
CMD-001049,2025-09-27,Mécanique Rapide Inc.,STR-037922,Jambe de force suspension,2,181.79
CMD-001049,2025-09-27,Atelier Mécanique 360,ROT-047623,Disque de frein ventilé,4,191.56
CMD-001049,2025-09-27,Garage du Centre,BMP-006087,Pare-chocs AV primaire,6,519.77
CMD-001050,2025-12-03,Mécanique Rapide Inc.,ROT-006864,Disque de frein ventilé,1,105.15
CMD-001050,2025-12-03,Centre Auto Plus,BRK-003411,Jeu plaquettes AV,5,78.75
CMD-001051,2025-11-01,Auto-Réparation ABC,SEN-006021,Capteur ABS,1,31.48
CMD-001051,2025-11-01,Atelier Mécanique 360,FLT-010535,Filtre à air moteur,6,15.65
CMD-001051,2025-11-01,Atelier Mécanique 360,BRK-044381,Jeu plaquettes AV,1,48.66
CMD-001052,2026-08-01,Garage Tremblay,BRK-017720,Jeu plaquettes AV,2,85.77
CMD-001053,2025-09-24,Carrosserie Moderne,BRK-047004,Jeu plaquettes AV,3,91.9
CMD-001054,2026-08-07,Auto-Réparation ABC,FUS-028100,Boîte fusibles relais,4,17.6
CMD-001054,2026-08-07,Auto-Réparation ABC,ALT-008600,Alternateur 12V 140A,2,411.15
CMD-001054,2026-08-07,Carrosserie Moderne,ROT-018669,Disque de frein ventilé,8,124.93
CMD-001055,2026-03-31,Auto-Réparation ABC,ALT-007061,Alternateur 12V 140A,6,289.42
CMD-001055,2026-03-31,Auto Clinic,ROT-015403,Disque de frein ventilé,6,107.88
CMD-001056,2026-06-22,Centre Auto Plus,ROT-021710,Disque de frein ventilé,3,128.69
CMD-001056,2026-06-22,Centre Auto Plus,SPK-032001,Bougie allumage iridium,3,18.07
CMD-001056,2026-06-22,Pneus & Mécanique Pro,ROT-015403,Disque de frein ventilé,3,107.88
CMD-001057,2026-07-17,Garage Tremblay,BRK-036192,Jeu plaquettes AV,8,67.56
CMD-001057,2026-07-17,Garage Royal,BRK-033340,Jeu plaquettes AV,4,62.87
CMD-001057,2026-07-17,Atelier Mécanique 360,ROT-001967,Disque de frein ventilé,7,82.24
CMD-001058,2025-10-01,Garage Royal,ROT-043334,Disque de frein ventilé,4,133.36
CMD-001058,2025-10-01,Auto Clinic,EXH-002023,Silencieux échappement,6,218.66
CMD-001058,2025-10-01,Garage Tremblay,FLT-042719,Filtre à air moteur,7,21.49
CMD-001058,2025-10-01,Carrosserie Moderne,FLT-034378,Filtre à air moteur,7,20.46
CMD-001059,2026-04-19,Centre Auto Plus,BRK-006205,Jeu plaquettes AV,6,53.37
CMD-001060,2026-07-31,Atelier Mécanique 360,ALT-040335,Alternateur 12V 140A,4,368.08
CMD-001061,2026-04-30,Garage Royal,FUS-028100,Boîte fusibles relais,5,17.6
CMD-001061,2026-04-30,Mécanique Rapide Inc.,BLB-037992,Ampoule LED H7,4,27.13
CMD-001061,2026-04-30,Carrosserie Moderne,SEN-013569,Capteur ABS,7,42.76
CMD-001061,2026-04-30,Mécanique Rapide Inc.,FUS-025154,Boîte fusibles relais,8,23.1
CMD-001061,2026-04-30,Atelier Mécanique 360,STR-031193,Jambe de force suspension,1,214.77
CMD-001062,2026-03-20,Garage Royal,BMP-037287,Pare-chocs AV primaire,8,323.55
CMD-001062,2026-03-20,Auto Clinic,SEN-006132,Capteur ABS,8,40.66
CMD-001062,2026-03-20,Centre Auto Plus,ALT-013343,Alternateur 12V 140A,3,241.48
CMD-001062,2026-03-20,Atelier Mécanique 360,BRK-035690,Jeu plaquettes AV,2,85.62
CMD-001063,2026-06-08,Auto Clinic,ALT-001778,Alternateur 12V 140A,4,242.99
CMD-001063,2026-06-08,Auto-Réparation ABC,SEN-002690,Capteur ABS,6,49.02
CMD-001063,2026-06-08,Mécanique Rapide Inc.,BRK-013237,Jeu plaquettes AV,5,53.16
CMD-001063,2026-06-08,Mécanique Rapide Inc.,ALT-007205,Alternateur 12V 140A,3,250.82
CMD-001064,2026-04-17,Centre Auto Plus,BLB-037992,Ampoule LED H7,5,27.13
CMD-001065,2026-03-09,Auto Clinic,BLB-037992,Ampoule LED H7,7,27.13
CMD-001066,2026-01-17,Atelier Mécanique 360,BRK-005978,Jeu plaquettes AV,6,65.1
CMD-001066,2026-01-17,Carrosserie Moderne,RAD-013421,Radiateur refroidissement,8,153.6
CMD-001067,2025-11-06,Carrosserie Moderne,FLT-011683,Filtre à air moteur,1,37.71
CMD-001067,2025-11-06,Mécanique Rapide Inc.,BRK-048679,Jeu plaquettes AV,2,67.21
CMD-001067,2025-11-06,Garage Royal,ROT-015403,Disque de frein ventilé,8,107.88
CMD-001068,2026-02-28,Carrosserie Moderne,BRK-032885,Jeu plaquettes AV,6,54.07
CMD-001068,2026-02-28,Garage Tremblay,BLB-007509,Ampoule LED H7,4,34.03
CMD-001069,2025-09-29,Atelier Mécanique 360,FUS-028100,Boîte fusibles relais,8,17.6
CMD-001069,2025-09-29,Auto Clinic,ALT-008600,Alternateur 12V 140A,3,411.15
CMD-001069,2025-09-29,Garage du Centre,FLT-009287,Filtre à air moteur,8,36.05
CMD-001069,2025-09-29,Carrosserie Moderne,FLT-031402,Filtre à air moteur,5,26.67
CMD-001069,2025-09-29,Garage du Centre,ROT-018669,Disque de frein ventilé,3,124.93
CMD-001070,2025-12-01,Pneus & Mécanique Pro,FUS-025154,Boîte fusibles relais,4,23.1
CMD-001070,2025-12-01,Garage du Centre,ALT-027632,Alternateur 12V 140A,3,313.91
CMD-001071,2025-11-28,Pneus & Mécanique Pro,ROT-047623,Disque de frein ventilé,7,191.56
CMD-001072,2026-05-15,Garage du Centre,FUS-028100,Boîte fusibles relais,4,17.6
CMD-001072,2026-05-15,Auto Clinic,ROT-015403,Disque de frein ventilé,5,107.88
CMD-001072,2026-05-15,Auto Clinic,SEN-015192,Capteur ABS,7,38.69
CMD-001072,2026-05-15,Atelier Mécanique 360,STR-023248,Jambe de force suspension,8,244.06
CMD-001073,2025-10-22,Mécanique Rapide Inc.,BLB-037992,Ampoule LED H7,5,27.13
CMD-001073,2025-10-22,Garage Tremblay,FLT-044878,Filtre à air moteur,5,36.42
CMD-001074,2025-11-16,Carrosserie Moderne,ROT-014558,Disque de frein ventilé,5,191.2
CMD-001074,2025-11-16,Atelier Mécanique 360,ROT-015403,Disque de frein ventilé,5,107.88
CMD-001074,2025-11-16,Pneus & Mécanique Pro,BLB-037992,Ampoule LED H7,3,27.13
CMD-001075,2025-10-15,Garage Royal,ROT-006864,Disque de frein ventilé,1,105.15
CMD-001075,2025-10-15,Pneus & Mécanique Pro,BLB-040946,Ampoule LED H7,4,29.33
CMD-001075,2025-10-15,Garage du Centre,BRK-003411,Jeu plaquettes AV,4,78.75
CMD-001075,2025-10-15,Atelier Mécanique 360,FUS-039684,Boîte fusibles relais,6,14.91
CMD-001076,2026-01-01,Garage du Centre,RAD-042341,Radiateur refroidissement,2,227.46
CMD-001076,2026-01-01,Auto Clinic,BRK-038495,Jeu plaquettes AV,7,72.46
CMD-001076,2026-01-01,Auto Clinic,ALT-036410,Alternateur 12V 140A,6,244.03
CMD-001077,2025-10-19,Atelier Mécanique 360,ALT-002471,Alternateur 12V 140A,3,269.92
CMD-001077,2025-10-19,Garage Royal,EXH-049698,Silencieux échappement,7,345.09
CMD-001077,2025-10-19,Centre Auto Plus,BRK-020584,Jeu plaquettes AV,3,57.06
CMD-001077,2025-10-19,Carrosserie Moderne,RAD-011217,Radiateur refroidissement,5,217.88
CMD-001078,2026-07-09,Mécanique Rapide Inc.,ALT-001778,Alternateur 12V 140A,1,242.99
CMD-001078,2026-07-09,Pneus & Mécanique Pro,BRK-013237,Jeu plaquettes AV,2,53.16
CMD-001078,2026-07-09,Garage Royal,SEN-002690,Capteur ABS,3,49.02
CMD-001078,2026-07-09,Auto-Réparation ABC,BMP-048102,Pare-chocs AV primaire,7,212.63
CMD-001079,2025-12-12,Carrosserie Moderne,FLT-022405,Filtre à air moteur,5,24.33
CMD-001079,2025-12-12,Centre Auto Plus,FUS-026474,Boîte fusibles relais,1,18.89
CMD-001079,2025-12-12,Auto-Réparation ABC,EXH-034377,Silencieux échappement,7,268.92
CMD-001079,2025-12-12,Carrosserie Moderne,BRK-006205,Jeu plaquettes AV,5,53.37
CMD-001080,2025-10-22,Centre Auto Plus,EXH-033760,Silencieux échappement,5,201.19
CMD-001080,2025-10-22,Atelier Mécanique 360,ROT-048335,Disque de frein ventilé,5,168.29
CMD-001080,2025-10-22,Mécanique Rapide Inc.,SEN-043446,Capteur ABS,1,71.18
CMD-001080,2025-10-22,Mécanique Rapide Inc.,ROT-001359,Disque de frein ventilé,6,180.58
CMD-001080,2025-10-22,Centre Auto Plus,BLB-034578,Ampoule LED H7,8,41.92
CMD-001081,2026-06-20,Auto Clinic,ROT-015638,Disque de frein ventilé,3,119.45
CMD-001081,2026-06-20,Atelier Mécanique 360,FUS-028100,Boîte fusibles relais,8,17.6
CMD-001081,2026-06-20,Garage du Centre,ROT-015403,Disque de frein ventilé,4,107.88
CMD-001082,2026-01-28,Auto Clinic,FUS-028100,Boîte fusibles relais,3,17.6
CMD-001082,2026-01-28,Auto-Réparation ABC,ALT-008600,Alternateur 12V 140A,7,411.15
CMD-001083,2025-10-08,Auto-Réparation ABC,ROT-015403,Disque de frein ventilé,8,107.88
CMD-001084,2026-07-13,Centre Auto Plus,BRK-014503,Jeu plaquettes AV,4,88.03
CMD-001084,2026-07-13,Centre Auto Plus,ALT-023526,Alternateur 12V 140A,7,300.63
CMD-001085,2025-12-10,Auto-Réparation ABC,ALT-023526,Alternateur 12V 140A,1,300.63
CMD-001085,2025-12-10,Garage Royal,SEN-013569,Capteur ABS,6,42.76
CMD-001085,2025-12-10,Garage Royal,BRK-014503,Jeu plaquettes AV,3,88.03
CMD-001085,2025-12-10,Atelier Mécanique 360,FUS-013874,Boîte fusibles relais,3,19.21
CMD-001085,2025-12-10,Garage Tremblay,SPK-017734,Bougie allumage iridium,3,20.39
CMD-001086,2025-09-21,Carrosserie Moderne,SEN-002386,Capteur ABS,3,37.38
CMD-001086,2025-09-21,Carrosserie Moderne,FUS-028100,Boîte fusibles relais,8,17.6
CMD-001086,2025-09-21,Carrosserie Moderne,ROT-015403,Disque de frein ventilé,6,107.88
CMD-001086,2025-09-21,Garage Royal,FUS-019025,Boîte fusibles relais,6,16.14
CMD-001087,2026-04-02,Garage Tremblay,RAD-042341,Radiateur refroidissement,3,227.46
CMD-001087,2026-04-02,Atelier Mécanique 360,SEN-049426,Capteur ABS,8,58.54
CMD-001087,2026-04-02,Garage du Centre,ALT-049278,Alternateur 12V 140A,6,423.05
CMD-001088,2026-01-13,Pneus & Mécanique Pro,BLB-037992,Ampoule LED H7,8,27.13
CMD-001089,2025-09-27,Pneus & Mécanique Pro,BLB-037992,Ampoule LED H7,4,27.13
CMD-001089,2025-09-27,Auto-Réparation ABC,FUS-025154,Boîte fusibles relais,7,23.1
CMD-001089,2025-09-27,Auto Clinic,BRK-009571,Jeu plaquettes AV,1,55.23
CMD-001089,2025-09-27,Mécanique Rapide Inc.,RAD-008323,Radiateur refroidissement,4,225.29
CMD-001090,2025-12-08,Auto-Réparation ABC,FLT-017690,Filtre à air moteur,7,23.9
CMD-001090,2025-12-08,Auto-Réparation ABC,SPK-032001,Bougie allumage iridium,6,18.07
CMD-001090,2025-12-08,Garage Tremblay,ALT-036394,Alternateur 12V 140A,1,433.19
CMD-001091,2026-04-21,Carrosserie Moderne,FUS-013874,Boîte fusibles relais,2,19.21
CMD-001091,2026-04-21,Garage Royal,BRK-014503,Jeu plaquettes AV,5,88.03
CMD-001091,2026-04-21,Auto-Réparation ABC,SPK-017734,Bougie allumage iridium,8,20.39
CMD-001091,2026-04-21,Auto Clinic,SEN-013569,Capteur ABS,5,42.76
CMD-001091,2026-04-21,Garage du Centre,ROT-027668,Disque de frein ventilé,3,139.0
CMD-001092,2026-02-04,Auto-Réparation ABC,ALT-035681,Alternateur 12V 140A,7,394.53
CMD-001092,2026-02-04,Mécanique Rapide Inc.,RAD-049573,Radiateur refroidissement,4,215.12
CMD-001092,2026-02-04,Centre Auto Plus,STR-047020,Jambe de force suspension,3,143.22
CMD-001093,2025-12-25,Pneus & Mécanique Pro,ALT-021132,Alternateur 12V 140A,1,376.48
CMD-001093,2025-12-25,Atelier Mécanique 360,BRK-001937,Jeu plaquettes AV,3,88.96
CMD-001093,2025-12-25,Garage Royal,FLT-012359,Filtre à air moteur,1,36.15
CMD-001093,2025-12-25,Garage du Centre,FUS-026474,Boîte fusibles relais,6,18.89
CMD-001094,2025-11-06,Atelier Mécanique 360,FUS-037574,Boîte fusibles relais,4,22.82
CMD-001095,2026-07-30,Garage du Centre,ROT-015403,Disque de frein ventilé,7,107.88
CMD-001095,2026-07-30,Auto Clinic,BRK-017720,Jeu plaquettes AV,4,85.77
CMD-001095,2026-07-30,Garage Tremblay,FUS-019025,Boîte fusibles relais,2,16.14
CMD-001095,2026-07-30,Centre Auto Plus,SEN-006586,Capteur ABS,4,39.57
CMD-001095,2026-07-30,Mécanique Rapide Inc.,FUS-025154,Boîte fusibles relais,6,23.1
CMD-001096,2025-09-25,Auto-Réparation ABC,ALT-001778,Alternateur 12V 140A,1,242.99
CMD-001096,2025-09-25,Garage Tremblay,BRK-013237,Jeu plaquettes AV,1,53.16
CMD-001096,2025-09-25,Mécanique Rapide Inc.,SEN-002690,Capteur ABS,8,49.02
CMD-001096,2025-09-25,Carrosserie Moderne,ALT-007205,Alternateur 12V 140A,5,250.82
CMD-001097,2026-08-18,Garage Royal,BLB-019537,Ampoule LED H7,8,18.7
CMD-001097,2026-08-18,Auto-Réparation ABC,SEN-014947,Capteur ABS,1,51.13
CMD-001098,2025-09-23,Garage Tremblay,BLB-043006,Ampoule LED H7,4,29.61
CMD-001098,2025-09-23,Garage du Centre,FUS-028100,Boîte fusibles relais,8,17.6
CMD-001098,2025-09-23,Auto-Réparation ABC,STR-023248,Jambe de force suspension,1,244.06
CMD-001098,2025-09-23,Mécanique Rapide Inc.,ROT-017022,Disque de frein ventilé,8,145.87
CMD-001099,2026-02-07,Atelier Mécanique 360,ALT-001778,Alternateur 12V 140A,3,242.99
CMD-001099,2026-02-07,Carrosserie Moderne,BRK-035690,Jeu plaquettes AV,1,85.62
CMD-001099,2026-02-07,Garage Royal,ROT-015403,Disque de frein ventilé,4,107.88
CMD-001099,2026-02-07,Auto Clinic,BLB-037992,Ampoule LED H7,7,27.13
CMD-001099,2026-02-07,Garage Royal,SEN-014947,Capteur ABS,8,51.13
CMD-001100,2025-10-16,Garage Royal,BLB-037992,Ampoule LED H7,5,27.13
CMD-001101,2026-04-04,Pneus & Mécanique Pro,FUS-028100,Boîte fusibles relais,5,17.6
CMD-001101,2026-04-04,Garage Tremblay,FLT-011683,Filtre à air moteur,2,37.71
CMD-001101,2026-04-04,Centre Auto Plus,BRK-047004,Jeu plaquettes AV,7,91.9
CMD-001101,2026-04-04,Auto-Réparation ABC,BMP-028097,Pare-chocs AV primaire,1,523.46
CMD-001101,2026-04-04,Centre Auto Plus,BRK-006205,Jeu plaquettes AV,6,53.37
CMD-001102,2025-10-03,Mécanique Rapide Inc.,FLT-011683,Filtre à air moteur,3,37.71
CMD-001102,2025-10-03,Pneus & Mécanique Pro,ROT-015403,Disque de frein ventilé,5,107.88
CMD-001103,2026-03-01,Atelier Mécanique 360,ROT-006864,Disque de frein ventilé,6,105.15
CMD-001103,2026-03-01,Garage Royal,BRK-017720,Jeu plaquettes AV,6,85.77
CMD-001104,2025-12-19,Auto Clinic,BMP-028097,Pare-chocs AV primaire,6,523.46
CMD-001104,2025-12-19,Garage du Centre,ROT-015403,Disque de frein ventilé,1,107.88
CMD-001104,2025-12-19,Centre Auto Plus,BLB-020402,Ampoule LED H7,1,19.04
CMD-001105,2026-03-27,Mécanique Rapide Inc.,FUS-028100,Boîte fusibles relais,8,17.6
CMD-001106,2026-04-03,Carrosserie Moderne,SEN-013569,Capteur ABS,7,42.76
CMD-001106,2026-04-03,Garage Royal,FUS-028100,Boîte fusibles relais,2,17.6
CMD-001106,2026-04-03,Atelier Mécanique 360,ROT-015403,Disque de frein ventilé,5,107.88
CMD-001107,2026-05-02,Auto Clinic,SEN-045054,Capteur ABS,3,56.01
CMD-001108,2025-11-16,Garage Royal,ROT-015403,Disque de frein ventilé,5,107.88
CMD-001109,2026-03-21,Auto Clinic,SPK-032001,Bougie allumage iridium,5,18.07
CMD-001109,2026-03-21,Atelier Mécanique 360,ALT-006276,Alternateur 12V 140A,4,220.23
CMD-001109,2026-03-21,Carrosserie Moderne,FUS-003501,Boîte fusibles relais,6,22.29
CMD-001109,2026-03-21,Atelier Mécanique 360,ALT-013448,Alternateur 12V 140A,8,388.21
CMD-001109,2026-03-21,Atelier Mécanique 360,ROT-036267,Disque de frein ventilé,2,107.69
CMD-001110,2026-05-24,Atelier Mécanique 360,FUS-026474,Boîte fusibles relais,4,18.89
CMD-001111,2025-11-30,Auto-Réparation ABC,FLT-011683,Filtre à air moteur,3,37.71
CMD-001111,2025-11-30,Mécanique Rapide Inc.,BRK-038699,Jeu plaquettes AV,7,92.39
CMD-001111,2025-11-30,Carrosserie Moderne,RAD-042341,Radiateur refroidissement,6,227.46
CMD-001112,2026-01-31,Pneus & Mécanique Pro,ROT-006864,Disque de frein ventilé,5,105.15
CMD-001112,2026-01-31,Garage Royal,EXH-034377,Silencieux échappement,1,268.92
CMD-001112,2026-01-31,Centre Auto Plus,BRK-005978,Jeu plaquettes AV,2,65.1
CMD-001112,2026-01-31,Auto Clinic,BRK-001937,Jeu plaquettes AV,7,88.96
CMD-001112,2026-01-31,Atelier Mécanique 360,FLT-011683,Filtre à air moteur,5,37.71
CMD-001113,2026-04-27,Mécanique Rapide Inc.,FLT-011683,Filtre à air moteur,5,37.71
CMD-001113,2026-04-27,Auto Clinic,FUS-041719,Boîte fusibles relais,5,14.8
CMD-001113,2026-04-27,Garage Royal,BRK-043609,Jeu plaquettes AV,3,47.15
CMD-001114,2026-05-30,Pneus & Mécanique Pro,SEN-015192,Capteur ABS,7,38.69
CMD-001115,2026-01-18,Garage Royal,RAD-011310,Radiateur refroidissement,4,240.6
CMD-001115,2026-01-18,Carrosserie Moderne,SPK-034162,Bougie allumage iridium,2,15.54
CMD-001116,2026-06-05,Mécanique Rapide Inc.,SPK-025943,Bougie allumage iridium,3,22.81
CMD-001116,2026-06-05,Pneus & Mécanique Pro,FUS-028100,Boîte fusibles relais,7,17.6
CMD-001116,2026-06-05,Garage du Centre,FUS-025154,Boîte fusibles relais,2,23.1
CMD-001116,2026-06-05,Auto-Réparation ABC,BLB-034578,Ampoule LED H7,1,41.92
CMD-001117,2025-12-15,Mécanique Rapide Inc.,ROT-027668,Disque de frein ventilé,4,139.0
CMD-001117,2025-12-15,Carrosserie Moderne,ALT-023526,Alternateur 12V 140A,2,300.63
CMD-001117,2025-12-15,Garage Tremblay,SPK-017734,Bougie allumage iridium,8,20.39
CMD-001117,2025-12-15,Garage Tremblay,SEN-013569,Capteur ABS,4,42.76
CMD-001117,2025-12-15,Garage Tremblay,BRK-014503,Jeu plaquettes AV,3,88.03
CMD-001118,2026-01-06,Atelier Mécanique 360,BMP-028097,Pare-chocs AV primaire,6,523.46
CMD-001118,2026-01-06,Auto Clinic,ROT-025009,Disque de frein ventilé,8,157.96
CMD-001118,2026-01-06,Auto-Réparation ABC,BRK-048251,Jeu plaquettes AV,5,89.61
CMD-001118,2026-01-06,Garage Tremblay,FLT-005484,Filtre à air moteur,8,34.9
CMD-001118,2026-01-06,Atelier Mécanique 360,ALT-025474,Alternateur 12V 140A,1,369.75
CMD-001119,2026-06-08,Auto Clinic,FUS-028100,Boîte fusibles relais,3,17.6
CMD-001119,2026-06-08,Garage Tremblay,FLT-031402,Filtre à air moteur,6,26.67
CMD-001119,2026-06-08,Pneus & Mécanique Pro,ROT-018669,Disque de frein ventilé,5,124.93
CMD-001119,2026-06-08,Garage du Centre,SEN-004309,Capteur ABS,3,41.19
CMD-001119,2026-06-08,Atelier Mécanique 360,FLT-009287,Filtre à air moteur,7,36.05
CMD-001120,2025-11-30,Auto Clinic,ROT-015403,Disque de frein ventilé,4,107.88
CMD-001120,2025-11-30,Auto-Réparation ABC,ROT-007220,Disque de frein ventilé,4,116.26
CMD-001120,2025-11-30,Auto-Réparation ABC,FLT-026010,Filtre à air moteur,8,32.68
CMD-001120,2025-11-30,Auto Clinic,EXH-007271,Silencieux échappement,4,390.56
CMD-001120,2025-11-30,Mécanique Rapide Inc.,ALT-007061,Alternateur 12V 140A,6,289.42
CMD-001121,2026-06-05,Centre Auto Plus,ROT-015403,Disque de frein ventilé,1,107.88
CMD-001121,2026-06-05,Carrosserie Moderne,SPK-031992,Bougie allumage iridium,3,20.18
CMD-001121,2026-06-05,Auto Clinic,ALT-007061,Alternateur 12V 140A,4,289.42
CMD-001122,2026-07-04,Auto-Réparation ABC,ALT-046126,Alternateur 12V 140A,5,421.09
CMD-001122,2026-07-04,Garage du Centre,ALT-038546,Alternateur 12V 140A,8,350.51
CMD-001123,2025-10-26,Carrosserie Moderne,ROT-015403,Disque de frein ventilé,3,107.88
CMD-001123,2025-10-26,Centre Auto Plus,FLT-026010,Filtre à air moteur,1,32.68
CMD-001124,2025-12-11,Auto-Réparation ABC,FUS-039684,Boîte fusibles relais,7,14.91
CMD-001124,2025-12-11,Mécanique Rapide Inc.,BRK-003411,Jeu plaquettes AV,5,78.75
CMD-001124,2025-12-11,Garage Royal,ROT-006864,Disque de frein ventilé,6,105.15
CMD-001125,2026-07-01,Auto Clinic,BRK-044381,Jeu plaquettes AV,2,48.66
CMD-001125,2026-07-01,Auto Clinic,SEN-006021,Capteur ABS,5,31.48
CMD-001125,2026-07-01,Garage du Centre,FUS-003395,Boîte fusibles relais,1,17.5
CMD-001125,2026-07-01,Garage Tremblay,ALT-011421,Alternateur 12V 140A,6,394.92
CMD-001126,2026-03-04,Auto-Réparation ABC,SEN-006021,Capteur ABS,7,31.48
CMD-001127,2026-05-29,Mécanique Rapide Inc.,BRK-006205,Jeu plaquettes AV,2,53.37
CMD-001128,2025-11-28,Garage Tremblay,SPK-043767,Bougie allumage iridium,3,15.6
CMD-001128,2025-11-28,Garage du Centre,FUS-028100,Boîte fusibles relais,2,17.6
CMD-001128,2025-11-28,Garage du Centre,ROT-048335,Disque de frein ventilé,8,168.29
CMD-001128,2025-11-28,Pneus & Mécanique Pro,ROT-015403,Disque de frein ventilé,8,107.88
CMD-001128,2025-11-28,Atelier Mécanique 360,ALT-027632,Alternateur 12V 140A,5,313.91
CMD-001129,2026-06-02,Auto Clinic,FLT-033743,Filtre à air moteur,5,39.16
CMD-001129,2026-06-02,Atelier Mécanique 360,BMP-019552,Pare-chocs AV primaire,3,368.75
CMD-001129,2026-06-02,Garage Tremblay,STR-023248,Jambe de force suspension,1,244.06
CMD-001130,2026-07-20,Carrosserie Moderne,RAD-008323,Radiateur refroidissement,1,225.29
CMD-001130,2026-07-20,Carrosserie Moderne,BMP-006001,Pare-chocs AV primaire,3,264.54
CMD-001131,2025-09-26,Garage Royal,BRK-047004,Jeu plaquettes AV,1,91.9
CMD-001131,2025-09-26,Carrosserie Moderne,FLT-015733,Filtre à air moteur,7,33.71
CMD-001131,2025-09-26,Carrosserie Moderne,FLT-010048,Filtre à air moteur,7,32.49
CMD-001131,2025-09-26,Atelier Mécanique 360,BMP-031963,Pare-chocs AV primaire,2,274.27
CMD-001132,2026-07-14,Garage du Centre,BRK-006205,Jeu plaquettes AV,5,53.37
CMD-001132,2026-07-14,Centre Auto Plus,ALT-033658,Alternateur 12V 140A,5,254.43
CMD-001132,2026-07-14,Pneus & Mécanique Pro,ROT-015403,Disque de frein ventilé,7,107.88
CMD-001133,2026-03-03,Pneus & Mécanique Pro,BRK-003411,Jeu plaquettes AV,6,78.75
CMD-001133,2026-03-03,Auto-Réparation ABC,ROT-017022,Disque de frein ventilé,5,145.87
CMD-001133,2026-03-03,Auto Clinic,FLT-031402,Filtre à air moteur,6,26.67
CMD-001134,2026-03-29,Carrosserie Moderne,ROT-015403,Disque de frein ventilé,6,107.88
CMD-001134,2026-03-29,Pneus & Mécanique Pro,SPK-031992,Bougie allumage iridium,1,20.18
CMD-001134,2026-03-29,Pneus & Mécanique Pro,ALT-007061,Alternateur 12V 140A,2,289.42
CMD-001134,2026-03-29,Mécanique Rapide Inc.,ROT-007220,Disque de frein ventilé,7,116.26
CMD-001135,2026-03-28,Garage du Centre,FUS-025154,Boîte fusibles relais,4,23.1
CMD-001135,2026-03-28,Garage Royal,BRK-020584,Jeu plaquettes AV,5,57.06
CMD-001136,2025-09-22,Carrosserie Moderne,ROT-015403,Disque de frein ventilé,8,107.88
CMD-001137,2026-08-17,Garage Royal,BRK-017720,Jeu plaquettes AV,6,85.77
CMD-001137,2026-08-17,Garage Tremblay,ROT-034722,Disque de frein ventilé,7,168.29
CMD-001137,2026-08-17,Auto Clinic,SEN-033632,Capteur ABS,3,68.9
CMD-001137,2026-08-17,Centre Auto Plus,SPK-043295,Bougie allumage iridium,6,13.79
CMD-001137,2026-08-17,Auto Clinic,ALT-015059,Alternateur 12V 140A,5,396.5
CMD-001138,2026-02-18,Garage Royal,FUS-028100,Boîte fusibles relais,5,17.6
CMD-001139,2026-07-19,Garage Royal,ROT-006864,Disque de frein ventilé,4,105.15
CMD-001139,2026-07-19,Centre Auto Plus,FUS-039684,Boîte fusibles relais,1,14.91
CMD-001139,2026-07-19,Garage Tremblay,SPK-047981,Bougie allumage iridium,4,24.04
CMD-001139,2026-07-19,Auto-Réparation ABC,BLB-040946,Ampoule LED H7,8,29.33
CMD-001139,2026-07-19,Garage Tremblay,BRK-003411,Jeu plaquettes AV,7,78.75
CMD-001140,2026-04-22,Mécanique Rapide Inc.,FUS-025154,Boîte fusibles relais,4,23.1
CMD-001140,2026-04-22,Pneus & Mécanique Pro,ALT-002471,Alternateur 12V 140A,4,269.92
CMD-001140,2026-04-22,Garage Tremblay,BRK-020584,Jeu plaquettes AV,4,57.06
CMD-001141,2025-12-15,Pneus & Mécanique Pro,SEN-035482,Capteur ABS,1,44.17
CMD-001141,2025-12-15,Garage Royal,ALT-036394,Alternateur 12V 140A,3,433.19
CMD-001141,2025-12-15,Garage Tremblay,ROT-038207,Disque de frein ventilé,4,92.77
CMD-001141,2025-12-15,Mécanique Rapide Inc.,FLT-026606,Filtre à air moteur,2,14.88
CMD-001142,2025-12-25,Centre Auto Plus,ALT-001778,Alternateur 12V 140A,4,242.99
CMD-001143,2026-03-13,Carrosserie Moderne,BLB-037992,Ampoule LED H7,3,27.13
CMD-001143,2026-03-13,Centre Auto Plus,FUS-026474,Boîte fusibles relais,6,18.89
CMD-001144,2026-06-07,Centre Auto Plus,ROT-015403,Disque de frein ventilé,2,107.88
CMD-001145,2025-09-10,Carrosserie Moderne,EXH-033547,Silencieux échappement,2,322.76
CMD-001145,2025-09-10,Auto-Réparation ABC,ALT-049926,Alternateur 12V 140A,8,306.59
CMD-001145,2025-09-10,Atelier Mécanique 360,STR-031193,Jambe de force suspension,4,214.77
CMD-001145,2025-09-10,Auto Clinic,BLB-030464,Ampoule LED H7,3,31.77
CMD-001145,2025-09-10,Auto-Réparation ABC,BRK-005234,Jeu plaquettes AV,8,96.79
CMD-001146,2025-12-19,Pneus & Mécanique Pro,ALT-025474,Alternateur 12V 140A,7,369.75
CMD-001146,2025-12-19,Pneus & Mécanique Pro,BMP-028097,Pare-chocs AV primaire,1,523.46
CMD-001146,2025-12-19,Auto-Réparation ABC,ROT-025009,Disque de frein ventilé,8,157.96
CMD-001146,2025-12-19,Garage du Centre,SPK-003219,Bougie allumage iridium,2,16.07
CMD-001146,2025-12-19,Auto-Réparation ABC,BRK-048251,Jeu plaquettes AV,1,89.61
CMD-001147,2026-05-01,Atelier Mécanique 360,FUS-025154,Boîte fusibles relais,5,23.1
CMD-001147,2026-05-01,Auto Clinic,FUS-028100,Boîte fusibles relais,3,17.6
CMD-001147,2026-05-01,Garage du Centre,SEN-006021,Capteur ABS,6,31.48
CMD-001147,2026-05-01,Auto Clinic,ROT-015403,Disque de frein ventilé,6,107.88
CMD-001147,2026-05-01,Atelier Mécanique 360,ALT-043817,Alternateur 12V 140A,4,318.1
CMD-001148,2025-12-05,Garage Royal,BRK-017720,Jeu plaquettes AV,6,85.77
CMD-001148,2025-12-05,Pneus & Mécanique Pro,ROT-015403,Disque de frein ventilé,8,107.88
CMD-001148,2025-12-05,Carrosserie Moderne,BRK-006205,Jeu plaquettes AV,6,53.37
CMD-001148,2025-12-05,Garage Tremblay,ROT-015638,Disque de frein ventilé,5,119.45
CMD-001148,2025-12-05,Garage Tremblay,ALT-007996,Alternateur 12V 140A,8,220.97
CMD-001149,2026-01-17,Atelier Mécanique 360,ALT-001778,Alternateur 12V 140A,6,242.99
CMD-001149,2026-01-17,Carrosserie Moderne,EXH-033547,Silencieux échappement,2,322.76
CMD-001149,2026-01-17,Carrosserie Moderne,FUS-021849,Boîte fusibles relais,4,14.18
CMD-001150,2026-01-12,Garage du Centre,ROT-015403,Disque de frein ventilé,4,107.88
CMD-001151,2026-01-02,Pneus & Mécanique Pro,BMP-006001,Pare-chocs AV primaire,6,264.54
CMD-001151,2026-01-02,Atelier Mécanique 360,RAD-008323,Radiateur refroidissement,2,225.29
CMD-001151,2026-01-02,Garage du Centre,FLT-032536,Filtre à air moteur,8,26.71
CMD-001151,2026-01-02,Centre Auto Plus,BRK-000665,Jeu plaquettes AV,5,57.77
CMD-001152,2026-09-04,Garage Tremblay,BRK-014503,Jeu plaquettes AV,7,88.03
CMD-001152,2026-09-04,Pneus & Mécanique Pro,SEN-013569,Capteur ABS,2,42.76
CMD-001152,2026-09-04,Carrosserie Moderne,SPK-017734,Bougie allumage iridium,2,20.39
CMD-001153,2026-05-15,Garage du Centre,FUS-028100,Boîte fusibles relais,3,17.6
CMD-001154,2025-10-20,Mécanique Rapide Inc.,FUS-025154,Boîte fusibles relais,4,23.1
CMD-001154,2025-10-20,Auto-Réparation ABC,SPK-047981,Bougie allumage iridium,3,24.04
CMD-001154,2025-10-20,Atelier Mécanique 360,FLT-011683,Filtre à air moteur,2,37.71
CMD-001155,2025-11-06,Carrosserie Moderne,FUS-025154,Boîte fusibles relais,4,23.1
CMD-001155,2025-11-06,Garage du Centre,EXH-049698,Silencieux échappement,3,345.09
CMD-001156,2026-05-25,Mécanique Rapide Inc.,BMP-028097,Pare-chocs AV primaire,7,523.46
CMD-001156,2026-05-25,Garage Royal,SPK-003219,Bougie allumage iridium,2,16.07
CMD-001156,2026-05-25,Garage du Centre,ALT-025474,Alternateur 12V 140A,7,369.75
CMD-001156,2026-05-25,Garage du Centre,ROT-025009,Disque de frein ventilé,5,157.96
CMD-001157,2026-07-04,Mécanique Rapide Inc.,ROT-031547,Disque de frein ventilé,7,189.51
CMD-001158,2026-02-17,Auto Clinic,FUS-028100,Boîte fusibles relais,6,17.6
CMD-001158,2026-02-17,Centre Auto Plus,ROT-018669,Disque de frein ventilé,1,124.93
CMD-001158,2026-02-17,Garage du Centre,SEN-004309,Capteur ABS,5,41.19
CMD-001158,2026-02-17,Garage Royal,FLT-009287,Filtre à air moteur,3,36.05
CMD-001159,2026-03-06,Garage Royal,ROT-034722,Disque de frein ventilé,1,168.29
CMD-001159,2026-03-06,Carrosserie Moderne,ROT-015403,Disque de frein ventilé,1,107.88
CMD-001159,2026-03-06,Atelier Mécanique 360,FUS-025154,Boîte fusibles relais,3,23.1
CMD-001159,2026-03-06,Garage Tremblay,SPK-032001,Bougie allumage iridium,3,18.07
CMD-001159,2026-03-06,Pneus & Mécanique Pro,BRK-017720,Jeu plaquettes AV,3,85.77
CMD-001160,2025-12-16,Garage Tremblay,ROT-015403,Disque de frein ventilé,3,107.88
CMD-001160,2025-12-16,Garage du Centre,FLT-026010,Filtre à air moteur,1,32.68
CMD-001161,2025-11-16,Garage du Centre,BMP-037287,Pare-chocs AV primaire,5,323.55
CMD-001161,2025-11-16,Centre Auto Plus,FLT-028528,Filtre à air moteur,3,38.12
CMD-001161,2025-11-16,Mécanique Rapide Inc.,ROT-002797,Disque de frein ventilé,3,141.62
CMD-001162,2025-12-08,Auto-Réparation ABC,FLT-011683,Filtre à air moteur,2,37.71
CMD-001162,2025-12-08,Carrosserie Moderne,FUS-041719,Boîte fusibles relais,1,14.8
CMD-001162,2025-12-08,Mécanique Rapide Inc.,ALT-040335,Alternateur 12V 140A,5,368.08
CMD-001163,2026-03-22,Atelier Mécanique 360,FUS-028100,Boîte fusibles relais,7,17.6
CMD-001164,2026-07-12,Garage Tremblay,FUS-028100,Boîte fusibles relais,3,17.6
CMD-001164,2026-07-12,Pneus & Mécanique Pro,ALT-046126,Alternateur 12V 140A,3,421.09
CMD-001164,2026-07-12,Garage du Centre,RAD-042341,Radiateur refroidissement,6,227.46
CMD-001164,2026-07-12,Garage du Centre,ROT-015403,Disque de frein ventilé,7,107.88
CMD-001165,2026-08-29,Centre Auto Plus,ALT-033658,Alternateur 12V 140A,4,254.43
CMD-001165,2026-08-29,Atelier Mécanique 360,EXH-047688,Silencieux échappement,3,255.52
CMD-001165,2026-08-29,Garage du Centre,EXH-006384,Silencieux échappement,3,357.03
CMD-001166,2026-04-24,Centre Auto Plus,BRK-014503,Jeu plaquettes AV,6,88.03
CMD-001167,2025-10-10,Auto Clinic,BLB-048086,Ampoule LED H7,6,40.86
CMD-001168,2025-09-25,Atelier Mécanique 360,FUS-028100,Boîte fusibles relais,2,17.6
CMD-001168,2025-09-25,Centre Auto Plus,FLT-009287,Filtre à air moteur,8,36.05
CMD-001168,2025-09-25,Pneus & Mécanique Pro,SEN-004309,Capteur ABS,4,41.19
CMD-001169,2025-09-28,Garage Tremblay,SEN-043446,Capteur ABS,1,71.18
CMD-001169,2025-09-28,Pneus & Mécanique Pro,ROT-048335,Disque de frein ventilé,1,168.29
CMD-001169,2025-09-28,Garage Royal,EXH-033760,Silencieux échappement,2,201.19
CMD-001169,2025-09-28,Mécanique Rapide Inc.,BRK-036956,Jeu plaquettes AV,3,85.25
CMD-001170,2025-09-16,Garage Royal,ALT-001778,Alternateur 12V 140A,1,242.99
CMD-001170,2025-09-16,Carrosserie Moderne,ALT-007205,Alternateur 12V 140A,8,250.82
CMD-001171,2026-04-26,Garage Tremblay,BRK-006205,Jeu plaquettes AV,1,53.37
CMD-001171,2026-04-26,Garage Tremblay,SEN-046955,Capteur ABS,2,35.73
CMD-001172,2025-11-25,Auto-Réparation ABC,ROT-021710,Disque de frein ventilé,6,128.69
CMD-001173,2025-12-30,Garage du Centre,BRK-017720,Jeu plaquettes AV,8,85.77
CMD-001173,2025-12-30,Auto-Réparation ABC,ROT-015403,Disque de frein ventilé,4,107.88
CMD-001173,2025-12-30,Atelier Mécanique 360,FLT-040963,Filtre à air moteur,1,23.2
CMD-001173,2025-12-30,Pneus & Mécanique Pro,BRK-036192,Jeu plaquettes AV,6,67.56
CMD-001174,2026-07-02,Garage Royal,ALT-035530,Alternateur 12V 140A,2,238.74
CMD-001174,2026-07-02,Carrosserie Moderne,FLT-044878,Filtre à air moteur,2,36.42
CMD-001174,2026-07-02,Garage Tremblay,BRK-008094,Jeu plaquettes AV,5,95.24
CMD-001174,2026-07-02,Auto Clinic,FUS-025154,Boîte fusibles relais,3,23.1
CMD-001175,2025-12-15,Centre Auto Plus,ALT-043817,Alternateur 12V 140A,6,318.1
CMD-001175,2025-12-15,Carrosserie Moderne,BRK-009718,Jeu plaquettes AV,5,49.14
CMD-001175,2025-12-15,Garage Tremblay,EXH-034377,Silencieux échappement,1,268.92
CMD-001175,2025-12-15,Atelier Mécanique 360,SEN-031098,Capteur ABS,3,67.4
CMD-001176,2026-01-19,Mécanique Rapide Inc.,BRK-044381,Jeu plaquettes AV,7,48.66
CMD-001176,2026-01-19,Garage Tremblay,SEN-013569,Capteur ABS,6,42.76
CMD-001176,2026-01-19,Garage Tremblay,FUS-025154,Boîte fusibles relais,1,23.1
CMD-001177,2026-07-21,Auto Clinic,BRK-017720,Jeu plaquettes AV,7,85.77
CMD-001177,2026-07-21,Garage Royal,FUS-026474,Boîte fusibles relais,2,18.89
CMD-001177,2026-07-21,Auto-Réparation ABC,SEN-006021,Capteur ABS,7,31.48
CMD-001178,2026-04-17,Centre Auto Plus,BLB-028682,Ampoule LED H7,1,36.03
CMD-001178,2026-04-17,Garage Royal,BRK-001937,Jeu plaquettes AV,6,88.96
CMD-001178,2026-04-17,Mécanique Rapide Inc.,SEN-038683,Capteur ABS,6,70.76
CMD-001179,2025-12-05,Carrosserie Moderne,FUS-026474,Boîte fusibles relais,5,18.89
CMD-001179,2025-12-05,Garage du Centre,FLT-012359,Filtre à air moteur,8,36.15
CMD-001180,2026-07-12,Garage du Centre,BRK-036192,Jeu plaquettes AV,3,67.56
CMD-001180,2026-07-12,Garage du Centre,SEN-004309,Capteur ABS,8,41.19
CMD-001180,2026-07-12,Atelier Mécanique 360,ROT-015403,Disque de frein ventilé,4,107.88
CMD-001181,2026-05-08,Garage Royal,BRK-017720,Jeu plaquettes AV,5,85.77
CMD-001182,2026-06-09,Auto Clinic,SPK-047981,Bougie allumage iridium,6,24.04
CMD-001182,2026-06-09,Centre Auto Plus,ROT-015403,Disque de frein ventilé,6,107.88
CMD-001182,2026-06-09,Carrosserie Moderne,EXH-034377,Silencieux échappement,1,268.92
CMD-001182,2026-06-09,Auto Clinic,FUS-021849,Boîte fusibles relais,4,14.18
CMD-001183,2026-02-17,Garage du Centre,FUS-028100,Boîte fusibles relais,1,17.6
CMD-001183,2026-02-17,Garage du Centre,ROT-015403,Disque de frein ventilé,4,107.88
CMD-001184,2026-03-10,Mécanique Rapide Inc.,FUS-028100,Boîte fusibles relais,5,17.6
CMD-001184,2026-03-10,Garage Tremblay,FLT-031402,Filtre à air moteur,5,26.67
CMD-001184,2026-03-10,Pneus & Mécanique Pro,ALT-008600,Alternateur 12V 140A,1,411.15
CMD-001184,2026-03-10,Mécanique Rapide Inc.,FLT-009287,Filtre à air moteur,5,36.05
CMD-001184,2026-03-10,Garage Tremblay,SEN-004309,Capteur ABS,3,41.19
CMD-001185,2026-04-01,Pneus & Mécanique Pro,FUS-036362,Boîte fusibles relais,2,20.34
CMD-001186,2026-04-26,Auto Clinic,FUS-025154,Boîte fusibles relais,6,23.1
CMD-001186,2026-04-26,Atelier Mécanique 360,ALT-002471,Alternateur 12V 140A,2,269.92
CMD-001186,2026-04-26,Mécanique Rapide Inc.,EXH-049698,Silencieux échappement,8,345.09
CMD-001186,2026-04-26,Pneus & Mécanique Pro,RAD-035768,Radiateur refroidissement,8,177.87
CMD-001186,2026-04-26,Auto-Réparation ABC,BRK-020584,Jeu plaquettes AV,4,57.06
CMD-001187,2026-01-31,Mécanique Rapide Inc.,ROT-015403,Disque de frein ventilé,3,107.88
CMD-001187,2026-01-31,Garage Royal,ROT-007220,Disque de frein ventilé,8,116.26
CMD-001187,2026-01-31,Garage Royal,SPK-031992,Bougie allumage iridium,1,20.18
CMD-001188,2025-12-31,Mécanique Rapide Inc.,ROT-015403,Disque de frein ventilé,4,107.88
CMD-001188,2025-12-31,Pneus & Mécanique Pro,ROT-007220,Disque de frein ventilé,6,116.26
CMD-001188,2025-12-31,Garage Tremblay,FLT-026010,Filtre à air moteur,7,32.68
CMD-001188,2025-12-31,Carrosserie Moderne,EXH-007271,Silencieux échappement,7,390.56
CMD-001188,2025-12-31,Auto Clinic,ALT-007061,Alternateur 12V 140A,2,289.42
CMD-001189,2026-04-04,Atelier Mécanique 360,ALT-001778,Alternateur 12V 140A,3,242.99
CMD-001189,2026-04-04,Garage Tremblay,ALT-007205,Alternateur 12V 140A,5,250.82
CMD-001189,2026-04-04,Auto Clinic,BMP-048102,Pare-chocs AV primaire,4,212.63
CMD-001189,2026-04-04,Garage Royal,SEN-002690,Capteur ABS,5,49.02
CMD-001190,2026-06-18,Pneus & Mécanique Pro,BLB-018376,Ampoule LED H7,3,20.53
CMD-001190,2026-06-18,Auto-Réparation ABC,RAD-038113,Radiateur refroidissement,6,210.9
CMD-001190,2026-06-18,Centre Auto Plus,SEN-026353,Capteur ABS,5,42.53
CMD-001190,2026-06-18,Pneus & Mécanique Pro,FLT-040053,Filtre à air moteur,7,17.01
CMD-001190,2026-06-18,Auto-Réparation ABC,FLT-004312,Filtre à air moteur,3,25.94
CMD-001191,2026-03-19,Auto-Réparation ABC,ROT-015403,Disque de frein ventilé,4,107.88
CMD-001192,2026-01-07,Pneus & Mécanique Pro,BLB-037992,Ampoule LED H7,5,27.13
CMD-001192,2026-01-07,Carrosserie Moderne,ROT-015403,Disque de frein ventilé,7,107.88
CMD-001192,2026-01-07,Garage du Centre,FUS-025154,Boîte fusibles relais,7,23.1
CMD-001193,2026-06-15,Auto-Réparation ABC,ROT-015403,Disque de frein ventilé,5,107.88
CMD-001193,2026-06-15,Mécanique Rapide Inc.,ROT-007220,Disque de frein ventilé,1,116.26
CMD-001193,2026-06-15,Auto Clinic,EXH-007271,Silencieux échappement,7,390.56
CMD-001193,2026-06-15,Centre Auto Plus,SPK-031992,Bougie allumage iridium,4,20.18
CMD-001194,2026-05-19,Atelier Mécanique 360,EXH-034377,Silencieux échappement,3,268.92
CMD-001194,2026-05-19,Mécanique Rapide Inc.,BLB-007509,Ampoule LED H7,8,34.03
CMD-001195,2026-05-02,Atelier Mécanique 360,ALT-001778,Alternateur 12V 140A,4,242.99
CMD-001195,2026-05-02,Mécanique Rapide Inc.,BRK-013237,Jeu plaquettes AV,5,53.16
CMD-001195,2026-05-02,Pneus & Mécanique Pro,FUS-019025,Boîte fusibles relais,2,16.14
CMD-001195,2026-05-02,Centre Auto Plus,SEN-002690,Capteur ABS,7,49.02
CMD-001196,2026-06-03,Carrosserie Moderne,ROT-021710,Disque de frein ventilé,1,128.69
CMD-001196,2026-06-03,Pneus & Mécanique Pro,ROT-015403,Disque de frein ventilé,3,107.88
CMD-001197,2026-08-30,Pneus & Mécanique Pro,FUS-025154,Boîte fusibles relais,5,23.1
CMD-001197,2026-08-30,Auto-Réparation ABC,ALT-002471,Alternateur 12V 140A,4,269.92
CMD-001197,2026-08-30,Auto-Réparation ABC,EXH-049698,Silencieux échappement,4,345.09
CMD-001197,2026-08-30,Atelier Mécanique 360,RAD-011217,Radiateur refroidissement,8,217.88
CMD-001197,2026-08-30,Garage Tremblay,RAD-035768,Radiateur refroidissement,5,177.87
CMD-001198,2026-09-03,Auto Clinic,ALT-001778,Alternateur 12V 140A,6,242.99
CMD-001198,2026-09-03,Garage Tremblay,ROT-006864,Disque de frein ventilé,8,105.15
CMD-001199,2026-01-09,Carrosserie Moderne,SEN-013569,Capteur ABS,1,42.76
CMD-001199,2026-01-09,Centre Auto Plus,ROT-017022,Disque de frein ventilé,4,145.87
CMD-001200,2025-11-20,Garage Royal,BRK-006205,Jeu plaquettes AV,4,53.37
CMD-001200,2025-11-20,Garage Royal,BRK-037405,Jeu plaquettes AV,4,45.88
CMD-001201,2026-07-16,Centre Auto Plus,BRK-048679,Jeu plaquettes AV,6,67.21
CMD-001201,2026-07-16,Garage Tremblay,ALT-003156,Alternateur 12V 140A,8,452.21
CMD-001201,2026-07-16,Pneus & Mécanique Pro,BRK-009571,Jeu plaquettes AV,8,55.23
CMD-001201,2026-07-16,Pneus & Mécanique Pro,SEN-019139,Capteur ABS,4,38.32
CMD-001201,2026-07-16,Pneus & Mécanique Pro,BRK-040876,Jeu plaquettes AV,8,77.0
CMD-001202,2026-04-09,Auto Clinic,BRK-017720,Jeu plaquettes AV,7,85.77
CMD-001203,2026-01-28,Mécanique Rapide Inc.,ROT-015403,Disque de frein ventilé,1,107.88
CMD-001203,2026-01-28,Mécanique Rapide Inc.,SPK-031992,Bougie allumage iridium,7,20.18
CMD-001203,2026-01-28,Carrosserie Moderne,FLT-026010,Filtre à air moteur,3,32.68
CMD-001203,2026-01-28,Pneus & Mécanique Pro,EXH-007271,Silencieux échappement,6,390.56
CMD-001204,2026-06-20,Carrosserie Moderne,BLB-037992,Ampoule LED H7,5,27.13
CMD-001205,2025-09-18,Pneus & Mécanique Pro,ALT-008600,Alternateur 12V 140A,6,411.15
CMD-001206,2026-07-12,Garage Tremblay,SPK-003219,Bougie allumage iridium,4,16.07
CMD-001206,2026-07-12,Pneus & Mécanique Pro,BRK-048251,Jeu plaquettes AV,3,89.61
CMD-001207,2026-05-28,Garage Tremblay,SEN-002386,Capteur ABS,2,37.38
CMD-001207,2026-05-28,Carrosserie Moderne,FLT-026629,Filtre à air moteur,5,21.34
CMD-001208,2025-12-23,Centre Auto Plus,BRK-017720,Jeu plaquettes AV,1,85.77
CMD-001208,2025-12-23,Pneus & Mécanique Pro,SPK-043295,Bougie allumage iridium,8,13.79
CMD-001208,2025-12-23,Carrosserie Moderne,BRK-038699,Jeu plaquettes AV,7,92.39
CMD-001208,2025-12-23,Garage Tremblay,ROT-034722,Disque de frein ventilé,4,168.29
CMD-001209,2026-03-14,Atelier Mécanique 360,SEN-013569,Capteur ABS,7,42.76
CMD-001209,2026-03-14,Auto-Réparation ABC,EXH-034377,Silencieux échappement,8,268.92
CMD-001209,2026-03-14,Mécanique Rapide Inc.,BRK-017720,Jeu plaquettes AV,5,85.77
CMD-001210,2026-08-13,Centre Auto Plus,BLB-037992,Ampoule LED H7,6,27.13
CMD-001210,2026-08-13,Centre Auto Plus,BRK-039296,Jeu plaquettes AV,8,70.01
CMD-001211,2025-11-20,Garage Tremblay,ALT-036410,Alternateur 12V 140A,4,244.03
CMD-001211,2025-11-20,Atelier Mécanique 360,BRK-002545,Jeu plaquettes AV,2,48.87
CMD-001212,2026-06-23,Auto-Réparation ABC,ROT-015403,Disque de frein ventilé,6,107.88
CMD-001212,2026-06-23,Auto Clinic,ROT-007220,Disque de frein ventilé,4,116.26
CMD-001212,2026-06-23,Mécanique Rapide Inc.,EXH-007271,Silencieux échappement,4,390.56
CMD-001212,2026-06-23,Centre Auto Plus,FLT-026010,Filtre à air moteur,8,32.68
CMD-001213,2026-04-17,Garage Tremblay,ROT-015403,Disque de frein ventilé,8,107.88
CMD-001213,2026-04-17,Pneus & Mécanique Pro,ROT-007220,Disque de frein ventilé,5,116.26
CMD-001213,2026-04-17,Garage Royal,FLT-026010,Filtre à air moteur,1,32.68
CMD-001214,2026-04-11,Centre Auto Plus,ALT-001778,Alternateur 12V 140A,2,242.99
CMD-001214,2026-04-11,Atelier Mécanique 360,SEN-002690,Capteur ABS,1,49.02
CMD-001214,2026-04-11,Mécanique Rapide Inc.,FUS-019025,Boîte fusibles relais,8,16.14
CMD-001214,2026-04-11,Auto Clinic,ALT-007205,Alternateur 12V 140A,8,250.82
CMD-001215,2026-07-02,Garage Tremblay,BRK-017720,Jeu plaquettes AV,2,85.77
CMD-001215,2026-07-02,Carrosserie Moderne,SPK-043295,Bougie allumage iridium,6,13.79
CMD-001216,2026-06-28,Auto Clinic,ROT-015403,Disque de frein ventilé,2,107.88
CMD-001216,2026-06-28,Pneus & Mécanique Pro,EXH-007271,Silencieux échappement,6,390.56
CMD-001217,2025-12-22,Atelier Mécanique 360,FLT-017708,Filtre à air moteur,1,29.61
CMD-001217,2025-12-22,Atelier Mécanique 360,SPK-034162,Bougie allumage iridium,8,15.54
CMD-001217,2025-12-22,Garage du Centre,RAD-011310,Radiateur refroidissement,6,240.6
CMD-001217,2025-12-22,Garage Royal,RAD-048210,Radiateur refroidissement,6,295.99
CMD-001218,2025-11-07,Centre Auto Plus,FUS-028100,Boîte fusibles relais,7,17.6
CMD-001218,2025-11-07,Mécanique Rapide Inc.,SEN-004309,Capteur ABS,1,41.19
CMD-001218,2025-11-07,Carrosserie Moderne,ROT-018669,Disque de frein ventilé,5,124.93
CMD-001219,2026-07-19,Garage Royal,FUS-041719,Boîte fusibles relais,7,14.8
CMD-001219,2026-07-19,Carrosserie Moderne,FUS-025154,Boîte fusibles relais,5,23.1
CMD-001219,2026-07-19,Garage Royal,FLT-040963,Filtre à air moteur,5,23.2
CMD-001219,2026-07-19,Centre Auto Plus,STR-047020,Jambe de force suspension,5,143.22
CMD-001219,2026-07-19,Centre Auto Plus,SPK-037015,Bougie allumage iridium,3,18.73
CMD-001220,2025-10-06,Atelier Mécanique 360,SPK-003219,Bougie allumage iridium,6,16.07
CMD-001221,2026-08-09,Garage du Centre,SEN-013569,Capteur ABS,8,42.76
CMD-001222,2026-06-01,Atelier Mécanique 360,FUS-028100,Boîte fusibles relais,2,17.6
CMD-001222,2026-06-01,Auto Clinic,BLB-037992,Ampoule LED H7,4,27.13
CMD-001222,2026-06-01,Auto Clinic,SPK-032001,Bougie allumage iridium,4,18.07
CMD-001222,2026-06-01,Garage du Centre,ROT-015403,Disque de frein ventilé,3,107.88
CMD-001222,2026-06-01,Garage Tremblay,ALT-001778,Alternateur 12V 140A,2,242.99
CMD-001223,2026-01-16,Carrosserie Moderne,ROT-015403,Disque de frein ventilé,8,107.88
CMD-001223,2026-01-16,Auto-Réparation ABC,SPK-031992,Bougie allumage iridium,7,20.18
CMD-001223,2026-01-16,Atelier Mécanique 360,ALT-007061,Alternateur 12V 140A,3,289.42
CMD-001223,2026-01-16,Pneus & Mécanique Pro,ROT-007220,Disque de frein ventilé,7,116.26
CMD-001224,2025-10-05,Auto Clinic,BRK-005978,Jeu plaquettes AV,8,65.1
CMD-001224,2025-10-05,Garage Royal,RAD-013421,Radiateur refroidissement,8,153.6
CMD-001224,2025-10-05,Carrosserie Moderne,SEN-034457,Capteur ABS,4,50.82
CMD-001224,2025-10-05,Atelier Mécanique 360,ALT-047362,Alternateur 12V 140A,4,328.64
CMD-001224,2025-10-05,Garage Royal,BMP-037254,Pare-chocs AV primaire,7,283.13
CMD-001225,2026-01-25,Auto Clinic,BRK-017720,Jeu plaquettes AV,6,85.77
CMD-001225,2026-01-25,Garage Tremblay,ALT-015059,Alternateur 12V 140A,8,396.5
CMD-001225,2026-01-25,Garage Royal,BRK-038699,Jeu plaquettes AV,1,92.39
CMD-001225,2026-01-25,Pneus & Mécanique Pro,ROT-034722,Disque de frein ventilé,1,168.29
CMD-001225,2026-01-25,Pneus & Mécanique Pro,SPK-043295,Bougie allumage iridium,1,13.79
CMD-001226,2026-06-03,Garage Tremblay,FUS-028100,Boîte fusibles relais,5,17.6
CMD-001226,2026-06-03,Carrosserie Moderne,FLT-031402,Filtre à air moteur,5,26.67
CMD-001226,2026-06-03,Centre Auto Plus,ALT-008600,Alternateur 12V 140A,4,411.15
CMD-001226,2026-06-03,Atelier Mécanique 360,SEN-004309,Capteur ABS,3,41.19
CMD-001226,2026-06-03,Atelier Mécanique 360,FLT-009287,Filtre à air moteur,7,36.05
CMD-001227,2025-09-19,Centre Auto Plus,BLB-007509,Ampoule LED H7,2,34.03
CMD-001228,2025-12-17,Garage Tremblay,ROT-015403,Disque de frein ventilé,7,107.88
CMD-001228,2025-12-17,Auto-Réparation ABC,SPK-032001,Bougie allumage iridium,4,18.07
CMD-001228,2025-12-17,Garage du Centre,SPK-037015,Bougie allumage iridium,6,18.73
CMD-001228,2025-12-17,Atelier Mécanique 360,ALT-001778,Alternateur 12V 140A,4,242.99
CMD-001229,2026-05-27,Garage du Centre,SPK-032001,Bougie allumage iridium,7,18.07
CMD-001229,2026-05-27,Auto-Réparation ABC,ALT-006276,Alternateur 12V 140A,3,220.23
CMD-001229,2026-05-27,Carrosserie Moderne,BLB-048086,Ampoule LED H7,3,40.86
CMD-001230,2026-04-22,Mécanique Rapide Inc.,ROT-015403,Disque de frein ventilé,4,107.88
CMD-001230,2026-04-22,Atelier Mécanique 360,SPK-031992,Bougie allumage iridium,2,20.18
CMD-001230,2026-04-22,Pneus & Mécanique Pro,FLT-026010,Filtre à air moteur,4,32.68
CMD-001231,2026-04-20,Garage du Centre,FLT-011683,Filtre à air moteur,3,37.71
CMD-001231,2026-04-20,Centre Auto Plus,BRK-032885,Jeu plaquettes AV,8,54.07
CMD-001232,2026-01-26,Garage Tremblay,ALT-001778,Alternateur 12V 140A,3,242.99
CMD-001232,2026-01-26,Auto Clinic,FUS-019025,Boîte fusibles relais,5,16.14
CMD-001232,2026-01-26,Mécanique Rapide Inc.,BMP-048102,Pare-chocs AV primaire,6,212.63
CMD-001233,2025-12-21,Centre Auto Plus,BLB-020402,Ampoule LED H7,3,19.04
CMD-001234,2026-08-25,Garage Tremblay,FUS-028100,Boîte fusibles relais,7,17.6
CMD-001234,2026-08-25,Garage Royal,FLT-031402,Filtre à air moteur,1,26.67
CMD-001234,2026-08-25,Garage Royal,ROT-018669,Disque de frein ventilé,8,124.93
CMD-001234,2026-08-25,Auto Clinic,SEN-004309,Capteur ABS,8,41.19
CMD-001234,2026-08-25,Auto-Réparation ABC,ALT-008600,Alternateur 12V 140A,8,411.15
CMD-001235,2026-04-16,Pneus & Mécanique Pro,ROT-047623,Disque de frein ventilé,7,191.56
CMD-001235,2026-04-16,Auto-Réparation ABC,SEN-006021,Capteur ABS,1,31.48
CMD-001235,2026-04-16,Auto Clinic,ROT-015403,Disque de frein ventilé,6,107.88
CMD-001236,2026-05-15,Atelier Mécanique 360,SEN-006021,Capteur ABS,8,31.48
CMD-001236,2026-05-15,Auto Clinic,ALT-011421,Alternateur 12V 140A,5,394.92
CMD-001236,2026-05-15,Carrosserie Moderne,FUS-021849,Boîte fusibles relais,8,14.18
CMD-001236,2026-05-15,Auto-Réparation ABC,FLT-010535,Filtre à air moteur,2,15.65
CMD-001237,2025-10-13,Atelier Mécanique 360,BRK-047004,Jeu plaquettes AV,3,91.9
CMD-001237,2025-10-13,Garage du Centre,ROT-015403,Disque de frein ventilé,2,107.88
CMD-001237,2025-10-13,Auto Clinic,ALT-001078,Alternateur 12V 140A,3,235.28
CMD-001238,2026-05-18,Auto-Réparation ABC,FLT-011683,Filtre à air moteur,4,37.71
CMD-001238,2026-05-18,Carrosserie Moderne,BRK-032885,Jeu plaquettes AV,3,54.07
CMD-001238,2026-05-18,Atelier Mécanique 360,ALT-040335,Alternateur 12V 140A,5,368.08
CMD-001239,2025-11-16,Centre Auto Plus,FUS-037574,Boîte fusibles relais,1,22.82
CMD-001239,2025-11-16,Garage Tremblay,FUS-025154,Boîte fusibles relais,6,23.1
CMD-001239,2025-11-16,Pneus & Mécanique Pro,FUS-028100,Boîte fusibles relais,3,17.6
CMD-001240,2025-10-27,Mécanique Rapide Inc.,FUS-028100,Boîte fusibles relais,5,17.6
CMD-001241,2026-04-27,Garage Tremblay,FUS-025154,Boîte fusibles relais,5,23.1
CMD-001242,2026-03-13,Centre Auto Plus,ALT-036410,Alternateur 12V 140A,6,244.03
CMD-001243,2026-08-17,Atelier Mécanique 360,EXH-006384,Silencieux échappement,1,357.03
CMD-001243,2026-08-17,Garage Royal,ROT-039102,Disque de frein ventilé,4,83.39
CMD-001243,2026-08-17,Auto-Réparation ABC,ALT-033658,Alternateur 12V 140A,4,254.43
CMD-001243,2026-08-17,Auto Clinic,EXH-047688,Silencieux échappement,7,255.52
CMD-001244,2025-09-25,Garage Royal,FUS-025154,Boîte fusibles relais,5,23.1
CMD-001244,2025-09-25,Pneus & Mécanique Pro,ALT-002471,Alternateur 12V 140A,2,269.92
CMD-001244,2025-09-25,Auto-Réparation ABC,RAD-011217,Radiateur refroidissement,3,217.88
CMD-001245,2026-05-28,Centre Auto Plus,FLT-040963,Filtre à air moteur,6,23.2
CMD-001246,2026-02-27,Garage du Centre,ROT-036267,Disque de frein ventilé,2,107.69
CMD-001246,2026-02-27,Mécanique Rapide Inc.,ROT-021710,Disque de frein ventilé,1,128.69
CMD-001247,2026-08-16,Mécanique Rapide Inc.,RAD-008323,Radiateur refroidissement,4,225.29
CMD-001247,2026-08-16,Garage Royal,FLT-001618,Filtre à air moteur,5,29.58
CMD-001247,2026-08-16,Centre Auto Plus,BMP-006001,Pare-chocs AV primaire,3,264.54
CMD-001247,2026-08-16,Garage Tremblay,FLT-032536,Filtre à air moteur,4,26.71
CMD-001248,2025-11-24,Pneus & Mécanique Pro,FUS-025154,Boîte fusibles relais,8,23.1
CMD-001248,2025-11-24,Auto Clinic,ROT-001359,Disque de frein ventilé,8,180.58
CMD-001248,2025-11-24,Garage du Centre,FUS-028100,Boîte fusibles relais,1,17.6
CMD-001248,2025-11-24,Auto Clinic,RAD-008323,Radiateur refroidissement,7,225.29
CMD-001248,2025-11-24,Mécanique Rapide Inc.,SPK-032001,Bougie allumage iridium,2,18.07
CMD-001249,2026-08-18,Centre Auto Plus,SEN-006021,Capteur ABS,4,31.48
CMD-001249,2026-08-18,Carrosserie Moderne,ALT-001778,Alternateur 12V 140A,2,242.99
CMD-001249,2026-08-18,Auto-Réparation ABC,FUS-025154,Boîte fusibles relais,5,23.1
CMD-001249,2026-08-18,Auto Clinic,SPK-003219,Bougie allumage iridium,2,16.07
CMD-001250,2026-04-30,Garage Tremblay,FUS-039684,Boîte fusibles relais,7,14.91
CMD-001250,2026-04-30,Mécanique Rapide Inc.,RAD-042341,Radiateur refroidissement,3,227.46
CMD-001250,2026-04-30,Auto-Réparation ABC,FUS-026474,Boîte fusibles relais,1,18.89
CMD-001251,2026-01-03,Centre Auto Plus,ROT-043334,Disque de frein ventilé,7,133.36
CMD-001251,2026-01-03,Carrosserie Moderne,SPK-043767,Bougie allumage iridium,7,15.6
CMD-001252,2026-04-12,Garage du Centre,FUS-025154,Boîte fusibles relais,7,23.1
CMD-001252,2026-04-12,Carrosserie Moderne,ROT-015403,Disque de frein ventilé,5,107.88
CMD-001252,2026-04-12,Auto-Réparation ABC,BRK-017720,Jeu plaquettes AV,3,85.77
CMD-001253,2025-11-28,Carrosserie Moderne,ROT-015403,Disque de frein ventilé,6,107.88
CMD-001253,2025-11-28,Auto-Réparation ABC,BLB-019537,Ampoule LED H7,1,18.7
CMD-001253,2025-11-28,Auto Clinic,FUS-028100,Boîte fusibles relais,2,17.6
CMD-001254,2026-08-06,Carrosserie Moderne,ROT-006864,Disque de frein ventilé,8,105.15
CMD-001254,2026-08-06,Garage Royal,SPK-047981,Bougie allumage iridium,8,24.04
CMD-001254,2026-08-06,Garage du Centre,FUS-039684,Boîte fusibles relais,3,14.91
CMD-001254,2026-08-06,Garage Royal,BRK-003411,Jeu plaquettes AV,5,78.75
CMD-001255,2026-07-29,Centre Auto Plus,ALT-041787,Alternateur 12V 140A,5,213.22
CMD-001255,2026-07-29,Garage du Centre,ROT-015403,Disque de frein ventilé,8,107.88
CMD-001255,2026-07-29,Atelier Mécanique 360,FUS-004135,Boîte fusibles relais,4,14.53
CMD-001255,2026-07-29,Mécanique Rapide Inc.,SEN-006021,Capteur ABS,2,31.48
CMD-001255,2026-07-29,Centre Auto Plus,BRK-014503,Jeu plaquettes AV,8,88.03
CMD-001256,2026-02-10,Garage du Centre,BRK-006205,Jeu plaquettes AV,8,53.37
CMD-001257,2026-08-10,Garage Royal,BRK-047004,Jeu plaquettes AV,4,91.9
CMD-001258,2026-06-21,Garage Tremblay,ROT-021710,Disque de frein ventilé,1,128.69
CMD-001258,2026-06-21,Atelier Mécanique 360,ALT-036394,Alternateur 12V 140A,3,433.19
CMD-001258,2026-06-21,Carrosserie Moderne,SEN-035482,Capteur ABS,8,44.17
CMD-001258,2026-06-21,Auto-Réparation ABC,ALT-011901,Alternateur 12V 140A,2,437.77
CMD-001258,2026-06-21,Centre Auto Plus,ROT-038207,Disque de frein ventilé,3,92.77
CMD-001259,2026-02-27,Garage du Centre,BRK-017720,Jeu plaquettes AV,8,85.77
CMD-001259,2026-02-27,Garage Royal,SPK-043295,Bougie allumage iridium,8,13.79
CMD-001259,2026-02-27,Garage Tremblay,ROT-034722,Disque de frein ventilé,1,168.29
CMD-001259,2026-02-27,Garage Tremblay,ALT-015059,Alternateur 12V 140A,8,396.5
CMD-001259,2026-02-27,Mécanique Rapide Inc.,SEN-033632,Capteur ABS,8,68.9
CMD-001260,2026-08-22,Garage Royal,BMP-048102,Pare-chocs AV primaire,6,212.63
CMD-001260,2026-08-22,Garage Royal,ALT-001778,Alternateur 12V 140A,8,242.99
CMD-001261,2026-06-07,Garage Royal,ALT-011901,Alternateur 12V 140A,3,437.77
CMD-001261,2026-06-07,Garage du Centre,ALT-001778,Alternateur 12V 140A,7,242.99
CMD-001261,2026-06-07,Garage Royal,SPK-025943,Bougie allumage iridium,7,22.81
CMD-001261,2026-06-07,Garage Tremblay,FUS-028100,Boîte fusibles relais,6,17.6
CMD-001261,2026-06-07,Auto Clinic,ROT-015403,Disque de frein ventilé,6,107.88
CMD-001262,2026-01-10,Centre Auto Plus,SEN-006021,Capteur ABS,7,31.48
CMD-001262,2026-01-10,Garage Tremblay,FUS-021849,Boîte fusibles relais,2,14.18
CMD-001262,2026-01-10,Atelier Mécanique 360,FUS-003395,Boîte fusibles relais,5,17.5
CMD-001262,2026-01-10,Garage Tremblay,ALT-011421,Alternateur 12V 140A,7,394.92
CMD-001263,2025-09-25,Garage du Centre,ROT-015403,Disque de frein ventilé,7,107.88
CMD-001263,2025-09-25,Carrosserie Moderne,BRK-044618,Jeu plaquettes AV,4,48.42
CMD-001263,2025-09-25,Garage du Centre,ALT-007996,Alternateur 12V 140A,5,220.97
CMD-001263,2025-09-25,Garage Royal,FUS-037574,Boîte fusibles relais,8,22.82
CMD-001264,2025-12-24,Atelier Mécanique 360,FLT-017708,Filtre à air moteur,1,29.61
CMD-001264,2025-12-24,Pneus & Mécanique Pro,ROT-014715,Disque de frein ventilé,4,133.08
CMD-001265,2025-10-23,Mécanique Rapide Inc.,ROT-015403,Disque de frein ventilé,1,107.88
CMD-001265,2025-10-23,Auto-Réparation ABC,RAD-038113,Radiateur refroidissement,8,210.9
CMD-001265,2025-10-23,Garage Royal,RAD-042341,Radiateur refroidissement,3,227.46
CMD-001266,2026-02-27,Atelier Mécanique 360,FLT-032536,Filtre à air moteur,8,26.71
CMD-001267,2026-03-07,Garage Tremblay,BRK-006205,Jeu plaquettes AV,8,53.37
CMD-001268,2026-05-20,Garage Royal,SPK-013663,Bougie allumage iridium,1,30.57
CMD-001269,2026-08-06,Garage du Centre,FLT-011683,Filtre à air moteur,8,37.71
CMD-001269,2026-08-06,Centre Auto Plus,SPK-032001,Bougie allumage iridium,7,18.07
CMD-001270,2025-11-26,Mécanique Rapide Inc.,ROT-015403,Disque de frein ventilé,7,107.88
CMD-001270,2025-11-26,Carrosserie Moderne,ALT-001778,Alternateur 12V 140A,5,242.99
CMD-001270,2025-11-26,Carrosserie Moderne,FUS-028100,Boîte fusibles relais,2,17.6
CMD-001270,2025-11-26,Mécanique Rapide Inc.,BRK-017720,Jeu plaquettes AV,2,85.77
CMD-001271,2026-06-25,Garage du Centre,RAD-049573,Radiateur refroidissement,1,215.12
CMD-001271,2026-06-25,Garage Tremblay,STR-047020,Jambe de force suspension,4,143.22
CMD-001271,2026-06-25,Auto-Réparation ABC,BRK-039296,Jeu plaquettes AV,2,70.01
CMD-001272,2026-05-21,Centre Auto Plus,BRK-017720,Jeu plaquettes AV,5,85.77
CMD-001272,2026-05-21,Mécanique Rapide Inc.,SEN-033632,Capteur ABS,6,68.9
CMD-001272,2026-05-21,Pneus & Mécanique Pro,BRK-038699,Jeu plaquettes AV,2,92.39
CMD-001272,2026-05-21,Carrosserie Moderne,SPK-043295,Bougie allumage iridium,2,13.79
CMD-001272,2026-05-21,Atelier Mécanique 360,ROT-034722,Disque de frein ventilé,5,168.29
CMD-001273,2025-11-24,Centre Auto Plus,BLB-043006,Ampoule LED H7,6,29.61
CMD-001273,2025-11-24,Garage Tremblay,SEN-034457,Capteur ABS,8,50.82
CMD-001273,2025-11-24,Pneus & Mécanique Pro,FUS-026474,Boîte fusibles relais,8,18.89
CMD-001273,2025-11-24,Mécanique Rapide Inc.,BRK-040876,Jeu plaquettes AV,6,77.0
CMD-001273,2025-11-24,Auto-Réparation ABC,ROT-014289,Disque de frein ventilé,4,122.32
CMD-001274,2026-04-09,Auto-Réparation ABC,ROT-047623,Disque de frein ventilé,5,191.56
CMD-001274,2026-04-09,Atelier Mécanique 360,FLT-011683,Filtre à air moteur,6,37.71
CMD-001274,2026-04-09,Pneus & Mécanique Pro,BRK-017720,Jeu plaquettes AV,6,85.77
CMD-001274,2026-04-09,Pneus & Mécanique Pro,ALT-001778,Alternateur 12V 140A,1,242.99
CMD-001274,2026-04-09,Garage Royal,FUS-025154,Boîte fusibles relais,6,23.1
CMD-001275,2026-05-26,Garage Tremblay,ALT-001778,Alternateur 12V 140A,1,242.99
CMD-001275,2026-05-26,Centre Auto Plus,FLT-011683,Filtre à air moteur,4,37.71
CMD-001275,2026-05-26,Garage Royal,FUS-028100,Boîte fusibles relais,4,17.6
CMD-001275,2026-05-26,Auto Clinic,SEN-006021,Capteur ABS,7,31.48
CMD-001275,2026-05-26,Garage Tremblay,FUS-025154,Boîte fusibles relais,3,23.1
CMD-001276,2025-09-12,Auto-Réparation ABC,SPK-025943,Bougie allumage iridium,4,22.81
CMD-001276,2025-09-12,Auto Clinic,FLT-026606,Filtre à air moteur,6,14.88
CMD-001276,2025-09-12,Garage du Centre,SPK-003219,Bougie allumage iridium,2,16.07
CMD-001276,2025-09-12,Garage Tremblay,STR-023248,Jambe de force suspension,5,244.06
CMD-001276,2025-09-12,Atelier Mécanique 360,ROT-015403,Disque de frein ventilé,4,107.88
CMD-001277,2026-01-17,Garage du Centre,FUS-028100,Boîte fusibles relais,1,17.6
CMD-001278,2025-12-11,Auto Clinic,SPK-042345,Bougie allumage iridium,1,19.89
CMD-001278,2025-12-11,Auto Clinic,FUS-028100,Boîte fusibles relais,1,17.6
CMD-001279,2026-03-05,Garage Tremblay,FUS-028100,Boîte fusibles relais,7,17.6
CMD-001279,2026-03-05,Pneus & Mécanique Pro,ROT-018669,Disque de frein ventilé,7,124.93
CMD-001279,2026-03-05,Auto-Réparation ABC,FLT-009287,Filtre à air moteur,4,36.05
CMD-001280,2025-11-20,Carrosserie Moderne,BRK-038495,Jeu plaquettes AV,5,72.46
CMD-001280,2025-11-20,Atelier Mécanique 360,BRK-002545,Jeu plaquettes AV,2,48.87
CMD-001281,2026-04-03,Pneus & Mécanique Pro,FUS-026474,Boîte fusibles relais,5,18.89
CMD-001282,2026-02-01,Garage du Centre,FUS-028100,Boîte fusibles relais,8,17.6
CMD-001282,2026-02-01,Garage du Centre,FLT-009287,Filtre à air moteur,7,36.05
CMD-001282,2026-02-01,Garage Tremblay,ALT-008600,Alternateur 12V 140A,6,411.15
CMD-001282,2026-02-01,Carrosserie Moderne,FLT-031402,Filtre à air moteur,8,26.67
CMD-001283,2025-11-26,Centre Auto Plus,SPK-003219,Bougie allumage iridium,3,16.07
CMD-001283,2025-11-26,Garage Royal,FLT-005484,Filtre à air moteur,4,34.9
CMD-001283,2025-11-26,Centre Auto Plus,BMP-028097,Pare-chocs AV primaire,7,523.46
CMD-001284,2025-09-14,Mécanique Rapide Inc.,ROT-015403,Disque de frein ventilé,1,107.88
CMD-001284,2025-09-14,Garage Royal,FLT-026010,Filtre à air moteur,3,32.68
CMD-001284,2025-09-14,Garage Royal,SPK-031992,Bougie allumage iridium,8,20.18
CMD-001284,2025-09-14,Centre Auto Plus,ALT-007061,Alternateur 12V 140A,7,289.42
CMD-001285,2026-02-25,Garage Royal,SPK-025943,Bougie allumage iridium,7,22.81
CMD-001286,2025-09-28,Atelier Mécanique 360,RAD-011310,Radiateur refroidissement,5,240.6
CMD-001286,2025-09-28,Carrosserie Moderne,ROT-014715,Disque de frein ventilé,3,133.08
CMD-001286,2025-09-28,Garage Royal,RAD-048210,Radiateur refroidissement,7,295.99
CMD-001287,2025-10-13,Atelier Mécanique 360,ALT-007205,Alternateur 12V 140A,5,250.82
CMD-001287,2025-10-13,Garage du Centre,BRK-013237,Jeu plaquettes AV,7,53.16
CMD-001288,2026-01-27,Pneus & Mécanique Pro,FUS-013874,Boîte fusibles relais,8,19.21
CMD-001289,2026-07-23,Garage Royal,FUS-028100,Boîte fusibles relais,1,17.6
CMD-001289,2026-07-23,Garage du Centre,ALT-008600,Alternateur 12V 140A,8,411.15
CMD-001289,2026-07-23,Mécanique Rapide Inc.,SEN-004309,Capteur ABS,7,41.19
CMD-001289,2026-07-23,Pneus & Mécanique Pro,ROT-018669,Disque de frein ventilé,6,124.93
CMD-001290,2026-03-21,Garage Tremblay,FUS-028100,Boîte fusibles relais,7,17.6
CMD-001290,2026-03-21,Centre Auto Plus,FLT-031402,Filtre à air moteur,2,26.67
CMD-001290,2026-03-21,Auto-Réparation ABC,SEN-004309,Capteur ABS,6,41.19
CMD-001291,2026-01-30,Carrosserie Moderne,ROT-015403,Disque de frein ventilé,7,107.88
CMD-001292,2026-06-12,Auto-Réparation ABC,FUS-026474,Boîte fusibles relais,3,18.89
CMD-001293,2026-01-23,Carrosserie Moderne,FUS-028100,Boîte fusibles relais,4,17.6
CMD-001293,2026-01-23,Garage Tremblay,ROT-018669,Disque de frein ventilé,7,124.93
CMD-001294,2026-06-11,Mécanique Rapide Inc.,RAD-042341,Radiateur refroidissement,5,227.46
CMD-001294,2026-06-11,Carrosserie Moderne,BRK-002545,Jeu plaquettes AV,8,48.87
CMD-001294,2026-06-11,Carrosserie Moderne,ALT-036410,Alternateur 12V 140A,4,244.03
CMD-001295,2026-02-06,Auto-Réparation ABC,ROT-006864,Disque de frein ventilé,7,105.15
CMD-001295,2026-02-06,Carrosserie Moderne,SEN-043446,Capteur ABS,7,71.18
CMD-001295,2026-02-06,Atelier Mécanique 360,RAD-011310,Radiateur refroidissement,2,240.6
CMD-001295,2026-02-06,Garage du Centre,FUS-028100,Boîte fusibles relais,7,17.6
CMD-001296,2026-03-26,Garage Tremblay,FLT-011683,Filtre à air moteur,2,37.71
CMD-001296,2026-03-26,Carrosserie Moderne,FUS-041719,Boîte fusibles relais,4,14.8
CMD-001296,2026-03-26,Garage Tremblay,BRK-042035,Jeu plaquettes AV,7,57.16
CMD-001296,2026-03-26,Mécanique Rapide Inc.,ALT-040335,Alternateur 12V 140A,5,368.08
CMD-001296,2026-03-26,Carrosserie Moderne,BRK-043609,Jeu plaquettes AV,8,47.15
CMD-001297,2025-12-05,Garage Tremblay,ROT-015403,Disque de frein ventilé,8,107.88
CMD-001297,2025-12-05,Carrosserie Moderne,SEN-013569,Capteur ABS,8,42.76
CMD-001297,2025-12-05,Atelier Mécanique 360,FUS-028100,Boîte fusibles relais,1,17.6
CMD-001298,2026-07-28,Garage du Centre,FUS-028100,Boîte fusibles relais,7,17.6
CMD-001298,2026-07-28,Atelier Mécanique 360,ROT-018669,Disque de frein ventilé,2,124.93
CMD-001298,2026-07-28,Auto Clinic,SEN-004309,Capteur ABS,4,41.19
CMD-001298,2026-07-28,Garage Royal,FLT-031402,Filtre à air moteur,8,26.67
CMD-001298,2026-07-28,Centre Auto Plus,ALT-008600,Alternateur 12V 140A,4,411.15
CMD-001299,2026-04-19,Garage du Centre,ROT-015403,Disque de frein ventilé,4,107.88
CMD-001299,2026-04-19,Carrosserie Moderne,ROT-014289,Disque de frein ventilé,2,122.32
CMD-001299,2026-04-19,Mécanique Rapide Inc.,SPK-032001,Bougie allumage iridium,6,18.07
CMD-001299,2026-04-19,Atelier Mécanique 360,SEN-043446,Capteur ABS,3,71.18
CMD-001299,2026-04-19,Auto-Réparation ABC,BRK-017720,Jeu plaquettes AV,2,85.77
CMD-001300,2026-09-03,Auto-Réparation ABC,FUS-025154,Boîte fusibles relais,8,23.1
CMD-001300,2026-09-03,Centre Auto Plus,FUS-026474,Boîte fusibles relais,4,18.89
CMD-001301,2026-08-26,Auto-Réparation ABC,FLT-043239,Filtre à air moteur,7,27.52
CMD-001301,2026-08-26,Centre Auto Plus,ALT-001778,Alternateur 12V 140A,4,242.99
CMD-001302,2026-08-20,Auto Clinic,SEN-015192,Capteur ABS,8,38.69
CMD-001302,2026-08-20,Carrosserie Moderne,ROT-021710,Disque de frein ventilé,3,128.69
CMD-001302,2026-08-20,Carrosserie Moderne,BLB-020402,Ampoule LED H7,2,19.04
CMD-001302,2026-08-20,Mécanique Rapide Inc.,FLT-017708,Filtre à air moteur,5,29.61
CMD-001303,2026-01-05,Auto-Réparation ABC,FUS-025154,Boîte fusibles relais,1,23.1
CMD-001304,2026-04-23,Auto Clinic,ROT-006864,Disque de frein ventilé,3,105.15
CMD-001304,2026-04-23,Carrosserie Moderne,ROT-015403,Disque de frein ventilé,6,107.88
CMD-001304,2026-04-23,Mécanique Rapide Inc.,FUS-028100,Boîte fusibles relais,1,17.6
CMD-001304,2026-04-23,Garage Royal,STR-023248,Jambe de force suspension,4,244.06
CMD-001305,2025-09-05,Auto Clinic,ROT-015403,Disque de frein ventilé,5,107.88
CMD-001305,2025-09-05,Garage du Centre,FUS-028100,Boîte fusibles relais,2,17.6
CMD-001305,2025-09-05,Centre Auto Plus,SEN-045054,Capteur ABS,2,56.01
CMD-001305,2025-09-05,Pneus & Mécanique Pro,SEN-015192,Capteur ABS,3,38.69
CMD-001305,2025-09-05,Auto Clinic,ROT-034002,Disque de frein ventilé,5,177.99
CMD-001306,2026-03-29,Mécanique Rapide Inc.,BRK-017720,Jeu plaquettes AV,7,85.77
CMD-001306,2026-03-29,Atelier Mécanique 360,SEN-033632,Capteur ABS,2,68.9
CMD-001306,2026-03-29,Auto Clinic,ALT-015059,Alternateur 12V 140A,3,396.5
CMD-001306,2026-03-29,Garage du Centre,ROT-034722,Disque de frein ventilé,2,168.29
CMD-001306,2026-03-29,Atelier Mécanique 360,SPK-043295,Bougie allumage iridium,6,13.79
CMD-001307,2025-09-22,Garage du Centre,ROT-015403,Disque de frein ventilé,6,107.88
CMD-001307,2025-09-22,Garage du Centre,SPK-031992,Bougie allumage iridium,6,20.18
CMD-001307,2025-09-22,Carrosserie Moderne,FLT-026010,Filtre à air moteur,5,32.68
CMD-001308,2026-04-18,Carrosserie Moderne,FLT-011683,Filtre à air moteur,4,37.71
CMD-001308,2026-04-18,Carrosserie Moderne,FUS-041719,Boîte fusibles relais,3,14.8
CMD-001308,2026-04-18,Centre Auto Plus,ALT-040335,Alternateur 12V 140A,8,368.08
CMD-001309,2026-04-10,Garage Royal,ROT-015403,Disque de frein ventilé,2,107.88
CMD-001309,2026-04-10,Garage Royal,FLT-026010,Filtre à air moteur,3,32.68
CMD-001309,2026-04-10,Atelier Mécanique 360,ROT-007220,Disque de frein ventilé,8,116.26
CMD-001309,2026-04-10,Garage Royal,SPK-031992,Bougie allumage iridium,7,20.18
CMD-001310,2026-05-20,Carrosserie Moderne,ROT-015403,Disque de frein ventilé,7,107.88
CMD-001310,2026-05-20,Pneus & Mécanique Pro,RAD-008323,Radiateur refroidissement,3,225.29
CMD-001310,2026-05-20,Pneus & Mécanique Pro,ALT-001778,Alternateur 12V 140A,3,242.99
CMD-001310,2026-05-20,Auto-Réparation ABC,SPK-025943,Bougie allumage iridium,7,22.81
CMD-001311,2026-02-19,Mécanique Rapide Inc.,ROT-014289,Disque de frein ventilé,4,122.32
CMD-001311,2026-02-19,Garage Tremblay,FUS-009657,Boîte fusibles relais,8,23.65
CMD-001311,2026-02-19,Auto-Réparation ABC,FLT-032848,Filtre à air moteur,6,16.69
CMD-001311,2026-02-19,Mécanique Rapide Inc.,ALT-014998,Alternateur 12V 140A,1,268.21
CMD-001312,2026-03-31,Centre Auto Plus,BLB-037992,Ampoule LED H7,3,27.13
CMD-001312,2026-03-31,Auto Clinic,ROT-006864,Disque de frein ventilé,2,105.15
CMD-001313,2026-08-02,Pneus & Mécanique Pro,ROT-015403,Disque de frein ventilé,2,107.88
CMD-001313,2026-08-02,Centre Auto Plus,ALT-007061,Alternateur 12V 140A,5,289.42
CMD-001313,2026-08-02,Carrosserie Moderne,ROT-007220,Disque de frein ventilé,2,116.26
CMD-001313,2026-08-02,Garage Tremblay,SPK-031992,Bougie allumage iridium,7,20.18
CMD-001314,2025-10-09,Centre Auto Plus,ROT-015403,Disque de frein ventilé,5,107.88
CMD-001314,2025-10-09,Mécanique Rapide Inc.,ALT-007061,Alternateur 12V 140A,3,289.42
CMD-001314,2025-10-09,Garage du Centre,EXH-007271,Silencieux échappement,3,390.56
CMD-001315,2026-04-29,Centre Auto Plus,FLT-011683,Filtre à air moteur,4,37.71
CMD-001315,2026-04-29,Carrosserie Moderne,ROT-015403,Disque de frein ventilé,5,107.88
CMD-001315,2026-04-29,Mécanique Rapide Inc.,ALT-001778,Alternateur 12V 140A,3,242.99
CMD-001315,2026-04-29,Centre Auto Plus,FUS-028100,Boîte fusibles relais,4,17.6
CMD-001315,2026-04-29,Mécanique Rapide Inc.,STR-031193,Jambe de force suspension,2,214.77
CMD-001316,2026-02-25,Carrosserie Moderne,FUS-028100,Boîte fusibles relais,6,17.6
CMD-001316,2026-02-25,Garage du Centre,BRK-017720,Jeu plaquettes AV,7,85.77
CMD-001316,2026-02-25,Garage Royal,STR-026017,Jambe de force suspension,5,131.28
CMD-001316,2026-02-25,Centre Auto Plus,FUS-037574,Boîte fusibles relais,2,22.82
CMD-001317,2026-03-08,Atelier Mécanique 360,STR-023248,Jambe de force suspension,1,244.06
CMD-001317,2026-03-08,Garage du Centre,BMP-018500,Pare-chocs AV primaire,6,451.96
CMD-001317,2026-03-08,Garage Royal,ALT-001778,Alternateur 12V 140A,1,242.99
CMD-001317,2026-03-08,Garage du Centre,SPK-025943,Bougie allumage iridium,6,22.81
CMD-001317,2026-03-08,Atelier Mécanique 360,ROT-021710,Disque de frein ventilé,8,128.69
CMD-001318,2025-10-31,Auto-Réparation ABC,FUS-028100,Boîte fusibles relais,4,17.6
CMD-001319,2025-12-15,Garage Royal,ROT-001359,Disque de frein ventilé,5,180.58
CMD-001319,2025-12-15,Garage Royal,SEN-043446,Capteur ABS,2,71.18
CMD-001320,2026-03-10,Auto Clinic,SPK-032001,Bougie allumage iridium,8,18.07
CMD-001320,2026-03-10,Garage Royal,ROT-015403,Disque de frein ventilé,7,107.88
CMD-001320,2026-03-10,Pneus & Mécanique Pro,ALT-033658,Alternateur 12V 140A,7,254.43
CMD-001320,2026-03-10,Auto Clinic,ALT-001778,Alternateur 12V 140A,8,242.99
CMD-001321,2026-03-22,Carrosserie Moderne,ROT-015403,Disque de frein ventilé,3,107.88
CMD-001321,2026-03-22,Pneus & Mécanique Pro,ALT-007061,Alternateur 12V 140A,8,289.42
CMD-001321,2026-03-22,Mécanique Rapide Inc.,EXH-007271,Silencieux échappement,3,390.56
CMD-001321,2026-03-22,Garage Royal,SPK-031992,Bougie allumage iridium,7,20.18
CMD-001321,2026-03-22,Auto Clinic,ROT-007220,Disque de frein ventilé,1,116.26
CMD-001322,2026-07-14,Centre Auto Plus,SEN-026048,Capteur ABS,3,61.18
CMD-001322,2026-07-14,Garage Royal,FLT-001618,Filtre à air moteur,1,29.58
CMD-001322,2026-07-14,Atelier Mécanique 360,FUS-037574,Boîte fusibles relais,5,22.82
CMD-001323,2026-03-06,Auto-Réparation ABC,FLT-043239,Filtre à air moteur,6,27.52
CMD-001324,2026-02-12,Carrosserie Moderne,BLB-037992,Ampoule LED H7,2,27.13
CMD-001324,2026-02-12,Garage Royal,BRK-039296,Jeu plaquettes AV,7,70.01
CMD-001324,2026-02-12,Pneus & Mécanique Pro,RAD-049573,Radiateur refroidissement,7,215.12
CMD-001324,2026-02-12,Carrosserie Moderne,ALT-035681,Alternateur 12V 140A,8,394.53
CMD-001325,2026-05-29,Garage Royal,FLT-011683,Filtre à air moteur,1,37.71
CMD-001325,2026-05-29,Pneus & Mécanique Pro,SEN-043446,Capteur ABS,8,71.18
CMD-001325,2026-05-29,Mécanique Rapide Inc.,ROT-006864,Disque de frein ventilé,1,105.15
CMD-001325,2026-05-29,Garage Tremblay,SEN-002386,Capteur ABS,2,37.38
CMD-001326,2025-12-11,Carrosserie Moderne,BLB-037992,Ampoule LED H7,6,27.13
CMD-001326,2025-12-11,Carrosserie Moderne,FUS-021849,Boîte fusibles relais,8,14.18
CMD-001326,2025-12-11,Garage du Centre,SPK-003219,Bougie allumage iridium,8,16.07
CMD-001326,2025-12-11,Garage du Centre,SEN-045054,Capteur ABS,7,56.01
CMD-001327,2026-03-06,Atelier Mécanique 360,STR-023248,Jambe de force suspension,8,244.06
CMD-001327,2026-03-06,Garage Tremblay,ALT-001078,Alternateur 12V 140A,5,235.28
CMD-001327,2026-03-06,Auto Clinic,ALT-007996,Alternateur 12V 140A,1,220.97
CMD-001327,2026-03-06,Auto Clinic,BMP-019552,Pare-chocs AV primaire,4,368.75
CMD-001328,2025-09-14,Garage Tremblay,SEN-013569,Capteur ABS,7,42.76
CMD-001329,2025-10-01,Atelier Mécanique 360,ROT-021710,Disque de frein ventilé,2,128.69
CMD-001329,2025-10-01,Auto-Réparation ABC,BRK-017720,Jeu plaquettes AV,8,85.77
CMD-001329,2025-10-01,Pneus & Mécanique Pro,FLT-011683,Filtre à air moteur,1,37.71
CMD-001329,2025-10-01,Auto-Réparation ABC,ROT-006864,Disque de frein ventilé,8,105.15
CMD-001329,2025-10-01,Garage du Centre,SEN-003185,Capteur ABS,8,59.42
CMD-001330,2026-04-29,Auto Clinic,ALT-035530,Alternateur 12V 140A,4,238.74
CMD-001330,2026-04-29,Garage du Centre,SEN-014947,Capteur ABS,3,51.13
CMD-001330,2026-04-29,Mécanique Rapide Inc.,SPK-025943,Bougie allumage iridium,4,22.81
CMD-001330,2026-04-29,Atelier Mécanique 360,BLB-019537,Ampoule LED H7,6,18.7
CMD-001331,2026-07-08,Garage Tremblay,BRK-038495,Jeu plaquettes AV,4,72.46
CMD-001331,2026-07-08,Atelier Mécanique 360,ALT-049278,Alternateur 12V 140A,2,423.05
CMD-001331,2026-07-08,Garage du Centre,SEN-049426,Capteur ABS,7,58.54
CMD-001331,2026-07-08,Pneus & Mécanique Pro,RAD-042341,Radiateur refroidissement,3,227.46
CMD-001332,2026-01-17,Atelier Mécanique 360,BLB-037992,Ampoule LED H7,4,27.13
CMD-001332,2026-01-17,Mécanique Rapide Inc.,FLT-011683,Filtre à air moteur,8,37.71
CMD-001332,2026-01-17,Garage Tremblay,RAD-042341,Radiateur refroidissement,4,227.46
CMD-001333,2026-06-07,Centre Auto Plus,FUS-028100,Boîte fusibles relais,4,17.6
CMD-001333,2026-06-07,Atelier Mécanique 360,ALT-008600,Alternateur 12V 140A,6,411.15
CMD-001333,2026-06-07,Garage Tremblay,FLT-009287,Filtre à air moteur,2,36.05
CMD-001333,2026-06-07,Auto-Réparation ABC,SEN-004309,Capteur ABS,4,41.19
CMD-001333,2026-06-07,Pneus & Mécanique Pro,FLT-031402,Filtre à air moteur,2,26.67
CMD-001334,2026-03-12,Garage Tremblay,EXH-034377,Silencieux échappement,6,268.92
CMD-001334,2026-03-12,Atelier Mécanique 360,FLT-019590,Filtre à air moteur,1,19.27
CMD-001335,2025-10-09,Centre Auto Plus,ROT-015403,Disque de frein ventilé,4,107.88
CMD-001335,2025-10-09,Garage du Centre,ALT-007061,Alternateur 12V 140A,6,289.42
CMD-001335,2025-10-09,Garage Tremblay,ROT-007220,Disque de frein ventilé,5,116.26
CMD-001336,2026-02-25,Garage Tremblay,FUS-025154,Boîte fusibles relais,1,23.1
CMD-001336,2026-02-25,Carrosserie Moderne,FUS-028100,Boîte fusibles relais,5,17.6
CMD-001337,2025-10-05,Garage Tremblay,ALT-001778,Alternateur 12V 140A,6,242.99
CMD-001337,2025-10-05,Carrosserie Moderne,BMP-048102,Pare-chocs AV primaire,1,212.63
CMD-001337,2025-10-05,Garage du Centre,FUS-019025,Boîte fusibles relais,5,16.14
CMD-001337,2025-10-05,Garage Royal,ALT-007205,Alternateur 12V 140A,8,250.82
CMD-001338,2026-08-05,Pneus & Mécanique Pro,EXH-034377,Silencieux échappement,1,268.92
CMD-001338,2026-08-05,Garage Royal,BRK-009718,Jeu plaquettes AV,8,49.14
CMD-001338,2026-08-05,Centre Auto Plus,SEN-031098,Capteur ABS,1,67.4
CMD-001338,2026-08-05,Carrosserie Moderne,ROT-018008,Disque de frein ventilé,2,101.69
CMD-001338,2026-08-05,Carrosserie Moderne,ALT-043817,Alternateur 12V 140A,6,318.1
CMD-001339,2025-12-12,Pneus & Mécanique Pro,ROT-015403,Disque de frein ventilé,2,107.88
CMD-001339,2025-12-12,Centre Auto Plus,FLT-011683,Filtre à air moteur,3,37.71
CMD-001339,2025-12-12,Garage Tremblay,FUS-028100,Boîte fusibles relais,6,17.6
CMD-001340,2025-10-20,Centre Auto Plus,RAD-038113,Radiateur refroidissement,8,210.9
CMD-001341,2025-09-16,Carrosserie Moderne,FUS-025154,Boîte fusibles relais,1,23.1
CMD-001341,2025-09-16,Carrosserie Moderne,EXH-049698,Silencieux échappement,8,345.09
CMD-001342,2026-05-23,Mécanique Rapide Inc.,BRK-017720,Jeu plaquettes AV,1,85.77
CMD-001342,2026-05-23,Atelier Mécanique 360,SPK-043295,Bougie allumage iridium,2,13.79
CMD-001342,2026-05-23,Garage du Centre,ROT-034722,Disque de frein ventilé,3,168.29
CMD-001343,2026-05-09,Garage du Centre,FUS-028100,Boîte fusibles relais,3,17.6
CMD-001343,2026-05-09,Pneus & Mécanique Pro,ALT-001778,Alternateur 12V 140A,3,242.99
CMD-001343,2026-05-09,Centre Auto Plus,ROT-006864,Disque de frein ventilé,8,105.15
CMD-001344,2026-06-06,Garage Royal,FLT-040963,Filtre à air moteur,3,23.2
CMD-001344,2026-06-06,Garage Royal,FUS-025154,Boîte fusibles relais,1,23.1
CMD-001344,2026-06-06,Garage Royal,FUS-028100,Boîte fusibles relais,2,17.6
CMD-001345,2025-09-17,Atelier Mécanique 360,SEN-003185,Capteur ABS,8,59.42
CMD-001345,2025-09-17,Garage du Centre,ROT-047623,Disque de frein ventilé,7,191.56
CMD-001345,2025-09-17,Carrosserie Moderne,FLT-040963,Filtre à air moteur,7,23.2
CMD-001345,2025-09-17,Garage du Centre,STR-037922,Jambe de force suspension,6,181.79
CMD-001345,2025-09-17,Garage Royal,BMP-006087,Pare-chocs AV primaire,2,519.77
CMD-001346,2025-11-20,Garage du Centre,SEN-015192,Capteur ABS,3,38.69
CMD-001346,2025-11-20,Mécanique Rapide Inc.,SPK-033608,Bougie allumage iridium,4,17.65
CMD-001346,2025-11-20,Auto-Réparation ABC,ALT-041787,Alternateur 12V 140A,7,213.22
CMD-001347,2026-09-04,Mécanique Rapide Inc.,SEN-002386,Capteur ABS,8,37.38
CMD-001347,2026-09-04,Auto-Réparation ABC,FLT-042228,Filtre à air moteur,2,38.95
CMD-001347,2026-09-04,Garage Royal,ROT-037068,Disque de frein ventilé,5,100.89
CMD-001347,2026-09-04,Auto Clinic,BRK-003031,Jeu plaquettes AV,1,102.24
CMD-001347,2026-09-04,Carrosserie Moderne,FUS-037465,Boîte fusibles relais,4,13.4
CMD-001348,2026-07-22,Atelier Mécanique 360,RAD-008323,Radiateur refroidissement,8,225.29
CMD-001348,2026-07-22,Mécanique Rapide Inc.,FLT-029423,Filtre à air moteur,8,40.89
CMD-001348,2026-07-22,Auto Clinic,FLT-032536,Filtre à air moteur,3,26.71
CMD-001348,2026-07-22,Carrosserie Moderne,BMP-006001,Pare-chocs AV primaire,1,264.54
CMD-001348,2026-07-22,Garage Tremblay,BRK-000665,Jeu plaquettes AV,6,57.77
CMD-001349,2026-04-30,Mécanique Rapide Inc.,SEN-014947,Capteur ABS,8,51.13
CMD-001349,2026-04-30,Garage du Centre,FUS-025154,Boîte fusibles relais,3,23.1
CMD-001350,2026-03-03,Auto-Réparation ABC,ROT-015403,Disque de frein ventilé,4,107.88
CMD-001350,2026-03-03,Atelier Mécanique 360,ROT-007220,Disque de frein ventilé,6,116.26
CMD-001350,2026-03-03,Garage Tremblay,FLT-026010,Filtre à air moteur,1,32.68
CMD-001350,2026-03-03,Garage Royal,ALT-007061,Alternateur 12V 140A,8,289.42
CMD-001351,2025-10-24,Centre Auto Plus,ROT-007220,Disque de frein ventilé,4,116.26
CMD-001351,2025-10-24,Atelier Mécanique 360,SPK-031992,Bougie allumage iridium,7,20.18
CMD-001352,2026-04-11,Auto Clinic,SEN-003185,Capteur ABS,7,59.42
CMD-001352,2026-04-11,Garage Tremblay,FLT-040963,Filtre à air moteur,6,23.2
CMD-001352,2026-04-11,Atelier Mécanique 360,BMP-006087,Pare-chocs AV primaire,1,519.77
CMD-001353,2026-07-17,Pneus & Mécanique Pro,FUS-028100,Boîte fusibles relais,8,17.6
CMD-001354,2026-03-29,Mécanique Rapide Inc.,ROT-015403,Disque de frein ventilé,8,107.88
CMD-001354,2026-03-29,Atelier Mécanique 360,BRK-035690,Jeu plaquettes AV,8,85.62
CMD-001354,2026-03-29,Mécanique Rapide Inc.,SEN-015192,Capteur ABS,8,38.69
CMD-001355,2026-05-02,Mécanique Rapide Inc.,ROT-015403,Disque de frein ventilé,4,107.88
CMD-001356,2026-09-05,Garage Royal,RAD-008323,Radiateur refroidissement,7,225.29
CMD-001357,2025-12-13,Atelier Mécanique 360,FLT-011683,Filtre à air moteur,5,37.71
CMD-001358,2026-05-02,Garage Royal,FUS-013874,Boîte fusibles relais,6,19.21
CMD-001358,2026-05-02,Atelier Mécanique 360,FLT-028324,Filtre à air moteur,8,18.75
CMD-001358,2026-05-02,Centre Auto Plus,FUS-028100,Boîte fusibles relais,7,17.6
CMD-001358,2026-05-02,Garage du Centre,SPK-047981,Bougie allumage iridium,3,24.04
CMD-001358,2026-05-02,Atelier Mécanique 360,BLB-007509,Ampoule LED H7,4,34.03
CMD-001359,2026-03-05,Atelier Mécanique 360,BRK-017720,Jeu plaquettes AV,4,85.77
CMD-001359,2026-03-05,Atelier Mécanique 360,SPK-043295,Bougie allumage iridium,1,13.79
CMD-001359,2026-03-05,Atelier Mécanique 360,BRK-038699,Jeu plaquettes AV,1,92.39
CMD-001360,2026-03-11,Pneus & Mécanique Pro,ROT-015403,Disque de frein ventilé,6,107.88
CMD-001360,2026-03-11,Atelier Mécanique 360,ALT-013343,Alternateur 12V 140A,2,241.48
CMD-001360,2026-03-11,Centre Auto Plus,FUS-026474,Boîte fusibles relais,7,18.89
CMD-001361,2025-09-25,Garage Tremblay,FUS-028100,Boîte fusibles relais,5,17.6
CMD-001362,2026-03-27,Garage Royal,SEN-002690,Capteur ABS,8,49.02
CMD-001363,2026-08-27,Garage Tremblay,BRK-001937,Jeu plaquettes AV,6,88.96
CMD-001363,2026-08-27,Garage du Centre,ALT-021132,Alternateur 12V 140A,6,376.48
CMD-001363,2026-08-27,Mécanique Rapide Inc.,BLB-028682,Ampoule LED H7,5,36.03
CMD-001363,2026-08-27,Mécanique Rapide Inc.,FUS-026474,Boîte fusibles relais,6,18.89
CMD-001364,2026-07-31,Centre Auto Plus,ROT-015403,Disque de frein ventilé,3,107.88
CMD-001365,2025-11-25,Auto-Réparation ABC,SEN-015192,Capteur ABS,5,38.69
CMD-001365,2025-11-25,Garage du Centre,SPK-037015,Bougie allumage iridium,5,18.73
CMD-001365,2025-11-25,Auto Clinic,SPK-033608,Bougie allumage iridium,1,17.65
CMD-001365,2025-11-25,Garage Royal,ALT-041787,Alternateur 12V 140A,4,213.22
CMD-001365,2025-11-25,Mécanique Rapide Inc.,ALT-038546,Alternateur 12V 140A,6,350.51
CMD-001366,2026-07-09,Garage Royal,SPK-047981,Bougie allumage iridium,2,24.04
CMD-001366,2026-07-09,Atelier Mécanique 360,BRK-003411,Jeu plaquettes AV,8,78.75
CMD-001366,2026-07-09,Auto Clinic,FUS-039684,Boîte fusibles relais,3,14.91
CMD-001366,2026-07-09,Garage Royal,BLB-040946,Ampoule LED H7,7,29.33
CMD-001367,2025-12-27,Pneus & Mécanique Pro,FUS-025154,Boîte fusibles relais,4,23.1
CMD-001367,2025-12-27,Auto-Réparation ABC,FLT-028324,Filtre à air moteur,5,18.75
CMD-001368,2025-09-25,Pneus & Mécanique Pro,FLT-011683,Filtre à air moteur,5,37.71
CMD-001368,2025-09-25,Auto-Réparation ABC,FUS-041719,Boîte fusibles relais,3,14.8
CMD-001368,2025-09-25,Garage Royal,BRK-042035,Jeu plaquettes AV,6,57.16
CMD-001369,2026-02-03,Carrosserie Moderne,BLB-037992,Ampoule LED H7,6,27.13
CMD-001369,2026-02-03,Garage Royal,FLT-044878,Filtre à air moteur,3,36.42
CMD-001369,2026-02-03,Garage du Centre,ALT-035681,Alternateur 12V 140A,5,394.53
CMD-001370,2026-04-22,Mécanique Rapide Inc.,BMP-018500,Pare-chocs AV primaire,3,451.96
CMD-001370,2026-04-22,Garage du Centre,FUS-036362,Boîte fusibles relais,3,20.34
CMD-001370,2026-04-22,Garage du Centre,SPK-020617,Bougie allumage iridium,1,12.63
CMD-001371,2026-07-12,Atelier Mécanique 360,ROT-015403,Disque de frein ventilé,2,107.88
CMD-001371,2026-07-12,Garage Tremblay,ALT-007061,Alternateur 12V 140A,4,289.42
CMD-001371,2026-07-12,Garage du Centre,FLT-026010,Filtre à air moteur,5,32.68
CMD-001371,2026-07-12,Carrosserie Moderne,SPK-031992,Bougie allumage iridium,3,20.18
CMD-001371,2026-07-12,Pneus & Mécanique Pro,EXH-007271,Silencieux échappement,2,390.56
CMD-001372,2026-03-03,Carrosserie Moderne,ROT-015403,Disque de frein ventilé,4,107.88
CMD-001372,2026-03-03,Carrosserie Moderne,SEN-006021,Capteur ABS,3,31.48
CMD-001372,2026-03-03,Atelier Mécanique 360,SEN-043446,Capteur ABS,2,71.18
CMD-001373,2025-11-04,Auto-Réparation ABC,ROT-021710,Disque de frein ventilé,7,128.69
CMD-001373,2025-11-04,Auto-Réparation ABC,FUS-028100,Boîte fusibles relais,8,17.6
CMD-001373,2025-11-04,Garage Royal,FLT-011683,Filtre à air moteur,5,37.71
CMD-001373,2025-11-04,Garage Royal,BRK-036192,Jeu plaquettes AV,7,67.56
CMD-001373,2025-11-04,Mécanique Rapide Inc.,FUS-025154,Boîte fusibles relais,3,23.1
CMD-001374,2026-02-09,Pneus & Mécanique Pro,SEN-006132,Capteur ABS,7,40.66
CMD-001374,2026-02-09,Carrosserie Moderne,FUS-025154,Boîte fusibles relais,6,23.1
CMD-001374,2026-02-09,Carrosserie Moderne,ROT-015403,Disque de frein ventilé,5,107.88
CMD-001374,2026-02-09,Carrosserie Moderne,EXH-034377,Silencieux échappement,1,268.92
CMD-001374,2026-02-09,Auto Clinic,ALT-006276,Alternateur 12V 140A,7,220.23
CMD-001375,2026-03-29,Garage Royal,FUS-028100,Boîte fusibles relais,8,17.6
CMD-001375,2026-03-29,Pneus & Mécanique Pro,EXH-034377,Silencieux échappement,7,268.92
CMD-001376,2025-09-26,Garage Royal,ROT-015403,Disque de frein ventilé,8,107.88
CMD-001376,2025-09-26,Centre Auto Plus,ALT-007061,Alternateur 12V 140A,2,289.42
CMD-001376,2025-09-26,Mécanique Rapide Inc.,SPK-031992,Bougie allumage iridium,7,20.18
CMD-001376,2025-09-26,Garage Tremblay,EXH-007271,Silencieux échappement,2,390.56
CMD-001376,2025-09-26,Atelier Mécanique 360,FLT-026010,Filtre à air moteur,8,32.68
CMD-001377,2026-02-17,Garage Tremblay,ALT-014998,Alternateur 12V 140A,4,268.21
CMD-001377,2026-02-17,Garage Royal,SEN-008012,Capteur ABS,8,33.57
CMD-001377,2026-02-17,Auto-Réparation ABC,FLT-032848,Filtre à air moteur,3,16.69
CMD-001378,2026-05-27,Garage Royal,SPK-013663,Bougie allumage iridium,7,30.57
CMD-001379,2026-06-29,Carrosserie Moderne,SEN-006021,Capteur ABS,3,31.48
CMD-001379,2026-06-29,Garage du Centre,FLT-011683,Filtre à air moteur,3,37.71
CMD-001379,2026-06-29,Auto Clinic,BRK-003411,Jeu plaquettes AV,6,78.75
CMD-001380,2026-08-18,Mécanique Rapide Inc.,FUS-025154,Boîte fusibles relais,7,23.1
CMD-001380,2026-08-18,Garage Royal,BLB-037992,Ampoule LED H7,2,27.13
CMD-001380,2026-08-18,Garage Tremblay,SEN-006021,Capteur ABS,6,31.48
CMD-001380,2026-08-18,Garage du Centre,SPK-047981,Bougie allumage iridium,5,24.04
CMD-001380,2026-08-18,Atelier Mécanique 360,RAD-008323,Radiateur refroidissement,2,225.29
CMD-001381,2026-01-07,Carrosserie Moderne,ROT-015403,Disque de frein ventilé,3,107.88
CMD-001382,2026-05-15,Atelier Mécanique 360,ROT-015403,Disque de frein ventilé,5,107.88
CMD-001382,2026-05-15,Centre Auto Plus,FLT-026010,Filtre à air moteur,6,32.68
CMD-001382,2026-05-15,Garage Royal,EXH-007271,Silencieux échappement,1,390.56
CMD-001383,2025-12-10,Pneus & Mécanique Pro,BMP-037287,Pare-chocs AV primaire,3,323.55
CMD-001384,2025-11-03,Garage Royal,FUS-025154,Boîte fusibles relais,5,23.1
CMD-001385,2026-04-22,Carrosserie Moderne,SEN-020721,Capteur ABS,1,59.04
CMD-001385,2026-04-22,Garage Tremblay,STR-026017,Jambe de force suspension,5,131.28
CMD-001385,2026-04-22,Pneus & Mécanique Pro,BLB-020402,Ampoule LED H7,1,19.04
CMD-001385,2026-04-22,Mécanique Rapide Inc.,FUS-004135,Boîte fusibles relais,3,14.53
CMD-001385,2026-04-22,Pneus & Mécanique Pro,FLT-017690,Filtre à air moteur,1,23.9
CMD-001386,2026-09-03,Mécanique Rapide Inc.,ALT-002471,Alternateur 12V 140A,3,269.92
CMD-001386,2026-09-03,Pneus & Mécanique Pro,ROT-002797,Disque de frein ventilé,5,141.62
CMD-001386,2026-09-03,Auto-Réparation ABC,FUS-028100,Boîte fusibles relais,2,17.6
CMD-001387,2026-08-21,Garage Royal,BLB-020402,Ampoule LED H7,5,19.04
CMD-001387,2026-08-21,Garage du Centre,BRK-044618,Jeu plaquettes AV,8,48.42
CMD-001387,2026-08-21,Pneus & Mécanique Pro,SEN-020721,Capteur ABS,2,59.04
CMD-001388,2025-12-02,Pneus & Mécanique Pro,ROT-001359,Disque de frein ventilé,7,180.58
CMD-001388,2025-12-02,Atelier Mécanique 360,EXH-033760,Silencieux échappement,8,201.19
CMD-001389,2026-08-30,Mécanique Rapide Inc.,ALT-047362,Alternateur 12V 140A,1,328.64
CMD-001389,2026-08-30,Pneus & Mécanique Pro,BRK-005978,Jeu plaquettes AV,6,65.1
CMD-001389,2026-08-30,Auto Clinic,RAD-013421,Radiateur refroidissement,5,153.6
CMD-001389,2026-08-30,Garage du Centre,SEN-034457,Capteur ABS,2,50.82
CMD-001390,2026-03-30,Atelier Mécanique 360,SPK-047981,Bougie allumage iridium,3,24.04
CMD-001391,2026-03-05,Mécanique Rapide Inc.,ROT-006864,Disque de frein ventilé,4,105.15
CMD-001391,2026-03-05,Carrosserie Moderne,FUS-028100,Boîte fusibles relais,7,17.6
CMD-001391,2026-03-05,Garage Royal,BRK-001937,Jeu plaquettes AV,8,88.96
CMD-001391,2026-03-05,Garage Royal,ROT-015403,Disque de frein ventilé,2,107.88
CMD-001392,2025-11-09,Garage du Centre,ROT-015403,Disque de frein ventilé,2,107.88
CMD-001392,2025-11-09,Mécanique Rapide Inc.,SPK-031992,Bougie allumage iridium,3,20.18
CMD-001392,2025-11-09,Auto-Réparation ABC,EXH-007271,Silencieux échappement,1,390.56
CMD-001392,2025-11-09,Garage Royal,ALT-007061,Alternateur 12V 140A,8,289.42
CMD-001393,2026-06-18,Garage Royal,ROT-015403,Disque de frein ventilé,2,107.88
CMD-001393,2026-06-18,Carrosserie Moderne,FUS-025154,Boîte fusibles relais,4,23.1
CMD-001393,2026-06-18,Garage Tremblay,BRK-017720,Jeu plaquettes AV,2,85.77
CMD-001393,2026-06-18,Pneus & Mécanique Pro,ROT-007220,Disque de frein ventilé,6,116.26
CMD-001394,2026-08-23,Carrosserie Moderne,ROT-021710,Disque de frein ventilé,4,128.69
CMD-001394,2026-08-23,Garage du Centre,SEN-035482,Capteur ABS,3,44.17
CMD-001394,2026-08-23,Auto-Réparation ABC,ALT-036394,Alternateur 12V 140A,8,433.19
CMD-001395,2025-12-18,Auto-Réparation ABC,RAD-042341,Radiateur refroidissement,3,227.46
CMD-001395,2025-12-18,Atelier Mécanique 360,ALT-001778,Alternateur 12V 140A,2,242.99
CMD-001395,2025-12-18,Pneus & Mécanique Pro,ROT-015403,Disque de frein ventilé,4,107.88
CMD-001395,2025-12-18,Centre Auto Plus,BRK-006205,Jeu plaquettes AV,8,53.37
CMD-001396,2026-04-09,Mécanique Rapide Inc.,ROT-015403,Disque de frein ventilé,5,107.88
CMD-001396,2026-04-09,Garage du Centre,SPK-031992,Bougie allumage iridium,8,20.18
CMD-001396,2026-04-09,Centre Auto Plus,EXH-007271,Silencieux échappement,1,390.56
CMD-001397,2026-03-07,Atelier Mécanique 360,FLT-011683,Filtre à air moteur,2,37.71
CMD-001397,2026-03-07,Garage du Centre,FUS-041719,Boîte fusibles relais,1,14.8
CMD-001397,2026-03-07,Auto-Réparation ABC,ALT-040335,Alternateur 12V 140A,6,368.08
CMD-001398,2025-12-19,Atelier Mécanique 360,FLT-043239,Filtre à air moteur,4,27.52
CMD-001398,2025-12-19,Auto Clinic,ROT-015403,Disque de frein ventilé,5,107.88
CMD-001398,2025-12-19,Carrosserie Moderne,FUS-013874,Boîte fusibles relais,4,19.21
CMD-001398,2025-12-19,Mécanique Rapide Inc.,ROT-006864,Disque de frein ventilé,8,105.15
CMD-001399,2025-11-15,Garage Royal,RAD-035768,Radiateur refroidissement,5,177.87
CMD-001399,2025-11-15,Atelier Mécanique 360,EXH-049698,Silencieux échappement,2,345.09
CMD-001399,2025-11-15,Auto-Réparation ABC,FUS-025154,Boîte fusibles relais,8,23.1
CMD-001399,2025-11-15,Atelier Mécanique 360,RAD-011217,Radiateur refroidissement,5,217.88
CMD-001399,2025-11-15,Mécanique Rapide Inc.,BRK-020584,Jeu plaquettes AV,1,57.06
CMD-001400,2025-12-01,Garage Royal,ROT-015403,Disque de frein ventilé,1,107.88
CMD-001401,2026-08-01,Auto Clinic,STR-023248,Jambe de force suspension,7,244.06
CMD-001402,2026-01-26,Garage Royal,SEN-033632,Capteur ABS,4,68.9
CMD-001403,2026-05-23,Centre Auto Plus,FLT-031402,Filtre à air moteur,4,26.67
CMD-001404,2025-10-30,Centre Auto Plus,BLB-037992,Ampoule LED H7,6,27.13
CMD-001404,2025-10-30,Carrosserie Moderne,BMP-037287,Pare-chocs AV primaire,7,323.55
CMD-001404,2025-10-30,Garage du Centre,ROT-015403,Disque de frein ventilé,2,107.88
CMD-001405,2026-03-04,Auto Clinic,ROT-015403,Disque de frein ventilé,5,107.88
CMD-001405,2026-03-04,Mécanique Rapide Inc.,ALT-007061,Alternateur 12V 140A,4,289.42
CMD-001406,2025-12-30,Pneus & Mécanique Pro,ROT-015403,Disque de frein ventilé,7,107.88
CMD-001406,2025-12-30,Mécanique Rapide Inc.,ALT-007061,Alternateur 12V 140A,5,289.42
CMD-001407,2026-03-10,Centre Auto Plus,FUS-028100,Boîte fusibles relais,6,17.6
CMD-001407,2026-03-10,Centre Auto Plus,ROT-015403,Disque de frein ventilé,7,107.88
CMD-001407,2026-03-10,Centre Auto Plus,FLT-001618,Filtre à air moteur,3,29.58
CMD-001407,2026-03-10,Centre Auto Plus,SEN-013569,Capteur ABS,7,42.76
CMD-001408,2026-03-29,Centre Auto Plus,BRK-035690,Jeu plaquettes AV,6,85.62
CMD-001408,2026-03-29,Centre Auto Plus,ROT-002797,Disque de frein ventilé,5,141.62
CMD-001408,2026-03-29,Atelier Mécanique 360,BMP-037287,Pare-chocs AV primaire,4,323.55
CMD-001408,2026-03-29,Mécanique Rapide Inc.,FLT-028528,Filtre à air moteur,7,38.12
CMD-001409,2026-03-19,Atelier Mécanique 360,ALT-001778,Alternateur 12V 140A,5,242.99
CMD-001409,2026-03-19,Auto Clinic,BRK-013237,Jeu plaquettes AV,6,53.16
CMD-001410,2026-05-18,Carrosserie Moderne,BRK-006205,Jeu plaquettes AV,3,53.37
CMD-001410,2026-05-18,Centre Auto Plus,SEN-006021,Capteur ABS,1,31.48
CMD-001410,2026-05-18,Auto-Réparation ABC,EXH-033547,Silencieux échappement,3,322.76
CMD-001411,2026-05-31,Auto-Réparation ABC,FLT-017690,Filtre à air moteur,7,23.9
CMD-001411,2026-05-31,Carrosserie Moderne,FUS-004135,Boîte fusibles relais,3,14.53
CMD-001412,2025-09-26,Garage Tremblay,FUS-025154,Boîte fusibles relais,4,23.1
CMD-001412,2025-09-26,Garage Royal,ALT-002471,Alternateur 12V 140A,3,269.92
CMD-001413,2026-04-23,Auto Clinic,FUS-028100,Boîte fusibles relais,3,17.6
CMD-001413,2026-04-23,Pneus & Mécanique Pro,RAD-042341,Radiateur refroidissement,6,227.46
CMD-001413,2026-04-23,Auto-Réparation ABC,ROT-015403,Disque de frein ventilé,3,107.88
CMD-001414,2025-11-16,Auto Clinic,ROT-015403,Disque de frein ventilé,2,107.88
CMD-001414,2025-11-16,Garage du Centre,SPK-031992,Bougie allumage iridium,8,20.18
CMD-001414,2025-11-16,Mécanique Rapide Inc.,EXH-007271,Silencieux échappement,4,390.56
CMD-001414,2025-11-16,Auto-Réparation ABC,ALT-007061,Alternateur 12V 140A,1,289.42
CMD-001415,2026-06-10,Garage Royal,ROT-015403,Disque de frein ventilé,7,107.88
CMD-001416,2026-04-05,Garage du Centre,ROT-014289,Disque de frein ventilé,7,122.32
CMD-001416,2026-04-05,Centre Auto Plus,SEN-013569,Capteur ABS,3,42.76
CMD-001416,2026-04-05,Pneus & Mécanique Pro,ROT-015403,Disque de frein ventilé,6,107.88
CMD-001417,2025-09-06,Auto Clinic,ALT-001778,Alternateur 12V 140A,1,242.99
CMD-001417,2025-09-06,Garage Tremblay,BRK-013237,Jeu plaquettes AV,8,53.16
CMD-001417,2025-09-06,Pneus & Mécanique Pro,BMP-048102,Pare-chocs AV primaire,3,212.63
CMD-001418,2026-01-18,Garage du Centre,SEN-006021,Capteur ABS,5,31.48
CMD-001418,2026-01-18,Auto Clinic,ALT-011421,Alternateur 12V 140A,2,394.92
CMD-001418,2026-01-18,Carrosserie Moderne,FUS-021849,Boîte fusibles relais,4,14.18
CMD-001418,2026-01-18,Auto-Réparation ABC,FLT-010535,Filtre à air moteur,1,15.65
CMD-001418,2026-01-18,Garage Royal,FUS-003395,Boîte fusibles relais,4,17.5
CMD-001419,2026-07-25,Mécanique Rapide Inc.,ALT-011901,Alternateur 12V 140A,6,437.77
CMD-001419,2026-07-25,Garage Tremblay,ROT-038207,Disque de frein ventilé,7,92.77
CMD-001419,2026-07-25,Carrosserie Moderne,FLT-026606,Filtre à air moteur,8,14.88
CMD-001419,2026-07-25,Auto-Réparation ABC,SEN-035482,Capteur ABS,1,44.17
CMD-001419,2026-07-25,Garage Tremblay,ROT-021710,Disque de frein ventilé,1,128.69
CMD-001420,2026-05-04,Garage du Centre,ROT-006864,Disque de frein ventilé,1,105.15
CMD-001420,2026-05-04,Mécanique Rapide Inc.,SPK-047981,Bougie allumage iridium,5,24.04
CMD-001420,2026-05-04,Garage Royal,FUS-039684,Boîte fusibles relais,6,14.91
CMD-001421,2026-03-08,Atelier Mécanique 360,ROT-015403,Disque de frein ventilé,5,107.88
CMD-001421,2026-03-08,Carrosserie Moderne,ROT-007220,Disque de frein ventilé,8,116.26
CMD-001421,2026-03-08,Garage Tremblay,EXH-007271,Silencieux échappement,3,390.56
CMD-001422,2026-04-20,Garage Tremblay,BRK-017720,Jeu plaquettes AV,6,85.77
CMD-001422,2026-04-20,Auto-Réparation ABC,ALT-015059,Alternateur 12V 140A,7,396.5
CMD-001422,2026-04-20,Mécanique Rapide Inc.,SPK-043295,Bougie allumage iridium,3,13.79
CMD-001422,2026-04-20,Mécanique Rapide Inc.,SEN-033632,Capteur ABS,1,68.9
CMD-001422,2026-04-20,Garage Royal,BRK-038699,Jeu plaquettes AV,2,92.39
CMD-001423,2026-06-03,Pneus & Mécanique Pro,FUS-025154,Boîte fusibles relais,3,23.1
CMD-001423,2026-06-03,Atelier Mécanique 360,RAD-035768,Radiateur refroidissement,8,177.87
CMD-001423,2026-06-03,Garage Tremblay,BRK-020584,Jeu plaquettes AV,5,57.06
CMD-001423,2026-06-03,Mécanique Rapide Inc.,RAD-011217,Radiateur refroidissement,4,217.88
CMD-001423,2026-06-03,Garage Royal,EXH-049698,Silencieux échappement,2,345.09
CMD-001424,2026-05-15,Centre Auto Plus,BLB-048086,Ampoule LED H7,4,40.86
CMD-001424,2026-05-15,Centre Auto Plus,SEN-006021,Capteur ABS,1,31.48
CMD-001424,2026-05-15,Atelier Mécanique 360,SEN-049426,Capteur ABS,7,58.54
CMD-001424,2026-05-15,Mécanique Rapide Inc.,SPK-032001,Bougie allumage iridium,7,18.07
CMD-001424,2026-05-15,Auto Clinic,ROT-015403,Disque de frein ventilé,3,107.88
CMD-001425,2026-03-12,Garage Royal,FUS-025154,Boîte fusibles relais,5,23.1
CMD-001425,2026-03-12,Garage du Centre,ROT-006864,Disque de frein ventilé,1,105.15
CMD-001425,2026-03-12,Garage Royal,ALT-033658,Alternateur 12V 140A,5,254.43
CMD-001426,2026-08-17,Atelier Mécanique 360,ALT-007996,Alternateur 12V 140A,3,220.97
CMD-001426,2026-08-17,Mécanique Rapide Inc.,FLT-033743,Filtre à air moteur,7,39.16
CMD-001426,2026-08-17,Auto Clinic,ALT-001078,Alternateur 12V 140A,4,235.28
CMD-001426,2026-08-17,Garage du Centre,STR-026554,Jambe de force suspension,6,124.06
CMD-001427,2026-01-12,Pneus & Mécanique Pro,FLT-011683,Filtre à air moteur,3,37.71
CMD-001427,2026-01-12,Auto-Réparation ABC,BRK-043609,Jeu plaquettes AV,6,47.15
CMD-001428,2026-04-11,Carrosserie Moderne,FUS-025154,Boîte fusibles relais,1,23.1
CMD-001428,2026-04-11,Centre Auto Plus,FLT-011683,Filtre à air moteur,4,37.71
CMD-001428,2026-04-11,Garage Royal,ROT-015403,Disque de frein ventilé,8,107.88
CMD-001428,2026-04-11,Pneus & Mécanique Pro,BLB-007509,Ampoule LED H7,6,34.03
CMD-001429,2026-01-17,Carrosserie Moderne,ROT-006864,Disque de frein ventilé,5,105.15
CMD-001429,2026-01-17,Atelier Mécanique 360,BRK-003411,Jeu plaquettes AV,1,78.75
CMD-001429,2026-01-17,Garage Tremblay,BLB-040946,Ampoule LED H7,4,29.33
CMD-001429,2026-01-17,Atelier Mécanique 360,FUS-016622,Boîte fusibles relais,2,18.49
CMD-001430,2026-06-29,Atelier Mécanique 360,FLT-011683,Filtre à air moteur,3,37.71
CMD-001430,2026-06-29,Garage du Centre,BRK-032885,Jeu plaquettes AV,7,54.07
CMD-001430,2026-06-29,Carrosserie Moderne,BRK-043609,Jeu plaquettes AV,5,47.15
CMD-001430,2026-06-29,Pneus & Mécanique Pro,BRK-042035,Jeu plaquettes AV,7,57.16
CMD-001430,2026-06-29,Pneus & Mécanique Pro,ALT-040335,Alternateur 12V 140A,7,368.08
CMD-001431,2026-02-23,Auto Clinic,FLT-011683,Filtre à air moteur,7,37.71
CMD-001431,2026-02-23,Garage Tremblay,ALT-040335,Alternateur 12V 140A,3,368.08
CMD-001431,2026-02-23,Garage Royal,FUS-041719,Boîte fusibles relais,5,14.8
CMD-001432,2025-09-30,Mécanique Rapide Inc.,ROT-015403,Disque de frein ventilé,4,107.88
CMD-001432,2025-09-30,Mécanique Rapide Inc.,FLT-026010,Filtre à air moteur,6,32.68
CMD-001432,2025-09-30,Garage Tremblay,ALT-007061,Alternateur 12V 140A,7,289.42
CMD-001432,2025-09-30,Centre Auto Plus,ROT-007220,Disque de frein ventilé,6,116.26
CMD-001432,2025-09-30,Garage Royal,SPK-031992,Bougie allumage iridium,4,20.18
CMD-001433,2025-11-07,Garage Tremblay,ALT-006276,Alternateur 12V 140A,7,220.23
CMD-001433,2025-11-07,Carrosserie Moderne,ALT-013448,Alternateur 12V 140A,2,388.21
CMD-001433,2025-11-07,Carrosserie Moderne,FUS-003501,Boîte fusibles relais,2,22.29
CMD-001434,2026-03-29,Garage Royal,ROT-015403,Disque de frein ventilé,2,107.88
CMD-001434,2026-03-29,Auto Clinic,ROT-007220,Disque de frein ventilé,6,116.26
CMD-001434,2026-03-29,Auto-Réparation ABC,SPK-031992,Bougie allumage iridium,4,20.18
CMD-001434,2026-03-29,Garage Tremblay,FLT-026010,Filtre à air moteur,3,32.68
CMD-001434,2026-03-29,Garage Tremblay,ALT-007061,Alternateur 12V 140A,2,289.42
CMD-001435,2026-05-01,Garage Tremblay,ROT-015403,Disque de frein ventilé,8,107.88
CMD-001435,2026-05-01,Mécanique Rapide Inc.,FLT-026010,Filtre à air moteur,6,32.68
CMD-001435,2026-05-01,Pneus & Mécanique Pro,SPK-031992,Bougie allumage iridium,3,20.18
CMD-001436,2025-12-11,Atelier Mécanique 360,EXH-033547,Silencieux échappement,3,322.76
CMD-001436,2025-12-11,Carrosserie Moderne,ALT-049926,Alternateur 12V 140A,5,306.59
CMD-001436,2025-12-11,Centre Auto Plus,STR-031193,Jambe de force suspension,2,214.77
CMD-001436,2025-12-11,Mécanique Rapide Inc.,ALT-010069,Alternateur 12V 140A,3,284.46
CMD-001436,2025-12-11,Auto Clinic,BLB-030464,Ampoule LED H7,7,31.77
CMD-001437,2025-10-29,Garage du Centre,FUS-019025,Boîte fusibles relais,5,16.14
CMD-001438,2025-11-10,Garage Royal,FLT-040963,Filtre à air moteur,6,23.2
CMD-001438,2025-11-10,Garage du Centre,BMP-006087,Pare-chocs AV primaire,7,519.77
CMD-001438,2025-11-10,Auto Clinic,SEN-026048,Capteur ABS,4,61.18
CMD-001438,2025-11-10,Auto Clinic,SEN-003185,Capteur ABS,3,59.42
CMD-001438,2025-11-10,Centre Auto Plus,STR-037922,Jambe de force suspension,6,181.79
CMD-001439,2026-05-15,Garage du Centre,ALT-001778,Alternateur 12V 140A,6,242.99
CMD-001439,2026-05-15,Centre Auto Plus,FUS-019025,Boîte fusibles relais,5,16.14
CMD-001439,2026-05-15,Centre Auto Plus,ALT-007205,Alternateur 12V 140A,2,250.82
CMD-001439,2026-05-15,Carrosserie Moderne,SEN-002690,Capteur ABS,3,49.02
CMD-001439,2026-05-15,Pneus & Mécanique Pro,BRK-013237,Jeu plaquettes AV,7,53.16
CMD-001440,2026-04-18,Centre Auto Plus,EXH-034377,Silencieux échappement,2,268.92
CMD-001440,2026-04-18,Centre Auto Plus,ROT-018008,Disque de frein ventilé,1,101.69
CMD-001440,2026-04-18,Mécanique Rapide Inc.,SEN-031098,Capteur ABS,4,67.4
CMD-001441,2026-02-26,Carrosserie Moderne,BLB-019537,Ampoule LED H7,1,18.7
CMD-001441,2026-02-26,Garage du Centre,ALT-035530,Alternateur 12V 140A,7,238.74
CMD-001441,2026-02-26,Garage du Centre,SEN-014947,Capteur ABS,3,51.13
CMD-001441,2026-02-26,Auto Clinic,RAD-025491,Radiateur refroidissement,7,220.59
CMD-001442,2026-01-20,Garage Tremblay,ROT-015403,Disque de frein ventilé,5,107.88
CMD-001443,2026-02-28,Carrosserie Moderne,ROT-015403,Disque de frein ventilé,8,107.88
CMD-001444,2025-09-15,Auto-Réparation ABC,BRK-003411,Jeu plaquettes AV,6,78.75
CMD-001444,2025-09-15,Garage du Centre,FUS-016622,Boîte fusibles relais,4,18.49
CMD-001444,2025-09-15,Pneus & Mécanique Pro,FUS-039684,Boîte fusibles relais,1,14.91
CMD-001444,2025-09-15,Centre Auto Plus,BLB-040946,Ampoule LED H7,3,29.33
CMD-001445,2026-02-23,Mécanique Rapide Inc.,FUS-025154,Boîte fusibles relais,8,23.1
CMD-001446,2025-11-17,Mécanique Rapide Inc.,BRK-047004,Jeu plaquettes AV,3,91.9
CMD-001446,2025-11-17,Atelier Mécanique 360,BMP-031963,Pare-chocs AV primaire,2,274.27
CMD-001446,2025-11-17,Auto Clinic,FLT-010048,Filtre à air moteur,2,32.49
CMD-001446,2025-11-17,Garage du Centre,FLT-015733,Filtre à air moteur,3,33.71
CMD-001447,2025-10-17,Garage Tremblay,BLB-037992,Ampoule LED H7,8,27.13
CMD-001447,2025-10-17,Pneus & Mécanique Pro,ALT-001778,Alternateur 12V 140A,6,242.99
CMD-001447,2025-10-17,Auto-Réparation ABC,FUS-028100,Boîte fusibles relais,1,17.6
CMD-001448,2026-06-26,Carrosserie Moderne,FUS-026474,Boîte fusibles relais,8,18.89
CMD-001448,2026-06-26,Centre Auto Plus,SEN-038683,Capteur ABS,5,70.76
CMD-001448,2026-06-26,Garage du Centre,BRK-001937,Jeu plaquettes AV,6,88.96
CMD-001448,2026-06-26,Garage Royal,FLT-012359,Filtre à air moteur,6,36.15
CMD-001448,2026-06-26,Garage du Centre,ALT-021132,Alternateur 12V 140A,2,376.48
CMD-001449,2025-10-10,Mécanique Rapide Inc.,ROT-036267,Disque de frein ventilé,6,107.69
CMD-001449,2025-10-10,Garage Royal,SPK-032001,Bougie allumage iridium,5,18.07
CMD-001449,2025-10-10,Auto-Réparation ABC,BLB-048086,Ampoule LED H7,3,40.86
CMD-001450,2025-12-02,Carrosserie Moderne,ROT-037875,Disque de frein ventilé,8,177.18
CMD-001450,2025-12-02,Pneus & Mécanique Pro,SPK-020617,Bougie allumage iridium,2,12.63
CMD-001450,2025-12-02,Auto-Réparation ABC,FUS-036362,Boîte fusibles relais,3,20.34
CMD-001450,2025-12-02,Auto Clinic,BMP-018500,Pare-chocs AV primaire,7,451.96
CMD-001451,2026-04-27,Atelier Mécanique 360,FLT-026010,Filtre à air moteur,2,32.68
CMD-001451,2026-04-27,Centre Auto Plus,ROT-015403,Disque de frein ventilé,4,107.88
CMD-001451,2026-04-27,Auto Clinic,BLB-020402,Ampoule LED H7,8,19.04
CMD-001451,2026-04-27,Mécanique Rapide Inc.,RAD-025660,Radiateur refroidissement,4,165.29
CMD-001451,2026-04-27,Carrosserie Moderne,SEN-033632,Capteur ABS,2,68.9
CMD-001452,2026-04-10,Atelier Mécanique 360,ALT-047362,Alternateur 12V 140A,8,328.64
CMD-001453,2025-10-17,Atelier Mécanique 360,BRK-006205,Jeu plaquettes AV,4,53.37
CMD-001453,2025-10-17,Atelier Mécanique 360,EXH-049698,Silencieux échappement,7,345.09
CMD-001454,2025-10-29,Garage Tremblay,EXH-034377,Silencieux échappement,5,268.92
CMD-001454,2025-10-29,Centre Auto Plus,ALT-043817,Alternateur 12V 140A,7,318.1
CMD-001455,2026-08-30,Atelier Mécanique 360,ROT-015403,Disque de frein ventilé,4,107.88
CMD-001455,2026-08-30,Garage Tremblay,BRK-044381,Jeu plaquettes AV,2,48.66
CMD-001455,2026-08-30,Garage du Centre,FUS-028100,Boîte fusibles relais,7,17.6
CMD-001456,2025-10-01,Pneus & Mécanique Pro,ROT-015403,Disque de frein ventilé,7,107.88
CMD-001456,2025-10-01,Garage du Centre,ALT-007061,Alternateur 12V 140A,2,289.42
CMD-001456,2025-10-01,Auto-Réparation ABC,SPK-031992,Bougie allumage iridium,7,20.18
CMD-001456,2025-10-01,Auto Clinic,FLT-026010,Filtre à air moteur,4,32.68
CMD-001457,2025-09-26,Pneus & Mécanique Pro,EXH-034377,Silencieux échappement,6,268.92
CMD-001457,2025-09-26,Garage Tremblay,SPK-003219,Bougie allumage iridium,1,16.07
CMD-001457,2025-09-26,Atelier Mécanique 360,FUS-025154,Boîte fusibles relais,6,23.1
CMD-001458,2026-08-15,Garage du Centre,ROT-015403,Disque de frein ventilé,3,107.88
CMD-001458,2026-08-15,Garage Royal,ROT-037875,Disque de frein ventilé,1,177.18
CMD-001458,2026-08-15,Auto-Réparation ABC,STR-026017,Jambe de force suspension,2,131.28
CMD-001458,2026-08-15,Garage Royal,FUS-025154,Boîte fusibles relais,2,23.1
CMD-001459,2026-01-27,Garage Tremblay,RAD-008323,Radiateur refroidissement,7,225.29
CMD-001459,2026-01-27,Auto Clinic,FLT-001618,Filtre à air moteur,2,29.58
CMD-001459,2026-01-27,Garage du Centre,BMP-006001,Pare-chocs AV primaire,8,264.54
CMD-001459,2026-01-27,Auto Clinic,BRK-000665,Jeu plaquettes AV,7,57.77
CMD-001460,2025-09-07,Atelier Mécanique 360,BMP-028097,Pare-chocs AV primaire,4,523.46
CMD-001460,2025-09-07,Atelier Mécanique 360,SPK-003219,Bougie allumage iridium,1,16.07
CMD-001460,2025-09-07,Garage du Centre,FLT-005484,Filtre à air moteur,5,34.9
CMD-001461,2026-06-13,Mécanique Rapide Inc.,ROT-015403,Disque de frein ventilé,6,107.88
CMD-001461,2026-06-13,Garage du Centre,FUS-025154,Boîte fusibles relais,1,23.1
CMD-001461,2026-06-13,Pneus & Mécanique Pro,RAD-008323,Radiateur refroidissement,2,225.29
CMD-001462,2026-08-04,Auto Clinic,FUS-028100,Boîte fusibles relais,2,17.6
CMD-001462,2026-08-04,Centre Auto Plus,SEN-004309,Capteur ABS,6,41.19
CMD-001462,2026-08-04,Garage Royal,FLT-031402,Filtre à air moteur,2,26.67
CMD-001462,2026-08-04,Garage Tremblay,ALT-008600,Alternateur 12V 140A,5,411.15
CMD-001463,2026-06-14,Carrosserie Moderne,BLB-020402,Ampoule LED H7,3,19.04
CMD-001463,2026-06-14,Mécanique Rapide Inc.,FLT-017690,Filtre à air moteur,7,23.9
CMD-001463,2026-06-14,Auto-Réparation ABC,STR-026017,Jambe de force suspension,4,131.28
CMD-001463,2026-06-14,Centre Auto Plus,SEN-020721,Capteur ABS,8,59.04
CMD-001464,2025-10-27,Carrosserie Moderne,BRK-044381,Jeu plaquettes AV,3,48.66
CMD-001464,2025-10-27,Centre Auto Plus,FLT-028324,Filtre à air moteur,4,18.75
CMD-001464,2025-10-27,Auto-Réparation ABC,FUS-025154,Boîte fusibles relais,1,23.1
CMD-001464,2025-10-27,Carrosserie Moderne,FLT-017708,Filtre à air moteur,5,29.61
CMD-001464,2025-10-27,Pneus & Mécanique Pro,FUS-019025,Boîte fusibles relais,1,16.14
CMD-001465,2026-09-05,Carrosserie Moderne,ROT-014289,Disque de frein ventilé,3,122.32
CMD-001465,2026-09-05,Garage Royal,RAD-008323,Radiateur refroidissement,2,225.29
CMD-001465,2026-09-05,Atelier Mécanique 360,BLB-037992,Ampoule LED H7,7,27.13
CMD-001466,2025-12-08,Garage Royal,FUS-026474,Boîte fusibles relais,1,18.89
CMD-001467,2025-12-28,Carrosserie Moderne,ALT-001778,Alternateur 12V 140A,4,242.99
CMD-001468,2026-01-05,Centre Auto Plus,ROT-015403,Disque de frein ventilé,8,107.88
CMD-001469,2026-02-07,Atelier Mécanique 360,ALT-010069,Alternateur 12V 140A,1,284.46
CMD-001469,2026-02-07,Centre Auto Plus,SPK-032001,Bougie allumage iridium,5,18.07
CMD-001469,2026-02-07,Auto-Réparation ABC,ROT-015403,Disque de frein ventilé,1,107.88
CMD-001469,2026-02-07,Mécanique Rapide Inc.,ROT-021710,Disque de frein ventilé,3,128.69
CMD-001469,2026-02-07,Carrosserie Moderne,FUS-028100,Boîte fusibles relais,7,17.6
CMD-001470,2026-05-08,Auto Clinic,FUS-028100,Boîte fusibles relais,8,17.6
CMD-001470,2026-05-08,Centre Auto Plus,SEN-004309,Capteur ABS,6,41.19
CMD-001470,2026-05-08,Garage Royal,ALT-008600,Alternateur 12V 140A,6,411.15
CMD-001470,2026-05-08,Garage Royal,FLT-009287,Filtre à air moteur,5,36.05
CMD-001470,2026-05-08,Centre Auto Plus,FLT-031402,Filtre à air moteur,7,26.67
CMD-001471,2026-01-19,Auto-Réparation ABC,ROT-015403,Disque de frein ventilé,2,107.88
CMD-001472,2025-12-21,Atelier Mécanique 360,BMP-037287,Pare-chocs AV primaire,1,323.55
CMD-001472,2025-12-21,Garage du Centre,ROT-002797,Disque de frein ventilé,8,141.62
CMD-001472,2025-12-21,Atelier Mécanique 360,FLT-028528,Filtre à air moteur,7,38.12
CMD-001472,2025-12-21,Carrosserie Moderne,ALT-013343,Alternateur 12V 140A,8,241.48
CMD-001472,2025-12-21,Garage du Centre,BRK-035690,Jeu plaquettes AV,5,85.62
CMD-001473,2025-12-16,Mécanique Rapide Inc.,SEN-013569,Capteur ABS,3,42.76
CMD-001473,2025-12-16,Mécanique Rapide Inc.,FLT-017708,Filtre à air moteur,4,29.61
CMD-001473,2025-12-16,Atelier Mécanique 360,BLB-048086,Ampoule LED H7,7,40.86
CMD-001473,2025-12-16,Garage du Centre,BRK-047004,Jeu plaquettes AV,8,91.9
CMD-001473,2025-12-16,Atelier Mécanique 360,SEN-006021,Capteur ABS,8,31.48
CMD-001474,2026-04-14,Garage du Centre,FUS-028100,Boîte fusibles relais,4,17.6
CMD-001474,2026-04-14,Carrosserie Moderne,SEN-004309,Capteur ABS,1,41.19
CMD-001474,2026-04-14,Pneus & Mécanique Pro,FLT-009287,Filtre à air moteur,1,36.05
CMD-001475,2026-08-14,Auto Clinic,ROT-015403,Disque de frein ventilé,3,107.88
CMD-001475,2026-08-14,Auto Clinic,ROT-007220,Disque de frein ventilé,7,116.26
CMD-001475,2026-08-14,Carrosserie Moderne,SPK-031992,Bougie allumage iridium,1,20.18
CMD-001476,2026-02-21,Pneus & Mécanique Pro,SPK-003219,Bougie allumage iridium,3,16.07
CMD-001476,2026-02-21,Centre Auto Plus,RAD-008323,Radiateur refroidissement,7,225.29
CMD-001476,2026-02-21,Auto-Réparation ABC,ROT-015403,Disque de frein ventilé,6,107.88
CMD-001477,2026-06-23,Pneus & Mécanique Pro,BRK-017720,Jeu plaquettes AV,8,85.77
CMD-001477,2026-06-23,Auto-Réparation ABC,ALT-015059,Alternateur 12V 140A,1,396.5
CMD-001477,2026-06-23,Centre Auto Plus,BRK-038699,Jeu plaquettes AV,3,92.39
CMD-001478,2025-11-28,Atelier Mécanique 360,SEN-006132,Capteur ABS,8,40.66
CMD-001478,2025-11-28,Garage Tremblay,BRK-035690,Jeu plaquettes AV,7,85.62
CMD-001479,2026-01-24,Garage Royal,FUS-026474,Boîte fusibles relais,6,18.89
CMD-001479,2026-01-24,Auto Clinic,BRK-001937,Jeu plaquettes AV,8,88.96
CMD-001479,2026-01-24,Atelier Mécanique 360,ALT-021132,Alternateur 12V 140A,4,376.48
CMD-001480,2026-05-22,Auto-Réparation ABC,EXH-033547,Silencieux échappement,6,322.76
CMD-001480,2026-05-22,Auto-Réparation ABC,SEN-013569,Capteur ABS,7,42.76
CMD-001480,2026-05-22,Garage Tremblay,FUS-028100,Boîte fusibles relais,5,17.6
CMD-001480,2026-05-22,Garage Royal,FUS-000867,Boîte fusibles relais,7,12.79
CMD-001481,2026-08-15,Garage Tremblay,FUS-013874,Boîte fusibles relais,3,19.21
CMD-001481,2026-08-15,Auto-Réparation ABC,SPK-017734,Bougie allumage iridium,7,20.39
CMD-001481,2026-08-15,Centre Auto Plus,SEN-013569,Capteur ABS,3,42.76
CMD-001481,2026-08-15,Auto Clinic,ALT-023526,Alternateur 12V 140A,7,300.63
CMD-001481,2026-08-15,Garage du Centre,BRK-014503,Jeu plaquettes AV,5,88.03
CMD-001482,2026-01-07,Centre Auto Plus,BLB-020402,Ampoule LED H7,2,19.04
CMD-001482,2026-01-07,Auto Clinic,FLT-017690,Filtre à air moteur,1,23.9
CMD-001482,2026-01-07,Garage Royal,STR-026017,Jambe de force suspension,7,131.28
CMD-001482,2026-01-07,Mécanique Rapide Inc.,BRK-044618,Jeu plaquettes AV,7,48.42
CMD-001482,2026-01-07,Pneus & Mécanique Pro,SEN-020721,Capteur ABS,7,59.04
CMD-001483,2026-07-07,Centre Auto Plus,FLT-011683,Filtre à air moteur,2,37.71
CMD-001484,2026-02-19,Auto-Réparation ABC,ROT-021710,Disque de frein ventilé,7,128.69
CMD-001484,2026-02-19,Pneus & Mécanique Pro,SPK-003219,Bougie allumage iridium,2,16.07
CMD-001485,2026-05-06,Centre Auto Plus,SPK-032001,Bougie allumage iridium,2,18.07
CMD-001486,2026-08-03,Garage du Centre,ALT-001778,Alternateur 12V 140A,6,242.99
CMD-001486,2026-08-03,Garage Royal,FUS-019025,Boîte fusibles relais,6,16.14
CMD-001486,2026-08-03,Garage Tremblay,ALT-007205,Alternateur 12V 140A,3,250.82
CMD-001486,2026-08-03,Garage du Centre,BRK-013237,Jeu plaquettes AV,7,53.16
CMD-001486,2026-08-03,Auto Clinic,BMP-048102,Pare-chocs AV primaire,4,212.63
CMD-001487,2025-09-30,Garage du Centre,ROT-015403,Disque de frein ventilé,3,107.88
CMD-001487,2025-09-30,Auto Clinic,EXH-007271,Silencieux échappement,3,390.56
CMD-001487,2025-09-30,Pneus & Mécanique Pro,SPK-031992,Bougie allumage iridium,6,20.18
CMD-001487,2025-09-30,Auto-Réparation ABC,ROT-007220,Disque de frein ventilé,2,116.26
CMD-001487,2025-09-30,Garage Tremblay,FLT-026010,Filtre à air moteur,2,32.68
CMD-001488,2025-10-07,Mécanique Rapide Inc.,FUS-028100,Boîte fusibles relais,7,17.6
CMD-001488,2025-10-07,Garage Royal,SEN-004309,Capteur ABS,3,41.19
CMD-001488,2025-10-07,Atelier Mécanique 360,ALT-008600,Alternateur 12V 140A,2,411.15
CMD-001488,2025-10-07,Pneus & Mécanique Pro,ROT-018669,Disque de frein ventilé,2,124.93
CMD-001488,2025-10-07,Centre Auto Plus,FLT-031402,Filtre à air moteur,3,26.67
CMD-001489,2026-03-14,Carrosserie Moderne,FLT-001618,Filtre à air moteur,3,29.58
CMD-001490,2025-11-17,Garage Tremblay,ROT-043334,Disque de frein ventilé,8,133.36
CMD-001490,2025-11-17,Mécanique Rapide Inc.,SPK-043767,Bougie allumage iridium,1,15.6
CMD-001491,2026-08-19,Carrosserie Moderne,FUS-028100,Boîte fusibles relais,7,17.6
CMD-001491,2026-08-19,Mécanique Rapide Inc.,SEN-013569,Capteur ABS,2,42.76
CMD-001491,2026-08-19,Carrosserie Moderne,SEN-006021,Capteur ABS,5,31.48
CMD-001491,2026-08-19,Auto Clinic,BRK-048679,Jeu plaquettes AV,2,67.21
CMD-001491,2026-08-19,Carrosserie Moderne,ROT-006864,Disque de frein ventilé,2,105.15
CMD-001492,2025-11-20,Carrosserie Moderne,BRK-006205,Jeu plaquettes AV,1,53.37
CMD-001492,2025-11-20,Garage du Centre,BMP-018500,Pare-chocs AV primaire,1,451.96
CMD-001492,2025-11-20,Auto-Réparation ABC,ROT-015403,Disque de frein ventilé,5,107.88
CMD-001493,2025-12-24,Atelier Mécanique 360,SPK-025943,Bougie allumage iridium,5,22.81
CMD-001493,2025-12-24,Pneus & Mécanique Pro,RAD-025491,Radiateur refroidissement,7,220.59
CMD-001494,2025-10-10,Garage Royal,EXH-034377,Silencieux échappement,2,268.92
CMD-001495,2026-08-27,Auto Clinic,ROT-015403,Disque de frein ventilé,6,107.88
CMD-001495,2026-08-27,Garage Royal,SPK-031992,Bougie allumage iridium,8,20.18
CMD-001495,2026-08-27,Pneus & Mécanique Pro,ALT-007061,Alternateur 12V 140A,3,289.42
CMD-001496,2025-12-09,Garage Royal,ROT-015403,Disque de frein ventilé,2,107.88
CMD-001496,2025-12-09,Centre Auto Plus,ALT-043817,Alternateur 12V 140A,7,318.1
CMD-001497,2026-08-30,Garage du Centre,ROT-015403,Disque de frein ventilé,3,107.88
CMD-001497,2026-08-30,Garage Tremblay,ALT-007061,Alternateur 12V 140A,5,289.42
CMD-001497,2026-08-30,Auto Clinic,ROT-007220,Disque de frein ventilé,4,116.26
CMD-001498,2025-09-14,Pneus & Mécanique Pro,SPK-003219,Bougie allumage iridium,8,16.07
CMD-001498,2025-09-14,Atelier Mécanique 360,ROT-025009,Disque de frein ventilé,1,157.96
CMD-001498,2025-09-14,Mécanique Rapide Inc.,BRK-048251,Jeu plaquettes AV,1,89.61
CMD-001498,2025-09-14,Mécanique Rapide Inc.,FLT-005484,Filtre à air moteur,5,34.9
CMD-001498,2025-09-14,Centre Auto Plus,ALT-025474,Alternateur 12V 140A,5,369.75
CMD-001499,2026-05-22,Pneus & Mécanique Pro,ROT-015403,Disque de frein ventilé,8,107.88
CMD-001499,2026-05-22,Auto Clinic,SPK-031992,Bougie allumage iridium,6,20.18
CMD-001499,2026-05-22,Auto Clinic,ROT-007220,Disque de frein ventilé,5,116.26
CMD-001500,2025-09-09,Mécanique Rapide Inc.,FLT-011683,Filtre à air moteur,8,37.71
CMD-001500,2025-09-09,Atelier Mécanique 360,BRK-043609,Jeu plaquettes AV,1,47.15
CMD-001500,2025-09-09,Carrosserie Moderne,BRK-042035,Jeu plaquettes AV,5,57.16
CMD-001500,2025-09-09,Atelier Mécanique 360,FUS-041719,Boîte fusibles relais,2,14.8
CMD-001500,2025-09-09,Garage Royal,BRK-032885,Jeu plaquettes AV,4,54.07
CMD-001501,2025-11-24,Mécanique Rapide Inc.,FUS-028100,Boîte fusibles relais,2,17.6
CMD-001501,2025-11-24,Auto Clinic,FLT-031402,Filtre à air moteur,3,26.67
CMD-001501,2025-11-24,Centre Auto Plus,ROT-018669,Disque de frein ventilé,5,124.93
CMD-001501,2025-11-24,Garage Tremblay,FLT-009287,Filtre à air moteur,7,36.05
CMD-001501,2025-11-24,Garage Tremblay,ALT-008600,Alternateur 12V 140A,3,411.15
CMD-001502,2025-11-04,Atelier Mécanique 360,ALT-001778,Alternateur 12V 140A,3,242.99
CMD-001503,2025-09-17,Atelier Mécanique 360,ALT-007205,Alternateur 12V 140A,2,250.82
CMD-001503,2025-09-17,Garage du Centre,FUS-028100,Boîte fusibles relais,3,17.6
CMD-001503,2025-09-17,Carrosserie Moderne,ROT-015403,Disque de frein ventilé,6,107.88
CMD-001504,2026-08-04,Garage Tremblay,FUS-028100,Boîte fusibles relais,7,17.6
CMD-001504,2026-08-04,Garage Tremblay,ALT-002471,Alternateur 12V 140A,4,269.92
CMD-001504,2026-08-04,Auto Clinic,FUS-037574,Boîte fusibles relais,3,22.82
CMD-001504,2026-08-04,Auto Clinic,FUS-025154,Boîte fusibles relais,1,23.1
CMD-001504,2026-08-04,Pneus & Mécanique Pro,ALT-001778,Alternateur 12V 140A,5,242.99
CMD-001505,2025-10-01,Garage du Centre,ROT-015403,Disque de frein ventilé,4,107.88
CMD-001505,2025-10-01,Atelier Mécanique 360,ROT-007220,Disque de frein ventilé,3,116.26
CMD-001506,2026-02-06,Carrosserie Moderne,BRK-047004,Jeu plaquettes AV,2,91.9
CMD-001507,2026-07-26,Carrosserie Moderne,FUS-028100,Boîte fusibles relais,2,17.6
CMD-001507,2026-07-26,Mécanique Rapide Inc.,ROT-021710,Disque de frein ventilé,1,128.69
CMD-001507,2026-07-26,Garage Tremblay,ROT-015403,Disque de frein ventilé,1,107.88
CMD-001507,2026-07-26,Garage Tremblay,RAD-038113,Radiateur refroidissement,7,210.9
CMD-001507,2026-07-26,Auto-Réparation ABC,BMP-018500,Pare-chocs AV primaire,8,451.96
CMD-001508,2026-06-01,Garage Tremblay,ROT-021710,Disque de frein ventilé,5,128.69
CMD-001508,2026-06-01,Pneus & Mécanique Pro,ROT-015403,Disque de frein ventilé,4,107.88
CMD-001509,2026-06-27,Auto Clinic,EXH-034377,Silencieux échappement,5,268.92
CMD-001509,2026-06-27,Atelier Mécanique 360,ROT-015403,Disque de frein ventilé,7,107.88
CMD-001509,2026-06-27,Mécanique Rapide Inc.,BLB-037992,Ampoule LED H7,1,27.13
CMD-001509,2026-06-27,Atelier Mécanique 360,FLT-011683,Filtre à air moteur,7,37.71
CMD-001510,2025-09-09,Carrosserie Moderne,FUS-028100,Boîte fusibles relais,8,17.6
CMD-001510,2025-09-09,Pneus & Mécanique Pro,FLT-031402,Filtre à air moteur,2,26.67
CMD-001511,2026-03-08,Mécanique Rapide Inc.,ROT-015403,Disque de frein ventilé,5,107.88
CMD-001511,2026-03-08,Centre Auto Plus,ALT-001778,Alternateur 12V 140A,2,242.99
CMD-001511,2026-03-08,Auto-Réparation ABC,FUS-028100,Boîte fusibles relais,3,17.6
CMD-001511,2026-03-08,Garage du Centre,RAD-042341,Radiateur refroidissement,7,227.46
CMD-001512,2026-04-20,Pneus & Mécanique Pro,FLT-040963,Filtre à air moteur,6,23.2
CMD-001512,2026-04-20,Auto-Réparation ABC,ROT-047623,Disque de frein ventilé,3,191.56
CMD-001512,2026-04-20,Centre Auto Plus,SEN-026048,Capteur ABS,3,61.18
CMD-001512,2026-04-20,Pneus & Mécanique Pro,SEN-003185,Capteur ABS,7,59.42
CMD-001513,2025-12-21,Garage du Centre,FUS-028100,Boîte fusibles relais,2,17.6
CMD-001513,2025-12-21,Garage Royal,ALT-008600,Alternateur 12V 140A,7,411.15
CMD-001513,2025-12-21,Mécanique Rapide Inc.,ROT-018669,Disque de frein ventilé,6,124.93
CMD-001513,2025-12-21,Centre Auto Plus,FLT-009287,Filtre à air moteur,3,36.05
CMD-001514,2026-08-12,Garage Royal,ROT-048335,Disque de frein ventilé,3,168.29
CMD-001514,2026-08-12,Atelier Mécanique 360,SEN-035482,Capteur ABS,7,44.17
CMD-001514,2026-08-12,Garage Tremblay,ROT-015403,Disque de frein ventilé,2,107.88
CMD-001514,2026-08-12,Garage Tremblay,FUS-028100,Boîte fusibles relais,6,17.6
CMD-001514,2026-08-12,Garage du Centre,FUS-025154,Boîte fusibles relais,1,23.1
CMD-001515,2026-08-10,Centre Auto Plus,FUS-028100,Boîte fusibles relais,4,17.6
CMD-001516,2026-02-28,Auto Clinic,STR-023248,Jambe de force suspension,3,244.06
CMD-001516,2026-02-28,Carrosserie Moderne,BMP-019552,Pare-chocs AV primaire,5,368.75
CMD-001516,2026-02-28,Garage Tremblay,STR-026554,Jambe de force suspension,4,124.06
CMD-001517,2026-04-28,Auto Clinic,FUS-028100,Boîte fusibles relais,4,17.6
CMD-001517,2026-04-28,Atelier Mécanique 360,BRK-017720,Jeu plaquettes AV,5,85.77
CMD-001517,2026-04-28,Mécanique Rapide Inc.,BRK-047004,Jeu plaquettes AV,8,91.9
CMD-001517,2026-04-28,Auto-Réparation ABC,ROT-015403,Disque de frein ventilé,4,107.88
CMD-001517,2026-04-28,Pneus & Mécanique Pro,BRK-044381,Jeu plaquettes AV,1,48.66
CMD-001518,2026-08-15,Carrosserie Moderne,BRK-006205,Jeu plaquettes AV,6,53.37
CMD-001518,2026-08-15,Carrosserie Moderne,ALT-001778,Alternateur 12V 140A,4,242.99
CMD-001518,2026-08-15,Mécanique Rapide Inc.,RAD-038113,Radiateur refroidissement,7,210.9
CMD-001518,2026-08-15,Pneus & Mécanique Pro,SPK-032001,Bougie allumage iridium,6,18.07
CMD-001518,2026-08-15,Garage Royal,BRK-017720,Jeu plaquettes AV,6,85.77
CMD-001519,2026-06-20,Pneus & Mécanique Pro,ROT-015403,Disque de frein ventilé,6,107.88
CMD-001519,2026-06-20,Carrosserie Moderne,SPK-031992,Bougie allumage iridium,2,20.18
CMD-001519,2026-06-20,Auto Clinic,ALT-007061,Alternateur 12V 140A,8,289.42
CMD-001519,2026-06-20,Garage du Centre,FLT-026010,Filtre à air moteur,8,32.68
CMD-001520,2026-03-09,Auto Clinic,ROT-015403,Disque de frein ventilé,4,107.88
CMD-001520,2026-03-09,Carrosserie Moderne,SPK-031992,Bougie allumage iridium,6,20.18
CMD-001521,2026-05-10,Garage Tremblay,SPK-017734,Bougie allumage iridium,2,20.39
CMD-001521,2026-05-10,Garage Royal,ROT-027668,Disque de frein ventilé,6,139.0
CMD-001522,2026-04-11,Garage Royal,ROT-015403,Disque de frein ventilé,7,107.88
CMD-001522,2026-04-11,Auto Clinic,SPK-031992,Bougie allumage iridium,8,20.18
CMD-001523,2025-10-11,Atelier Mécanique 360,SEN-006021,Capteur ABS,2,31.48
CMD-001523,2025-10-11,Pneus & Mécanique Pro,FUS-021849,Boîte fusibles relais,3,14.18
CMD-001523,2025-10-11,Garage Royal,FUS-003395,Boîte fusibles relais,3,17.5
CMD-001523,2025-10-11,Carrosserie Moderne,ALT-011421,Alternateur 12V 140A,3,394.92
CMD-001524,2025-11-18,Auto-Réparation ABC,ALT-001778,Alternateur 12V 140A,5,242.99
CMD-001524,2025-11-18,Auto-Réparation ABC,ALT-007205,Alternateur 12V 140A,5,250.82
CMD-001524,2025-11-18,Pneus & Mécanique Pro,SEN-002690,Capteur ABS,6,49.02
CMD-001525,2026-02-23,Auto-Réparation ABC,FUS-025154,Boîte fusibles relais,6,23.1
CMD-001525,2026-02-23,Auto Clinic,RAD-035768,Radiateur refroidissement,3,177.87
CMD-001525,2026-02-23,Garage Royal,RAD-011217,Radiateur refroidissement,6,217.88
CMD-001525,2026-02-23,Pneus & Mécanique Pro,ALT-002471,Alternateur 12V 140A,8,269.92
CMD-001526,2025-10-07,Mécanique Rapide Inc.,FUS-028100,Boîte fusibles relais,4,17.6
CMD-001526,2025-10-07,Garage Tremblay,ALT-008600,Alternateur 12V 140A,2,411.15
CMD-001527,2025-09-19,Garage Royal,BRK-006205,Jeu plaquettes AV,5,53.37
CMD-001528,2025-10-27,Atelier Mécanique 360,ROT-001967,Disque de frein ventilé,4,82.24
CMD-001528,2025-10-27,Carrosserie Moderne,SEN-002566,Capteur ABS,5,37.92
CMD-001528,2025-10-27,Garage du Centre,ROT-014558,Disque de frein ventilé,8,191.2
CMD-001528,2025-10-27,Garage Royal,BRK-033340,Jeu plaquettes AV,1,62.87
CMD-001529,2025-09-25,Garage Royal,ROT-006864,Disque de frein ventilé,2,105.15
CMD-001529,2025-09-25,Garage du Centre,BRK-003411,Jeu plaquettes AV,5,78.75
CMD-001530,2026-03-03,Centre Auto Plus,ROT-015403,Disque de frein ventilé,1,107.88
CMD-001530,2026-03-03,Auto-Réparation ABC,FLT-026010,Filtre à air moteur,2,32.68
CMD-001530,2026-03-03,Garage Royal,ALT-007061,Alternateur 12V 140A,2,289.42
CMD-001530,2026-03-03,Garage du Centre,EXH-007271,Silencieux échappement,7,390.56
CMD-001530,2026-03-03,Garage Tremblay,SPK-031992,Bougie allumage iridium,6,20.18
CMD-001531,2026-05-20,Auto Clinic,FLT-044878,Filtre à air moteur,7,36.42
CMD-001531,2026-05-20,Centre Auto Plus,ALT-035681,Alternateur 12V 140A,7,394.53
CMD-001532,2026-03-29,Auto-Réparation ABC,SEN-006021,Capteur ABS,6,31.48
CMD-001532,2026-03-29,Carrosserie Moderne,FLT-011683,Filtre à air moteur,2,37.71
CMD-001532,2026-03-29,Atelier Mécanique 360,ROT-015403,Disque de frein ventilé,2,107.88
CMD-001533,2026-09-01,Atelier Mécanique 360,STR-023248,Jambe de force suspension,2,244.06
CMD-001533,2026-09-01,Atelier Mécanique 360,ALT-007996,Alternateur 12V 140A,5,220.97
CMD-001534,2026-07-27,Atelier Mécanique 360,BMP-037254,Pare-chocs AV primaire,3,283.13
CMD-001534,2026-07-27,Auto-Réparation ABC,SEN-034457,Capteur ABS,8,50.82
CMD-001534,2026-07-27,Auto Clinic,ALT-047362,Alternateur 12V 140A,2,328.64
CMD-001534,2026-07-27,Garage Royal,RAD-006901,Radiateur refroidissement,8,215.86
CMD-001535,2026-08-06,Auto Clinic,FUS-025154,Boîte fusibles relais,1,23.1
CMD-001535,2026-08-06,Pneus & Mécanique Pro,SPK-032001,Bougie allumage iridium,2,18.07
CMD-001535,2026-08-06,Mécanique Rapide Inc.,BLB-037992,Ampoule LED H7,4,27.13
CMD-001535,2026-08-06,Garage Tremblay,STR-023248,Jambe de force suspension,1,244.06
CMD-001536,2026-08-22,Pneus & Mécanique Pro,FUS-028100,Boîte fusibles relais,7,17.6
CMD-001536,2026-08-22,Mécanique Rapide Inc.,STR-023248,Jambe de force suspension,4,244.06
CMD-001536,2026-08-22,Mécanique Rapide Inc.,BLB-020402,Ampoule LED H7,2,19.04
CMD-001536,2026-08-22,Garage Tremblay,ROT-015403,Disque de frein ventilé,2,107.88
CMD-001537,2026-07-02,Auto Clinic,ALT-001778,Alternateur 12V 140A,3,242.99
CMD-001537,2026-07-02,Carrosserie Moderne,BMP-048102,Pare-chocs AV primaire,1,212.63
CMD-001537,2026-07-02,Atelier Mécanique 360,ALT-007205,Alternateur 12V 140A,8,250.82
CMD-001538,2025-10-16,Pneus & Mécanique Pro,ROT-015403,Disque de frein ventilé,8,107.88
CMD-001538,2025-10-16,Garage Royal,FLT-026010,Filtre à air moteur,7,32.68
CMD-001538,2025-10-16,Centre Auto Plus,ALT-007061,Alternateur 12V 140A,1,289.42
CMD-001539,2026-04-11,Mécanique Rapide Inc.,FUS-016622,Boîte fusibles relais,8,18.49
CMD-001539,2026-04-11,Garage Tremblay,BLB-040946,Ampoule LED H7,1,29.33
CMD-001539,2026-04-11,Auto-Réparation ABC,SPK-047981,Bougie allumage iridium,7,24.04
CMD-001539,2026-04-11,Garage du Centre,FUS-039684,Boîte fusibles relais,6,14.91
CMD-001540,2026-05-14,Centre Auto Plus,FUS-028100,Boîte fusibles relais,2,17.6
CMD-001541,2026-05-06,Mécanique Rapide Inc.,ROT-015403,Disque de frein ventilé,5,107.88
CMD-001542,2026-08-04,Garage du Centre,ROT-006864,Disque de frein ventilé,4,105.15
CMD-001542,2026-08-04,Mécanique Rapide Inc.,ROT-015403,Disque de frein ventilé,1,107.88
CMD-001542,2026-08-04,Carrosserie Moderne,ROT-007220,Disque de frein ventilé,2,116.26
CMD-001542,2026-08-04,Garage Tremblay,FUS-028100,Boîte fusibles relais,2,17.6
CMD-001543,2025-11-27,Atelier Mécanique 360,BRK-032885,Jeu plaquettes AV,4,54.07
CMD-001543,2025-11-27,Auto-Réparation ABC,FLT-011683,Filtre à air moteur,7,37.71
CMD-001543,2025-11-27,Garage du Centre,FUS-041719,Boîte fusibles relais,8,14.8
CMD-001543,2025-11-27,Auto Clinic,BRK-043609,Jeu plaquettes AV,7,47.15
CMD-001544,2026-01-24,Auto Clinic,BLB-037992,Ampoule LED H7,3,27.13
CMD-001544,2026-01-24,Centre Auto Plus,FUS-025154,Boîte fusibles relais,1,23.1
CMD-001544,2026-01-24,Garage du Centre,SPK-020617,Bougie allumage iridium,4,12.63
CMD-001545,2026-06-18,Garage Royal,SEN-031098,Capteur ABS,3,67.4
CMD-001545,2026-06-18,Auto-Réparation ABC,EXH-034377,Silencieux échappement,3,268.92
CMD-001545,2026-06-18,Atelier Mécanique 360,BRK-009718,Jeu plaquettes AV,1,49.14
CMD-001545,2026-06-18,Centre Auto Plus,FLT-019590,Filtre à air moteur,4,19.27
CMD-001545,2026-06-18,Garage Tremblay,ALT-043817,Alternateur 12V 140A,6,318.1
CMD-001546,2026-07-17,Centre Auto Plus,FLT-040053,Filtre à air moteur,6,17.01
CMD-001546,2026-07-17,Carrosserie Moderne,FLT-004312,Filtre à air moteur,4,25.94
CMD-001546,2026-07-17,Auto-Réparation ABC,SPK-013663,Bougie allumage iridium,3,30.57
CMD-001546,2026-07-17,Centre Auto Plus,RAD-038113,Radiateur refroidissement,1,210.9
CMD-001547,2026-02-16,Auto Clinic,FUS-026474,Boîte fusibles relais,7,18.89
CMD-001547,2026-02-16,Centre Auto Plus,BRK-001937,Jeu plaquettes AV,4,88.96
CMD-001547,2026-02-16,Mécanique Rapide Inc.,FLT-012359,Filtre à air moteur,7,36.15
CMD-001548,2026-02-08,Carrosserie Moderne,BRK-005978,Jeu plaquettes AV,8,65.1
CMD-001548,2026-02-08,Auto Clinic,BMP-037254,Pare-chocs AV primaire,2,283.13
CMD-001548,2026-02-08,Pneus & Mécanique Pro,ALT-047362,Alternateur 12V 140A,6,328.64
CMD-001548,2026-02-08,Auto Clinic,SEN-034457,Capteur ABS,7,50.82
CMD-001549,2026-05-06,Mécanique Rapide Inc.,ROT-015403,Disque de frein ventilé,6,107.88
CMD-001549,2026-05-06,Centre Auto Plus,SPK-031992,Bougie allumage iridium,6,20.18
CMD-001549,2026-05-06,Mécanique Rapide Inc.,EXH-007271,Silencieux échappement,5,390.56
CMD-001549,2026-05-06,Mécanique Rapide Inc.,ALT-007061,Alternateur 12V 140A,5,289.42
CMD-001550,2026-04-09,Atelier Mécanique 360,SPK-025943,Bougie allumage iridium,5,22.81
CMD-001550,2026-04-09,Pneus & Mécanique Pro,FUS-028100,Boîte fusibles relais,6,17.6
CMD-001550,2026-04-09,Atelier Mécanique 360,ROT-015403,Disque de frein ventilé,2,107.88
CMD-001551,2026-06-26,Atelier Mécanique 360,FLT-044878,Filtre à air moteur,8,36.42
CMD-001551,2026-06-26,Garage Tremblay,ALT-001778,Alternateur 12V 140A,8,242.99
CMD-001551,2026-06-26,Auto-Réparation ABC,ROT-015403,Disque de frein ventilé,4,107.88
CMD-001551,2026-06-26,Atelier Mécanique 360,SPK-043767,Bougie allumage iridium,6,15.6
CMD-001551,2026-06-26,Centre Auto Plus,BRK-036956,Jeu plaquettes AV,5,85.25
CMD-001552,2026-01-09,Carrosserie Moderne,FUS-026474,Boîte fusibles relais,1,18.89
CMD-001552,2026-01-09,Garage du Centre,FUS-028100,Boîte fusibles relais,3,17.6
CMD-001552,2026-01-09,Garage Tremblay,EXH-034377,Silencieux échappement,6,268.92
CMD-001552,2026-01-09,Garage du Centre,ALT-001778,Alternateur 12V 140A,8,242.99
CMD-001553,2026-08-14,Garage Royal,SEN-026353,Capteur ABS,4,42.53
CMD-001554,2025-12-10,Auto Clinic,ROT-006864,Disque de frein ventilé,2,105.15
CMD-001554,2025-12-10,Centre Auto Plus,EXH-034377,Silencieux échappement,7,268.92
CMD-001554,2025-12-10,Pneus & Mécanique Pro,FUS-028100,Boîte fusibles relais,3,17.6
CMD-001554,2025-12-10,Mécanique Rapide Inc.,SPK-033608,Bougie allumage iridium,8,17.65
CMD-001555,2026-02-20,Auto-Réparation ABC,ALT-001778,Alternateur 12V 140A,3,242.99
CMD-001555,2026-02-20,Garage du Centre,SEN-002690,Capteur ABS,1,49.02
CMD-001556,2025-09-05,Garage Tremblay,BRK-017720,Jeu plaquettes AV,7,85.77
CMD-001556,2025-09-05,Centre Auto Plus,ROT-034722,Disque de frein ventilé,1,168.29
CMD-001556,2025-09-05,Garage Royal,BRK-038699,Jeu plaquettes AV,1,92.39
CMD-001556,2025-09-05,Atelier Mécanique 360,ALT-015059,Alternateur 12V 140A,3,396.5
CMD-001557,2025-12-25,Pneus & Mécanique Pro,FUS-028100,Boîte fusibles relais,8,17.6
CMD-001557,2025-12-25,Garage Royal,FLT-009287,Filtre à air moteur,5,36.05
CMD-001557,2025-12-25,Pneus & Mécanique Pro,ALT-008600,Alternateur 12V 140A,1,411.15
CMD-001557,2025-12-25,Garage Royal,FLT-031402,Filtre à air moteur,2,26.67
CMD-001558,2025-09-08,Mécanique Rapide Inc.,BRK-017720,Jeu plaquettes AV,4,85.77
CMD-001558,2025-09-08,Mécanique Rapide Inc.,FLT-040963,Filtre à air moteur,1,23.2
CMD-001558,2025-09-08,Auto Clinic,ROT-015403,Disque de frein ventilé,4,107.88
CMD-001558,2025-09-08,Pneus & Mécanique Pro,FUS-026474,Boîte fusibles relais,6,18.89
CMD-001559,2025-09-21,Auto Clinic,ALT-007996,Alternateur 12V 140A,2,220.97
CMD-001559,2025-09-21,Garage Tremblay,FUS-028100,Boîte fusibles relais,6,17.6
CMD-001559,2025-09-21,Pneus & Mécanique Pro,BRK-047004,Jeu plaquettes AV,6,91.9
CMD-001560,2026-04-12,Centre Auto Plus,ALT-047362,Alternateur 12V 140A,8,328.64
CMD-001560,2026-04-12,Auto-Réparation ABC,SEN-034457,Capteur ABS,7,50.82
CMD-001561,2025-11-30,Garage Royal,FLT-010048,Filtre à air moteur,7,32.49
CMD-001562,2025-10-27,Atelier Mécanique 360,ROT-015403,Disque de frein ventilé,8,107.88
CMD-001562,2025-10-27,Garage du Centre,BRK-005978,Jeu plaquettes AV,2,65.1
CMD-001562,2025-10-27,Auto-Réparation ABC,SEN-006586,Capteur ABS,8,39.57
CMD-001563,2026-04-02,Garage du Centre,ROT-015403,Disque de frein ventilé,2,107.88
CMD-001563,2026-04-02,Garage Tremblay,ROT-007220,Disque de frein ventilé,8,116.26
CMD-001563,2026-04-02,Pneus & Mécanique Pro,SPK-031992,Bougie allumage iridium,1,20.18
CMD-001563,2026-04-02,Garage du Centre,FLT-026010,Filtre à air moteur,1,32.68
CMD-001564,2026-04-20,Centre Auto Plus,SEN-043446,Capteur ABS,4,71.18
CMD-001564,2026-04-20,Atelier Mécanique 360,ROT-048335,Disque de frein ventilé,7,168.29
CMD-001565,2025-11-01,Atelier Mécanique 360,BLB-037992,Ampoule LED H7,5,27.13
CMD-001566,2025-11-15,Atelier Mécanique 360,SEN-034457,Capteur ABS,4,50.82
CMD-001566,2025-11-15,Mécanique Rapide Inc.,BRK-005978,Jeu plaquettes AV,1,65.1
CMD-001566,2025-11-15,Carrosserie Moderne,RAD-006901,Radiateur refroidissement,1,215.86
CMD-001567,2025-10-01,Auto Clinic,BRK-038495,Jeu plaquettes AV,2,72.46
CMD-001568,2026-05-09,Atelier Mécanique 360,ALT-007996,Alternateur 12V 140A,8,220.97
CMD-001568,2026-05-09,Pneus & Mécanique Pro,ROT-015403,Disque de frein ventilé,2,107.88
CMD-001568,2026-05-09,Mécanique Rapide Inc.,SEN-013569,Capteur ABS,5,42.76
CMD-001568,2026-05-09,Pneus & Mécanique Pro,FUS-028100,Boîte fusibles relais,7,17.6
CMD-001569,2026-02-25,Garage Royal,ALT-043817,Alternateur 12V 140A,7,318.1
CMD-001570,2025-09-24,Centre Auto Plus,ROT-015403,Disque de frein ventilé,5,107.88
CMD-001570,2025-09-24,Atelier Mécanique 360,ROT-007220,Disque de frein ventilé,1,116.26
CMD-001570,2025-09-24,Auto-Réparation ABC,SPK-031992,Bougie allumage iridium,4,20.18
CMD-001571,2026-09-05,Auto-Réparation ABC,ALT-027632,Alternateur 12V 140A,5,313.91
CMD-001571,2026-09-05,Carrosserie Moderne,ALT-033658,Alternateur 12V 140A,8,254.43
CMD-001572,2026-01-22,Garage Tremblay,FLT-011683,Filtre à air moteur,2,37.71
CMD-001572,2026-01-22,Garage Tremblay,ALT-011901,Alternateur 12V 140A,6,437.77
CMD-001573,2026-08-14,Auto-Réparation ABC,SEN-013569,Capteur ABS,4,42.76
CMD-001573,2026-08-14,Centre Auto Plus,SPK-017734,Bougie allumage iridium,8,20.39
CMD-001573,2026-08-14,Garage du Centre,ALT-023526,Alternateur 12V 140A,8,300.63
CMD-001573,2026-08-14,Auto Clinic,ROT-027668,Disque de frein ventilé,5,139.0
CMD-001574,2025-12-18,Garage Tremblay,ALT-021132,Alternateur 12V 140A,1,376.48
CMD-001574,2025-12-18,Mécanique Rapide Inc.,ALT-002471,Alternateur 12V 140A,5,269.92
CMD-001574,2025-12-18,Carrosserie Moderne,FUS-028100,Boîte fusibles relais,7,17.6
CMD-001574,2025-12-18,Auto-Réparation ABC,ALT-001078,Alternateur 12V 140A,5,235.28
CMD-001575,2026-07-12,Centre Auto Plus,SEN-006021,Capteur ABS,6,31.48
CMD-001575,2026-07-12,Garage Royal,ALT-011421,Alternateur 12V 140A,7,394.92
CMD-001576,2025-10-16,Mécanique Rapide Inc.,ROT-015403,Disque de frein ventilé,5,107.88
CMD-001576,2025-10-16,Garage Royal,ALT-007061,Alternateur 12V 140A,3,289.42
CMD-001576,2025-10-16,Pneus & Mécanique Pro,SPK-031992,Bougie allumage iridium,1,20.18
CMD-001577,2026-06-06,Garage Tremblay,ROT-006864,Disque de frein ventilé,3,105.15
CMD-001577,2026-06-06,Atelier Mécanique 360,FUS-016622,Boîte fusibles relais,6,18.49
CMD-001577,2026-06-06,Garage du Centre,BLB-040946,Ampoule LED H7,6,29.33
CMD-001577,2026-06-06,Auto Clinic,BRK-003411,Jeu plaquettes AV,7,78.75
CMD-001578,2025-09-29,Mécanique Rapide Inc.,ROT-015403,Disque de frein ventilé,8,107.88
CMD-001578,2025-09-29,Auto Clinic,ROT-007220,Disque de frein ventilé,1,116.26
CMD-001579,2026-01-10,Centre Auto Plus,RAD-038113,Radiateur refroidissement,7,210.9
CMD-001580,2026-01-20,Auto-Réparation ABC,STR-023248,Jambe de force suspension,1,244.06
CMD-001580,2026-01-20,Mécanique Rapide Inc.,STR-026554,Jambe de force suspension,8,124.06
CMD-001580,2026-01-20,Centre Auto Plus,BMP-019552,Pare-chocs AV primaire,8,368.75
CMD-001581,2026-03-13,Centre Auto Plus,FUS-028100,Boîte fusibles relais,7,17.6
CMD-001581,2026-03-13,Pneus & Mécanique Pro,ROT-018669,Disque de frein ventilé,2,124.93
CMD-001581,2026-03-13,Garage du Centre,ALT-008600,Alternateur 12V 140A,5,411.15
CMD-001581,2026-03-13,Auto Clinic,FLT-009287,Filtre à air moteur,3,36.05
CMD-001582,2025-11-19,Mécanique Rapide Inc.,ROT-015403,Disque de frein ventilé,8,107.88
CMD-001583,2026-03-07,Carrosserie Moderne,EXH-034377,Silencieux échappement,1,268.92
CMD-001583,2026-03-07,Mécanique Rapide Inc.,ROT-015403,Disque de frein ventilé,2,107.88
CMD-001584,2026-05-14,Mécanique Rapide Inc.,SEN-014947,Capteur ABS,1,51.13
CMD-001584,2026-05-14,Centre Auto Plus,BLB-019537,Ampoule LED H7,1,18.7
CMD-001584,2026-05-14,Atelier Mécanique 360,SPK-025943,Bougie allumage iridium,8,22.81
CMD-001584,2026-05-14,Auto-Réparation ABC,RAD-025491,Radiateur refroidissement,4,220.59
CMD-001585,2026-04-27,Garage Royal,FUS-025154,Boîte fusibles relais,3,23.1
CMD-001585,2026-04-27,Mécanique Rapide Inc.,RAD-035768,Radiateur refroidissement,3,177.87
CMD-001585,2026-04-27,Carrosserie Moderne,RAD-011217,Radiateur refroidissement,5,217.88
CMD-001585,2026-04-27,Garage Tremblay,BRK-020584,Jeu plaquettes AV,4,57.06
CMD-001586,2026-03-12,Pneus & Mécanique Pro,BRK-009718,Jeu plaquettes AV,7,49.14
CMD-001586,2026-03-12,Pneus & Mécanique Pro,ALT-043817,Alternateur 12V 140A,4,318.1
CMD-001586,2026-03-12,Pneus & Mécanique Pro,SEN-031098,Capteur ABS,2,67.4
CMD-001587,2026-03-05,Garage du Centre,EXH-002023,Silencieux échappement,5,218.66
CMD-001587,2026-03-05,Garage du Centre,FLT-034378,Filtre à air moteur,5,20.46
CMD-001587,2026-03-05,Auto Clinic,ROT-043334,Disque de frein ventilé,3,133.36
CMD-001587,2026-03-05,Pneus & Mécanique Pro,SPK-043767,Bougie allumage iridium,2,15.6
CMD-001588,2026-03-21,Atelier Mécanique 360,FUS-025154,Boîte fusibles relais,3,23.1
CMD-001588,2026-03-21,Atelier Mécanique 360,RAD-035768,Radiateur refroidissement,8,177.87
CMD-001588,2026-03-21,Garage Tremblay,RAD-011217,Radiateur refroidissement,5,217.88
CMD-001588,2026-03-21,Garage du Centre,EXH-049698,Silencieux échappement,8,345.09
CMD-001588,2026-03-21,Auto-Réparation ABC,ALT-002471,Alternateur 12V 140A,8,269.92
CMD-001589,2026-06-18,Mécanique Rapide Inc.,FUS-026474,Boîte fusibles relais,4,18.89
CMD-001589,2026-06-18,Centre Auto Plus,FLT-012359,Filtre à air moteur,5,36.15
CMD-001589,2026-06-18,Garage Royal,ALT-021132,Alternateur 12V 140A,6,376.48
CMD-001589,2026-06-18,Pneus & Mécanique Pro,SEN-038683,Capteur ABS,1,70.76
CMD-001589,2026-06-18,Carrosserie Moderne,BLB-028682,Ampoule LED H7,1,36.03
CMD-001590,2026-02-14,Garage Royal,ALT-001778,Alternateur 12V 140A,2,242.99
CMD-001590,2026-02-14,Garage Tremblay,BMP-048102,Pare-chocs AV primaire,2,212.63
CMD-001591,2025-11-18,Garage Royal,BRK-017720,Jeu plaquettes AV,8,85.77
CMD-001591,2025-11-18,Pneus & Mécanique Pro,ALT-001778,Alternateur 12V 140A,8,242.99
CMD-001591,2025-11-18,Garage Royal,SEN-006021,Capteur ABS,5,31.48
CMD-001591,2025-11-18,Auto Clinic,FUS-021849,Boîte fusibles relais,2,14.18
CMD-001592,2026-08-20,Garage du Centre,ROT-015403,Disque de frein ventilé,1,107.88
CMD-001592,2026-08-20,Mécanique Rapide Inc.,FUS-037574,Boîte fusibles relais,8,22.82
CMD-001593,2026-01-12,Garage Tremblay,ROT-015403,Disque de frein ventilé,7,107.88
CMD-001593,2026-01-12,Pneus & Mécanique Pro,ALT-007061,Alternateur 12V 140A,1,289.42
CMD-001593,2026-01-12,Pneus & Mécanique Pro,EXH-007271,Silencieux échappement,6,390.56
CMD-001593,2026-01-12,Pneus & Mécanique Pro,SPK-031992,Bougie allumage iridium,5,20.18
CMD-001593,2026-01-12,Atelier Mécanique 360,ROT-007220,Disque de frein ventilé,3,116.26
CMD-001594,2026-05-22,Mécanique Rapide Inc.,ROT-015403,Disque de frein ventilé,7,107.88
CMD-001594,2026-05-22,Garage Tremblay,FLT-026010,Filtre à air moteur,6,32.68
CMD-001594,2026-05-22,Garage Tremblay,ALT-007061,Alternateur 12V 140A,8,289.42
CMD-001595,2026-08-04,Garage Royal,BLB-037992,Ampoule LED H7,5,27.13
CMD-001596,2025-11-01,Garage Royal,FUS-028100,Boîte fusibles relais,7,17.6
CMD-001596,2025-11-01,Garage Tremblay,FLT-009287,Filtre à air moteur,2,36.05
CMD-001596,2025-11-01,Centre Auto Plus,ALT-008600,Alternateur 12V 140A,8,411.15
CMD-001596,2025-11-01,Garage Tremblay,ROT-018669,Disque de frein ventilé,7,124.93
CMD-001597,2026-01-09,Auto Clinic,FUS-025154,Boîte fusibles relais,3,23.1
CMD-001597,2026-01-09,Auto-Réparation ABC,BRK-020584,Jeu plaquettes AV,7,57.06
CMD-001597,2026-01-09,Garage Tremblay,EXH-049698,Silencieux échappement,8,345.09
CMD-001597,2026-01-09,Auto Clinic,RAD-035768,Radiateur refroidissement,1,177.87
CMD-001598,2025-10-16,Pneus & Mécanique Pro,FUS-028100,Boîte fusibles relais,8,17.6
CMD-001599,2026-08-27,Garage Tremblay,FUS-028100,Boîte fusibles relais,4,17.6
CMD-001599,2026-08-27,Pneus & Mécanique Pro,BLB-048086,Ampoule LED H7,3,40.86
CMD-001599,2026-08-27,Garage du Centre,ROT-015403,Disque de frein ventilé,5,107.88
CMD-001599,2026-08-27,Auto-Réparation ABC,ROT-017022,Disque de frein ventilé,2,145.87
CMD-001600,2026-07-22,Garage Tremblay,FLT-011683,Filtre à air moteur,4,37.71
CMD-001600,2026-07-22,Pneus & Mécanique Pro,FUS-041719,Boîte fusibles relais,1,14.8
CMD-001600,2026-07-22,Carrosserie Moderne,BRK-042035,Jeu plaquettes AV,7,57.16
CMD-001600,2026-07-22,Auto Clinic,BRK-032885,Jeu plaquettes AV,1,54.07
CMD-001600,2026-07-22,Garage Royal,BRK-043609,Jeu plaquettes AV,5,47.15
CMD-001601,2025-11-24,Carrosserie Moderne,BLB-020402,Ampoule LED H7,2,19.04
CMD-001602,2025-12-23,Garage Royal,FLT-040053,Filtre à air moteur,1,17.01
CMD-001602,2025-12-23,Carrosserie Moderne,SEN-026353,Capteur ABS,6,42.53
CMD-001603,2025-09-16,Garage du Centre,FUS-028100,Boîte fusibles relais,6,17.6
CMD-001604,2026-01-04,Garage Tremblay,FLT-044878,Filtre à air moteur,6,36.42
CMD-001604,2026-01-04,Garage du Centre,BLB-037992,Ampoule LED H7,7,27.13
CMD-001604,2026-01-04,Centre Auto Plus,FLT-001618,Filtre à air moteur,7,29.58
CMD-001604,2026-01-04,Garage Royal,ALT-001778,Alternateur 12V 140A,8,242.99
CMD-001604,2026-01-04,Carrosserie Moderne,FUS-037465,Boîte fusibles relais,5,13.4
CMD-001605,2026-02-06,Auto-Réparation ABC,ALT-046126,Alternateur 12V 140A,3,421.09
CMD-001605,2026-02-06,Pneus & Mécanique Pro,SEN-006021,Capteur ABS,4,31.48
CMD-001605,2026-02-06,Garage du Centre,FUS-028100,Boîte fusibles relais,2,17.6
CMD-001606,2026-07-21,Garage du Centre,FUS-028100,Boîte fusibles relais,8,17.6
CMD-001607,2025-09-18,Mécanique Rapide Inc.,SEN-006021,Capteur ABS,7,31.48
CMD-001608,2026-08-10,Garage Royal,ALT-001778,Alternateur 12V 140A,7,242.99
CMD-001609,2026-06-28,Atelier Mécanique 360,ALT-001778,Alternateur 12V 140A,6,242.99
CMD-001610,2025-12-31,Carrosserie Moderne,ROT-015403,Disque de frein ventilé,5,107.88
CMD-001610,2025-12-31,Mécanique Rapide Inc.,BLB-047201,Ampoule LED H7,1,28.87
CMD-001610,2025-12-31,Garage Tremblay,SEN-006021,Capteur ABS,1,31.48
CMD-001610,2025-12-31,Auto-Réparation ABC,SEN-015192,Capteur ABS,4,38.69
CMD-001611,2026-02-07,Mécanique Rapide Inc.,BLB-020402,Ampoule LED H7,8,19.04
CMD-001612,2026-07-16,Centre Auto Plus,FUS-037574,Boîte fusibles relais,8,22.82
CMD-001613,2026-09-05,Pneus & Mécanique Pro,FLT-011683,Filtre à air moteur,2,37.71
CMD-001613,2026-09-05,Auto Clinic,BRK-038699,Jeu plaquettes AV,2,92.39
CMD-001613,2026-09-05,Garage du Centre,BLB-028682,Ampoule LED H7,3,36.03
CMD-001613,2026-09-05,Mécanique Rapide Inc.,ROT-006864,Disque de frein ventilé,5,105.15
CMD-001614,2026-08-09,Pneus & Mécanique Pro,FUS-025154,Boîte fusibles relais,2,23.1
CMD-001614,2026-08-09,Carrosserie Moderne,RAD-011217,Radiateur refroidissement,5,217.88
CMD-001614,2026-08-09,Centre Auto Plus,RAD-035768,Radiateur refroidissement,8,177.87
CMD-001614,2026-08-09,Mécanique Rapide Inc.,BRK-020584,Jeu plaquettes AV,4,57.06
CMD-001614,2026-08-09,Carrosserie Moderne,ALT-002471,Alternateur 12V 140A,2,269.92
CMD-001615,2026-04-10,Garage Tremblay,STR-023248,Jambe de force suspension,3,244.06
CMD-001615,2026-04-10,Carrosserie Moderne,FLT-033743,Filtre à air moteur,4,39.16
CMD-001616,2026-07-18,Mécanique Rapide Inc.,FUS-026474,Boîte fusibles relais,5,18.89
CMD-001616,2026-07-18,Auto-Réparation ABC,BLB-028682,Ampoule LED H7,4,36.03
CMD-001616,2026-07-18,Garage Tremblay,FLT-012359,Filtre à air moteur,6,36.15
CMD-001616,2026-07-18,Mécanique Rapide Inc.,BRK-001937,Jeu plaquettes AV,4,88.96
CMD-001616,2026-07-18,Garage du Centre,SEN-038683,Capteur ABS,4,70.76
CMD-001617,2025-11-14,Auto-Réparation ABC,ALT-001778,Alternateur 12V 140A,6,242.99
CMD-001618,2025-09-08,Garage du Centre,SEN-004309,Capteur ABS,8,41.19
CMD-001618,2025-09-08,Garage Royal,ALT-008600,Alternateur 12V 140A,7,411.15
CMD-001619,2025-12-30,Pneus & Mécanique Pro,ALT-000386,Alternateur 12V 140A,4,227.9
CMD-001619,2025-12-30,Auto Clinic,BRK-024935,Jeu plaquettes AV,6,109.95
CMD-001620,2025-12-25,Centre Auto Plus,FUS-028100,Boîte fusibles relais,5,17.6
CMD-001620,2025-12-25,Auto-Réparation ABC,ROT-015403,Disque de frein ventilé,8,107.88
CMD-001621,2026-08-19,Centre Auto Plus,ROT-015403,Disque de frein ventilé,4,107.88
CMD-001622,2026-05-20,Auto Clinic,BMP-037254,Pare-chocs AV primaire,2,283.13
CMD-001622,2026-05-20,Mécanique Rapide Inc.,RAD-006901,Radiateur refroidissement,7,215.86
CMD-001622,2026-05-20,Garage Royal,RAD-013421,Radiateur refroidissement,8,153.6
CMD-001622,2026-05-20,Carrosserie Moderne,ALT-047362,Alternateur 12V 140A,3,328.64
CMD-001622,2026-05-20,Garage Tremblay,BRK-005978,Jeu plaquettes AV,1,65.1
CMD-001623,2026-08-23,Carrosserie Moderne,FUS-028100,Boîte fusibles relais,1,17.6
CMD-001623,2026-08-23,Atelier Mécanique 360,FLT-031402,Filtre à air moteur,3,26.67
CMD-001623,2026-08-23,Carrosserie Moderne,ALT-008600,Alternateur 12V 140A,5,411.15
CMD-001624,2026-04-20,Auto Clinic,FLT-031402,Filtre à air moteur,2,26.67
CMD-001624,2026-04-20,Garage du Centre,ROT-018669,Disque de frein ventilé,4,124.93
CMD-001624,2026-04-20,Auto-Réparation ABC,FUS-028100,Boîte fusibles relais,2,17.6
CMD-001624,2026-04-20,Carrosserie Moderne,SEN-004309,Capteur ABS,7,41.19
CMD-001624,2026-04-20,Auto Clinic,ALT-008600,Alternateur 12V 140A,6,411.15
CMD-001625,2026-02-21,Garage du Centre,FUS-028100,Boîte fusibles relais,4,17.6
CMD-001625,2026-02-21,Atelier Mécanique 360,FLT-031402,Filtre à air moteur,2,26.67
CMD-001625,2026-02-21,Garage Tremblay,ROT-018669,Disque de frein ventilé,5,124.93
CMD-001625,2026-02-21,Garage Royal,FLT-009287,Filtre à air moteur,1,36.05
CMD-001625,2026-02-21,Auto Clinic,ALT-008600,Alternateur 12V 140A,2,411.15
CMD-001626,2026-01-07,Centre Auto Plus,FLT-040963,Filtre à air moteur,8,23.2
CMD-001627,2026-08-25,Garage Tremblay,ALT-001778,Alternateur 12V 140A,3,242.99
CMD-001627,2026-08-25,Garage Royal,FUS-019025,Boîte fusibles relais,4,16.14
CMD-001627,2026-08-25,Garage Tremblay,BMP-048102,Pare-chocs AV primaire,4,212.63
CMD-001627,2026-08-25,Pneus & Mécanique Pro,ALT-007205,Alternateur 12V 140A,2,250.82
CMD-001628,2026-06-27,Garage du Centre,ROT-015403,Disque de frein ventilé,3,107.88
CMD-001628,2026-06-27,Carrosserie Moderne,FLT-026010,Filtre à air moteur,8,32.68
CMD-001628,2026-06-27,Atelier Mécanique 360,ALT-007061,Alternateur 12V 140A,8,289.42
CMD-001628,2026-06-27,Atelier Mécanique 360,SPK-031992,Bougie allumage iridium,6,20.18
CMD-001629,2026-02-22,Auto Clinic,FUS-025154,Boîte fusibles relais,4,23.1
CMD-001629,2026-02-22,Garage du Centre,EXH-049698,Silencieux échappement,8,345.09
CMD-001629,2026-02-22,Atelier Mécanique 360,RAD-011217,Radiateur refroidissement,4,217.88
CMD-001629,2026-02-22,Carrosserie Moderne,ALT-002471,Alternateur 12V 140A,3,269.92
CMD-001629,2026-02-22,Atelier Mécanique 360,RAD-035768,Radiateur refroidissement,5,177.87
CMD-001630,2025-10-22,Pneus & Mécanique Pro,BLB-037992,Ampoule LED H7,4,27.13
CMD-001630,2025-10-22,Atelier Mécanique 360,RAD-049573,Radiateur refroidissement,5,215.12
CMD-001630,2025-10-22,Pneus & Mécanique Pro,ALT-035681,Alternateur 12V 140A,1,394.53
CMD-001630,2025-10-22,Auto-Réparation ABC,STR-047020,Jambe de force suspension,5,143.22
CMD-001631,2026-06-12,Garage du Centre,BRK-047004,Jeu plaquettes AV,4,91.9
CMD-001631,2026-06-12,Centre Auto Plus,BLB-037992,Ampoule LED H7,2,27.13
CMD-001631,2026-06-12,Atelier Mécanique 360,RAD-008323,Radiateur refroidissement,6,225.29
CMD-001632,2026-08-10,Garage Royal,FUS-025154,Boîte fusibles relais,6,23.1
CMD-001632,2026-08-10,Auto-Réparation ABC,BRK-001937,Jeu plaquettes AV,8,88.96
CMD-001632,2026-08-10,Garage Royal,FUS-028100,Boîte fusibles relais,5,17.6
CMD-001632,2026-08-10,Garage Tremblay,ALT-001778,Alternateur 12V 140A,4,242.99
CMD-001632,2026-08-10,Centre Auto Plus,FUS-040638,Boîte fusibles relais,3,8.95
CMD-001633,2026-05-08,Auto-Réparation ABC,BRK-044618,Jeu plaquettes AV,7,48.42
CMD-001633,2026-05-08,Mécanique Rapide Inc.,SEN-020721,Capteur ABS,3,59.04
CMD-001634,2026-05-16,Pneus & Mécanique Pro,ROT-015403,Disque de frein ventilé,1,107.88
CMD-001634,2026-05-16,Auto Clinic,EXH-007271,Silencieux échappement,2,390.56
CMD-001635,2026-01-17,Garage Tremblay,BRK-005978,Jeu plaquettes AV,7,65.1
CMD-001635,2026-01-17,Carrosserie Moderne,RAD-006901,Radiateur refroidissement,1,215.86
CMD-001635,2026-01-17,Auto Clinic,RAD-013421,Radiateur refroidissement,3,153.6
CMD-001636,2026-04-20,Garage Tremblay,ALT-021132,Alternateur 12V 140A,1,376.48
CMD-001636,2026-04-20,Carrosserie Moderne,BRK-001937,Jeu plaquettes AV,2,88.96
CMD-001636,2026-04-20,Auto-Réparation ABC,FLT-012359,Filtre à air moteur,1,36.15
CMD-001636,2026-04-20,Garage Tremblay,FUS-026474,Boîte fusibles relais,5,18.89
CMD-001636,2026-04-20,Pneus & Mécanique Pro,SEN-038683,Capteur ABS,6,70.76
CMD-001637,2025-10-04,Centre Auto Plus,FUS-028100,Boîte fusibles relais,8,17.6
CMD-001637,2025-10-04,Garage Royal,ALT-023526,Alternateur 12V 140A,1,300.63
CMD-001637,2025-10-04,Garage Royal,SPK-032001,Bougie allumage iridium,5,18.07
CMD-001637,2025-10-04,Centre Auto Plus,SEN-006021,Capteur ABS,5,31.48
CMD-001638,2026-01-19,Mécanique Rapide Inc.,EXH-034377,Silencieux échappement,4,268.92
CMD-001638,2026-01-19,Pneus & Mécanique Pro,SEN-031098,Capteur ABS,8,67.4
CMD-001638,2026-01-19,Garage Tremblay,FLT-019590,Filtre à air moteur,4,19.27
CMD-001638,2026-01-19,Carrosserie Moderne,ROT-018008,Disque de frein ventilé,2,101.69
CMD-001638,2026-01-19,Garage Tremblay,BRK-009718,Jeu plaquettes AV,1,49.14
CMD-001639,2025-11-03,Auto Clinic,FUS-028100,Boîte fusibles relais,5,17.6
CMD-001640,2026-05-07,Auto Clinic,FUS-028100,Boîte fusibles relais,3,17.6
CMD-001640,2026-05-07,Auto-Réparation ABC,FLT-031402,Filtre à air moteur,3,26.67
CMD-001641,2025-11-29,Mécanique Rapide Inc.,BRK-017720,Jeu plaquettes AV,7,85.77
CMD-001641,2025-11-29,Garage Tremblay,BRK-038699,Jeu plaquettes AV,1,92.39
CMD-001641,2025-11-29,Garage Tremblay,SPK-043295,Bougie allumage iridium,8,13.79
CMD-001641,2025-11-29,Centre Auto Plus,SEN-033632,Capteur ABS,7,68.9
CMD-001642,2026-01-25,Pneus & Mécanique Pro,FUS-025154,Boîte fusibles relais,8,23.1
CMD-001642,2026-01-25,Garage Royal,FLT-011683,Filtre à air moteur,6,37.71
CMD-001642,2026-01-25,Auto Clinic,FLT-017690,Filtre à air moteur,3,23.9
CMD-001642,2026-01-25,Centre Auto Plus,ROT-015403,Disque de frein ventilé,8,107.88
CMD-001643,2025-11-04,Auto Clinic,ROT-017022,Disque de frein ventilé,6,145.87
CMD-001643,2025-11-04,Garage Tremblay,ALT-000386,Alternateur 12V 140A,1,227.9
CMD-001643,2025-11-04,Auto Clinic,BRK-024683,Jeu plaquettes AV,4,107.39
CMD-001644,2026-05-01,Atelier Mécanique 360,BRK-017720,Jeu plaquettes AV,7,85.77
CMD-001644,2026-05-01,Carrosserie Moderne,EXH-034377,Silencieux échappement,3,268.92
CMD-001644,2026-05-01,Auto-Réparation ABC,BRK-040876,Jeu plaquettes AV,5,77.0
CMD-001645,2026-02-21,Atelier Mécanique 360,ALT-043817,Alternateur 12V 140A,1,318.1
CMD-001645,2026-02-21,Garage Royal,SEN-031098,Capteur ABS,6,67.4
CMD-001645,2026-02-21,Centre Auto Plus,ROT-018008,Disque de frein ventilé,4,101.69
CMD-001645,2026-02-21,Auto-Réparation ABC,FLT-019590,Filtre à air moteur,6,19.27
CMD-001645,2026-02-21,Carrosserie Moderne,BRK-009718,Jeu plaquettes AV,7,49.14
CMD-001646,2026-08-25,Centre Auto Plus,BRK-006205,Jeu plaquettes AV,5,53.37
CMD-001647,2025-09-14,Garage Tremblay,ROT-015403,Disque de frein ventilé,2,107.88
CMD-001647,2025-09-14,Centre Auto Plus,FUS-026474,Boîte fusibles relais,1,18.89
CMD-001647,2025-09-14,Garage Tremblay,SPK-025943,Bougie allumage iridium,6,22.81
CMD-001648,2026-08-11,Garage Tremblay,SEN-046955,Capteur ABS,4,35.73
CMD-001648,2026-08-11,Carrosserie Moderne,ROT-015403,Disque de frein ventilé,7,107.88
CMD-001648,2026-08-11,Pneus & Mécanique Pro,RAD-008323,Radiateur refroidissement,7,225.29
CMD-001648,2026-08-11,Garage du Centre,FUS-019025,Boîte fusibles relais,1,16.14
CMD-001648,2026-08-11,Pneus & Mécanique Pro,BRK-014503,Jeu plaquettes AV,4,88.03
CMD-001649,2025-11-12,Carrosserie Moderne,BRK-017720,Jeu plaquettes AV,3,85.77
CMD-001649,2025-11-12,Carrosserie Moderne,BRK-038699,Jeu plaquettes AV,1,92.39
CMD-001649,2025-11-12,Garage Royal,SEN-033632,Capteur ABS,2,68.9
CMD-001649,2025-11-12,Garage du Centre,ALT-015059,Alternateur 12V 140A,5,396.5
CMD-001649,2025-11-12,Auto-Réparation ABC,ROT-034722,Disque de frein ventilé,1,168.29
CMD-001650,2026-07-04,Garage Royal,BRK-006205,Jeu plaquettes AV,4,53.37
CMD-001650,2026-07-04,Centre Auto Plus,ALT-037590,Alternateur 12V 140A,7,461.54
CMD-001651,2026-06-23,Pneus & Mécanique Pro,ROT-034002,Disque de frein ventilé,8,177.99
CMD-001651,2026-06-23,Centre Auto Plus,ROT-007220,Disque de frein ventilé,1,116.26
CMD-001651,2026-06-23,Pneus & Mécanique Pro,SPK-042345,Bougie allumage iridium,6,19.89
CMD-001652,2026-01-30,Carrosserie Moderne,EXH-034377,Silencieux échappement,5,268.92
CMD-001652,2026-01-30,Atelier Mécanique 360,ROT-018008,Disque de frein ventilé,3,101.69
CMD-001652,2026-01-30,Carrosserie Moderne,SEN-031098,Capteur ABS,2,67.4
CMD-001653,2026-02-13,Carrosserie Moderne,BMP-037287,Pare-chocs AV primaire,8,323.55
CMD-001653,2026-02-13,Garage du Centre,SEN-015192,Capteur ABS,5,38.69
CMD-001654,2026-01-09,Centre Auto Plus,ROT-038207,Disque de frein ventilé,6,92.77
CMD-001654,2026-01-09,Carrosserie Moderne,ALT-011901,Alternateur 12V 140A,5,437.77
CMD-001654,2026-01-09,Garage Royal,ALT-036394,Alternateur 12V 140A,1,433.19
CMD-001654,2026-01-09,Garage du Centre,FLT-026606,Filtre à air moteur,7,14.88
CMD-001655,2026-06-03,Garage du Centre,ROT-015403,Disque de frein ventilé,4,107.88
CMD-001656,2025-11-11,Pneus & Mécanique Pro,ROT-021710,Disque de frein ventilé,8,128.69
CMD-001656,2025-11-11,Atelier Mécanique 360,ROT-015403,Disque de frein ventilé,7,107.88
CMD-001656,2025-11-11,Centre Auto Plus,SEN-026353,Capteur ABS,2,42.53
CMD-001657,2026-08-19,Atelier Mécanique 360,ROT-015403,Disque de frein ventilé,8,107.88
CMD-001657,2026-08-19,Centre Auto Plus,FLT-026010,Filtre à air moteur,5,32.68
CMD-001657,2026-08-19,Garage Royal,SPK-031992,Bougie allumage iridium,3,20.18
CMD-001658,2026-02-25,Garage du Centre,ROT-021710,Disque de frein ventilé,4,128.69
CMD-001658,2026-02-25,Carrosserie Moderne,ROT-015403,Disque de frein ventilé,8,107.88
CMD-001658,2026-02-25,Pneus & Mécanique Pro,FUS-028100,Boîte fusibles relais,8,17.6
CMD-001659,2025-11-23,Mécanique Rapide Inc.,FUS-028100,Boîte fusibles relais,6,17.6
CMD-001659,2025-11-23,Garage du Centre,BRK-017720,Jeu plaquettes AV,2,85.77
CMD-001659,2025-11-23,Auto-Réparation ABC,ROT-015403,Disque de frein ventilé,7,107.88
CMD-001659,2025-11-23,Auto Clinic,ROT-021710,Disque de frein ventilé,7,128.69
CMD-001659,2025-11-23,Garage du Centre,SPK-032001,Bougie allumage iridium,1,18.07
CMD-001660,2026-04-23,Carrosserie Moderne,BRK-044381,Jeu plaquettes AV,8,48.66
CMD-001660,2026-04-23,Auto Clinic,FUS-021849,Boîte fusibles relais,1,14.18
CMD-001660,2026-04-23,Garage Tremblay,SEN-006021,Capteur ABS,4,31.48
CMD-001660,2026-04-23,Auto Clinic,FLT-010535,Filtre à air moteur,2,15.65
CMD-001661,2026-07-05,Garage du Centre,ROT-015403,Disque de frein ventilé,3,107.88
CMD-001661,2026-07-05,Atelier Mécanique 360,BLB-020402,Ampoule LED H7,6,19.04
CMD-001662,2025-12-16,Pneus & Mécanique Pro,BLB-020402,Ampoule LED H7,6,19.04
CMD-001662,2025-12-16,Garage Royal,BRK-044618,Jeu plaquettes AV,4,48.42
CMD-001662,2025-12-16,Atelier Mécanique 360,SEN-020721,Capteur ABS,8,59.04
CMD-001662,2025-12-16,Garage Royal,FLT-017690,Filtre à air moteur,4,23.9
CMD-001662,2025-12-16,Atelier Mécanique 360,FUS-004135,Boîte fusibles relais,6,14.53
CMD-001663,2026-05-20,Auto Clinic,FUS-026474,Boîte fusibles relais,4,18.89
CMD-001663,2026-05-20,Atelier Mécanique 360,SEN-038683,Capteur ABS,6,70.76
CMD-001663,2026-05-20,Carrosserie Moderne,BRK-001937,Jeu plaquettes AV,2,88.96
CMD-001664,2025-10-31,Auto Clinic,SEN-043446,Capteur ABS,7,71.18
CMD-001664,2025-10-31,Atelier Mécanique 360,BLB-034578,Ampoule LED H7,5,41.92
CMD-001665,2026-01-08,Centre Auto Plus,BLB-020402,Ampoule LED H7,1,19.04
CMD-001665,2026-01-08,Garage Royal,ROT-015403,Disque de frein ventilé,1,107.88
CMD-001665,2026-01-08,Centre Auto Plus,BLB-048086,Ampoule LED H7,2,40.86
CMD-001665,2026-01-08,Garage Royal,ROT-027668,Disque de frein ventilé,7,139.0
CMD-001666,2026-05-21,Pneus & Mécanique Pro,RAD-006901,Radiateur refroidissement,2,215.86
CMD-001666,2026-05-21,Auto-Réparation ABC,RAD-013421,Radiateur refroidissement,1,153.6
CMD-001666,2026-05-21,Carrosserie Moderne,BMP-037254,Pare-chocs AV primaire,6,283.13
CMD-001666,2026-05-21,Auto Clinic,ALT-047362,Alternateur 12V 140A,3,328.64
CMD-001666,2026-05-21,Garage du Centre,BRK-005978,Jeu plaquettes AV,7,65.1
CMD-001667,2026-06-15,Pneus & Mécanique Pro,FLT-011683,Filtre à air moteur,2,37.71
CMD-001667,2026-06-15,Auto Clinic,BRK-032885,Jeu plaquettes AV,4,54.07
CMD-001667,2026-06-15,Mécanique Rapide Inc.,BRK-043609,Jeu plaquettes AV,5,47.15
CMD-001668,2026-03-16,Carrosserie Moderne,ROT-015403,Disque de frein ventilé,4,107.88
CMD-001668,2026-03-16,Atelier Mécanique 360,FLT-026010,Filtre à air moteur,8,32.68
CMD-001669,2026-01-08,Atelier Mécanique 360,FLT-028324,Filtre à air moteur,7,18.75
CMD-001670,2026-05-25,Garage Tremblay,FUS-028100,Boîte fusibles relais,2,17.6
CMD-001670,2026-05-25,Mécanique Rapide Inc.,SPK-032001,Bougie allumage iridium,7,18.07
CMD-001670,2026-05-25,Auto Clinic,FUS-025154,Boîte fusibles relais,3,23.1
CMD-001670,2026-05-25,Auto-Réparation ABC,BLB-037992,Ampoule LED H7,4,27.13
CMD-001671,2026-04-03,Mécanique Rapide Inc.,FUS-025154,Boîte fusibles relais,2,23.1
CMD-001671,2026-04-03,Garage du Centre,RAD-011217,Radiateur refroidissement,8,217.88
CMD-001671,2026-04-03,Atelier Mécanique 360,BRK-020584,Jeu plaquettes AV,6,57.06
CMD-001671,2026-04-03,Carrosserie Moderne,RAD-035768,Radiateur refroidissement,2,177.87
CMD-001671,2026-04-03,Garage Royal,ALT-002471,Alternateur 12V 140A,3,269.92
CMD-001672,2026-05-29,Centre Auto Plus,BRK-047004,Jeu plaquettes AV,8,91.9
CMD-001673,2026-01-02,Atelier Mécanique 360,FLT-032536,Filtre à air moteur,7,26.71
CMD-001673,2026-01-02,Auto-Réparation ABC,FLT-001618,Filtre à air moteur,7,29.58
CMD-001673,2026-01-02,Atelier Mécanique 360,BMP-006001,Pare-chocs AV primaire,5,264.54
CMD-001673,2026-01-02,Mécanique Rapide Inc.,FLT-029423,Filtre à air moteur,2,40.89
CMD-001674,2026-06-28,Garage Tremblay,RAD-008323,Radiateur refroidissement,2,225.29
CMD-001674,2026-06-28,Centre Auto Plus,BRK-000665,Jeu plaquettes AV,4,57.77
CMD-001674,2026-06-28,Carrosserie Moderne,FLT-001618,Filtre à air moteur,3,29.58
CMD-001674,2026-06-28,Pneus & Mécanique Pro,FLT-032536,Filtre à air moteur,7,26.71
CMD-001675,2026-08-14,Garage Royal,BRK-006205,Jeu plaquettes AV,8,53.37
CMD-001675,2026-08-14,Pneus & Mécanique Pro,ROT-034002,Disque de frein ventilé,1,177.99
CMD-001675,2026-08-14,Carrosserie Moderne,BRK-037405,Jeu plaquettes AV,7,45.88
CMD-001676,2026-07-26,Garage Tremblay,SEN-031098,Capteur ABS,4,67.4
CMD-001677,2025-09-20,Centre Auto Plus,FUS-025154,Boîte fusibles relais,2,23.1
CMD-001677,2025-09-20,Atelier Mécanique 360,RAD-035768,Radiateur refroidissement,5,177.87
CMD-001678,2025-09-22,Pneus & Mécanique Pro,ROT-015403,Disque de frein ventilé,3,107.88
CMD-001678,2025-09-22,Garage du Centre,SPK-031992,Bougie allumage iridium,4,20.18
CMD-001678,2025-09-22,Atelier Mécanique 360,ALT-007061,Alternateur 12V 140A,4,289.42
CMD-001678,2025-09-22,Garage du Centre,FLT-026010,Filtre à air moteur,6,32.68
CMD-001678,2025-09-22,Atelier Mécanique 360,ROT-007220,Disque de frein ventilé,3,116.26
CMD-001679,2026-01-04,Auto-Réparation ABC,FUS-028100,Boîte fusibles relais,3,17.6
CMD-001680,2025-09-10,Garage du Centre,ALT-037590,Alternateur 12V 140A,5,461.54
CMD-001680,2025-09-10,Carrosserie Moderne,SEN-046955,Capteur ABS,6,35.73
CMD-001680,2025-09-10,Auto-Réparation ABC,BRK-037405,Jeu plaquettes AV,1,45.88
CMD-001680,2025-09-10,Garage Royal,ROT-031547,Disque de frein ventilé,4,189.51
CMD-001681,2026-02-17,Carrosserie Moderne,ROT-015403,Disque de frein ventilé,2,107.88
CMD-001681,2026-02-17,Auto Clinic,ROT-007220,Disque de frein ventilé,2,116.26
CMD-001681,2026-02-17,Atelier Mécanique 360,EXH-007271,Silencieux échappement,3,390.56
CMD-001681,2026-02-17,Pneus & Mécanique Pro,ALT-007061,Alternateur 12V 140A,4,289.42
CMD-001682,2026-03-23,Auto-Réparation ABC,ALT-001778,Alternateur 12V 140A,4,242.99
CMD-001682,2026-03-23,Auto-Réparation ABC,ALT-014998,Alternateur 12V 140A,8,268.21
CMD-001682,2026-03-23,Mécanique Rapide Inc.,FUS-019025,Boîte fusibles relais,6,16.14
CMD-001682,2026-03-23,Mécanique Rapide Inc.,FUS-025154,Boîte fusibles relais,4,23.1
CMD-001683,2025-09-14,Garage du Centre,FLT-011683,Filtre à air moteur,3,37.71
CMD-001683,2025-09-14,Garage Tremblay,ALT-040335,Alternateur 12V 140A,4,368.08
CMD-001683,2025-09-14,Centre Auto Plus,BRK-043609,Jeu plaquettes AV,7,47.15
CMD-001683,2025-09-14,Auto-Réparation ABC,BRK-032885,Jeu plaquettes AV,4,54.07
CMD-001684,2025-11-12,Mécanique Rapide Inc.,EXH-034377,Silencieux échappement,7,268.92
CMD-001684,2025-11-12,Garage Tremblay,BRK-009718,Jeu plaquettes AV,2,49.14
CMD-001684,2025-11-12,Atelier Mécanique 360,FLT-019590,Filtre à air moteur,5,19.27
CMD-001684,2025-11-12,Carrosserie Moderne,SEN-031098,Capteur ABS,4,67.4
CMD-001685,2026-06-29,Garage du Centre,FUS-025154,Boîte fusibles relais,7,23.1
CMD-001685,2026-06-29,Garage du Centre,ALT-002471,Alternateur 12V 140A,7,269.92
CMD-001686,2026-02-25,Garage Royal,FUS-028100,Boîte fusibles relais,7,17.6
CMD-001686,2026-02-25,Auto Clinic,ALT-008600,Alternateur 12V 140A,4,411.15
CMD-001686,2026-02-25,Garage Royal,SEN-004309,Capteur ABS,8,41.19
CMD-001687,2025-11-04,Atelier Mécanique 360,RAD-042341,Radiateur refroidissement,2,227.46
CMD-001688,2025-11-12,Auto Clinic,ROT-015403,Disque de frein ventilé,7,107.88
CMD-001688,2025-11-12,Auto Clinic,FLT-028324,Filtre à air moteur,2,18.75
CMD-001688,2025-11-12,Mécanique Rapide Inc.,FUS-000867,Boîte fusibles relais,8,12.79
CMD-001688,2025-11-12,Auto-Réparation ABC,ROT-001967,Disque de frein ventilé,8,82.24
CMD-001689,2026-08-06,Centre Auto Plus,ROT-015403,Disque de frein ventilé,4,107.88
CMD-001689,2026-08-06,Auto-Réparation ABC,ALT-007061,Alternateur 12V 140A,4,289.42
CMD-001689,2026-08-06,Pneus & Mécanique Pro,FLT-026010,Filtre à air moteur,3,32.68
CMD-001690,2025-12-18,Garage du Centre,ALT-023526,Alternateur 12V 140A,8,300.63
CMD-001691,2026-08-13,Atelier Mécanique 360,BRK-038495,Jeu plaquettes AV,1,72.46
CMD-001691,2026-08-13,Pneus & Mécanique Pro,BRK-002545,Jeu plaquettes AV,5,48.87
CMD-001691,2026-08-13,Mécanique Rapide Inc.,ALT-049278,Alternateur 12V 140A,1,423.05
CMD-001692,2026-03-22,Garage du Centre,BRK-006205,Jeu plaquettes AV,3,53.37
CMD-001692,2026-03-22,Pneus & Mécanique Pro,ROT-034002,Disque de frein ventilé,3,177.99
CMD-001692,2026-03-22,Mécanique Rapide Inc.,ALT-037590,Alternateur 12V 140A,2,461.54
CMD-001692,2026-03-22,Carrosserie Moderne,BRK-037405,Jeu plaquettes AV,4,45.88
CMD-001692,2026-03-22,Pneus & Mécanique Pro,SEN-046955,Capteur ABS,7,35.73
CMD-001693,2026-08-13,Auto-Réparation ABC,SEN-006021,Capteur ABS,4,31.48
CMD-001693,2026-08-13,Auto-Réparation ABC,FLT-022405,Filtre à air moteur,4,24.33
CMD-001693,2026-08-13,Mécanique Rapide Inc.,SPK-043767,Bougie allumage iridium,1,15.6
CMD-001694,2026-01-05,Centre Auto Plus,ROT-015403,Disque de frein ventilé,5,107.88
CMD-001694,2026-01-05,Atelier Mécanique 360,ROT-007220,Disque de frein ventilé,1,116.26
CMD-001694,2026-01-05,Mécanique Rapide Inc.,ALT-007061,Alternateur 12V 140A,6,289.42
CMD-001694,2026-01-05,Centre Auto Plus,FLT-026010,Filtre à air moteur,1,32.68
CMD-001695,2026-03-13,Garage Royal,ALT-035681,Alternateur 12V 140A,8,394.53
CMD-001695,2026-03-13,Garage Royal,RAD-049573,Radiateur refroidissement,3,215.12
CMD-001695,2026-03-13,Centre Auto Plus,FLT-044878,Filtre à air moteur,8,36.42
CMD-001696,2025-09-21,Garage du Centre,ALT-043817,Alternateur 12V 140A,6,318.1
CMD-001696,2025-09-21,Garage du Centre,FLT-019590,Filtre à air moteur,3,19.27
CMD-001696,2025-09-21,Garage Royal,SEN-031098,Capteur ABS,2,67.4
CMD-001696,2025-09-21,Garage du Centre,EXH-034377,Silencieux échappement,4,268.92
CMD-001697,2025-11-12,Auto-Réparation ABC,FUS-028100,Boîte fusibles relais,3,17.6
CMD-001697,2025-11-12,Mécanique Rapide Inc.,ALT-008600,Alternateur 12V 140A,3,411.15
CMD-001697,2025-11-12,Mécanique Rapide Inc.,ROT-018669,Disque de frein ventilé,5,124.93
CMD-001697,2025-11-12,Atelier Mécanique 360,FLT-031402,Filtre à air moteur,3,26.67
CMD-001697,2025-11-12,Centre Auto Plus,SEN-004309,Capteur ABS,2,41.19
CMD-001698,2025-09-26,Carrosserie Moderne,ROT-027668,Disque de frein ventilé,7,139.0
CMD-001698,2025-09-26,Garage Royal,ROT-006864,Disque de frein ventilé,3,105.15
CMD-001698,2025-09-26,Pneus & Mécanique Pro,RAD-042341,Radiateur refroidissement,7,227.46
CMD-001698,2025-09-26,Centre Auto Plus,FLT-040963,Filtre à air moteur,4,23.2
CMD-001699,2026-07-07,Auto Clinic,SPK-025943,Bougie allumage iridium,2,22.81
CMD-001699,2026-07-07,Centre Auto Plus,ALT-035530,Alternateur 12V 140A,7,238.74
CMD-001699,2026-07-07,Carrosserie Moderne,SEN-014947,Capteur ABS,8,51.13
CMD-001699,2026-07-07,Carrosserie Moderne,RAD-025491,Radiateur refroidissement,5,220.59
CMD-001700,2025-12-28,Pneus & Mécanique Pro,FUS-028100,Boîte fusibles relais,2,17.6
CMD-001700,2025-12-28,Pneus & Mécanique Pro,FLT-031402,Filtre à air moteur,6,26.67
CMD-001701,2026-06-15,Garage Royal,BMP-028097,Pare-chocs AV primaire,1,523.46
CMD-001701,2026-06-15,Auto-Réparation ABC,BRK-048251,Jeu plaquettes AV,4,89.61
CMD-001702,2025-10-18,Pneus & Mécanique Pro,SPK-003219,Bougie allumage iridium,1,16.07
CMD-001702,2025-10-18,Atelier Mécanique 360,BMP-028097,Pare-chocs AV primaire,2,523.46
CMD-001702,2025-10-18,Carrosserie Moderne,FLT-005484,Filtre à air moteur,7,34.9
CMD-001702,2025-10-18,Garage du Centre,ALT-025474,Alternateur 12V 140A,7,369.75
CMD-001702,2025-10-18,Mécanique Rapide Inc.,BRK-048251,Jeu plaquettes AV,5,89.61
CMD-001703,2026-07-29,Auto-Réparation ABC,SEN-045054,Capteur ABS,4,56.01
CMD-001704,2025-12-29,Auto-Réparation ABC,FUS-028100,Boîte fusibles relais,2,17.6
CMD-001705,2026-07-26,Pneus & Mécanique Pro,ALT-001778,Alternateur 12V 140A,3,242.99
CMD-001705,2026-07-26,Carrosserie Moderne,SEN-006021,Capteur ABS,4,31.48
CMD-001705,2026-07-26,Garage Royal,FUS-028100,Boîte fusibles relais,7,17.6
CMD-001705,2026-07-26,Garage Tremblay,BLB-020402,Ampoule LED H7,4,19.04
CMD-001706,2026-07-17,Centre Auto Plus,FUS-028100,Boîte fusibles relais,5,17.6
CMD-001706,2026-07-17,Garage du Centre,FLT-009287,Filtre à air moteur,5,36.05
CMD-001706,2026-07-17,Atelier Mécanique 360,ROT-018669,Disque de frein ventilé,8,124.93
CMD-001706,2026-07-17,Auto-Réparation ABC,ALT-008600,Alternateur 12V 140A,2,411.15
CMD-001707,2026-03-16,Auto Clinic,FUS-025154,Boîte fusibles relais,5,23.1
CMD-001707,2026-03-16,Garage du Centre,BMP-018500,Pare-chocs AV primaire,3,451.96
CMD-001707,2026-03-16,Atelier Mécanique 360,BRK-003031,Jeu plaquettes AV,3,102.24
CMD-001708,2025-12-13,Garage du Centre,FLT-040963,Filtre à air moteur,2,23.2
CMD-001708,2025-12-13,Mécanique Rapide Inc.,SEN-026048,Capteur ABS,2,61.18
CMD-001709,2025-12-20,Pneus & Mécanique Pro,BLB-037992,Ampoule LED H7,4,27.13
CMD-001709,2025-12-20,Auto-Réparation ABC,FLT-044878,Filtre à air moteur,1,36.42
CMD-001710,2026-04-09,Carrosserie Moderne,STR-023248,Jambe de force suspension,3,244.06
CMD-001710,2026-04-09,Garage Tremblay,BRK-008094,Jeu plaquettes AV,5,95.24
CMD-001710,2026-04-09,Auto Clinic,ALT-049926,Alternateur 12V 140A,3,306.59
CMD-001710,2026-04-09,Centre Auto Plus,FUS-028100,Boîte fusibles relais,2,17.6
CMD-001711,2026-06-25,Garage Royal,SPK-003219,Bougie allumage iridium,2,16.07
CMD-001711,2026-06-25,Garage du Centre,ALT-025474,Alternateur 12V 140A,1,369.75
CMD-001711,2026-06-25,Garage Tremblay,ROT-025009,Disque de frein ventilé,6,157.96
CMD-001712,2026-05-30,Carrosserie Moderne,EXH-033547,Silencieux échappement,1,322.76
CMD-001713,2026-05-03,Atelier Mécanique 360,ROT-038207,Disque de frein ventilé,2,92.77
CMD-001713,2026-05-03,Centre Auto Plus,ROT-021710,Disque de frein ventilé,5,128.69
CMD-001713,2026-05-03,Atelier Mécanique 360,ALT-011901,Alternateur 12V 140A,5,437.77
CMD-001713,2026-05-03,Auto-Réparation ABC,ALT-036394,Alternateur 12V 140A,8,433.19
CMD-001714,2025-10-18,Mécanique Rapide Inc.,FUS-037574,Boîte fusibles relais,1,22.82
CMD-001714,2025-10-18,Centre Auto Plus,SEN-045054,Capteur ABS,6,56.01
CMD-001714,2025-10-18,Pneus & Mécanique Pro,ROT-044210,Disque de frein ventilé,8,175.19
CMD-001714,2025-10-18,Atelier Mécanique 360,BLB-047201,Ampoule LED H7,6,28.87
CMD-001714,2025-10-18,Garage Royal,FLT-028324,Filtre à air moteur,3,18.75
CMD-001715,2026-04-14,Centre Auto Plus,ALT-006276,Alternateur 12V 140A,2,220.23
CMD-001715,2026-04-14,Atelier Mécanique 360,ALT-013448,Alternateur 12V 140A,5,388.21
CMD-001716,2026-03-07,Auto-Réparation ABC,FUS-000867,Boîte fusibles relais,4,12.79
CMD-001716,2026-03-07,Carrosserie Moderne,RAD-048210,Radiateur refroidissement,4,295.99
CMD-001717,2025-09-19,Atelier Mécanique 360,FLT-017708,Filtre à air moteur,4,29.61
CMD-001718,2026-01-15,Garage Royal,ROT-015403,Disque de frein ventilé,2,107.88
CMD-001718,2026-01-15,Mécanique Rapide Inc.,SPK-032001,Bougie allumage iridium,4,18.07
CMD-001719,2025-11-02,Mécanique Rapide Inc.,ROT-002797,Disque de frein ventilé,2,141.62
CMD-001719,2025-11-02,Carrosserie Moderne,ALT-013343,Alternateur 12V 140A,2,241.48
CMD-001719,2025-11-02,Carrosserie Moderne,BRK-035690,Jeu plaquettes AV,1,85.62
CMD-001720,2025-12-24,Auto-Réparation ABC,ROT-015403,Disque de frein ventilé,5,107.88
CMD-001720,2025-12-24,Carrosserie Moderne,SPK-031992,Bougie allumage iridium,5,20.18
CMD-001720,2025-12-24,Auto-Réparation ABC,ALT-007061,Alternateur 12V 140A,6,289.42
CMD-001721,2026-07-05,Garage Tremblay,RAD-008323,Radiateur refroidissement,7,225.29
CMD-001721,2026-07-05,Garage Royal,SPK-034162,Bougie allumage iridium,7,15.54
CMD-001721,2026-07-05,Garage Tremblay,ALT-035530,Alternateur 12V 140A,5,238.74
CMD-001721,2026-07-05,Auto Clinic,FUS-025154,Boîte fusibles relais,6,23.1
CMD-001721,2026-07-05,Pneus & Mécanique Pro,FUS-028100,Boîte fusibles relais,2,17.6
CMD-001722,2025-11-12,Garage Royal,SPK-043767,Bougie allumage iridium,2,15.6
CMD-001722,2025-11-12,Pneus & Mécanique Pro,BRK-048883,Jeu plaquettes AV,3,89.97
CMD-001722,2025-11-12,Carrosserie Moderne,FLT-042719,Filtre à air moteur,4,21.49
CMD-001723,2026-05-16,Garage du Centre,ROT-015403,Disque de frein ventilé,2,107.88
CMD-001724,2026-04-09,Centre Auto Plus,ROT-014558,Disque de frein ventilé,3,191.2
CMD-001725,2026-07-30,Garage Tremblay,ALT-001778,Alternateur 12V 140A,2,242.99
CMD-001725,2026-07-30,Garage Tremblay,FUS-021849,Boîte fusibles relais,3,14.18
CMD-001726,2025-10-06,Garage du Centre,EXH-049698,Silencieux échappement,2,345.09
CMD-001726,2025-10-06,Garage Royal,ALT-002471,Alternateur 12V 140A,1,269.92
CMD-001726,2025-10-06,Pneus & Mécanique Pro,FUS-025154,Boîte fusibles relais,7,23.1
CMD-001727,2026-07-03,Garage du Centre,BLB-037992,Ampoule LED H7,1,27.13
CMD-001727,2026-07-03,Garage du Centre,FLT-044878,Filtre à air moteur,2,36.42
CMD-001727,2026-07-03,Auto-Réparation ABC,ALT-035681,Alternateur 12V 140A,6,394.53
CMD-001727,2026-07-03,Auto-Réparation ABC,BRK-039296,Jeu plaquettes AV,1,70.01
CMD-001727,2026-07-03,Carrosserie Moderne,RAD-049573,Radiateur refroidissement,1,215.12
CMD-001728,2026-02-18,Auto-Réparation ABC,SEN-006586,Capteur ABS,3,39.57
CMD-001728,2026-02-18,Centre Auto Plus,ROT-017022,Disque de frein ventilé,6,145.87
CMD-001728,2026-02-18,Garage Royal,BRK-025898,Jeu plaquettes AV,1,75.12
CMD-001729,2026-01-10,Garage Tremblay,ALT-007061,Alternateur 12V 140A,4,289.42
CMD-001729,2026-01-10,Carrosserie Moderne,SPK-025943,Bougie allumage iridium,2,22.81
CMD-001729,2026-01-10,Centre Auto Plus,FLT-011683,Filtre à air moteur,6,37.71
CMD-001729,2026-01-10,Pneus & Mécanique Pro,FUS-025154,Boîte fusibles relais,3,23.1
CMD-001730,2026-03-04,Auto Clinic,ROT-015403,Disque de frein ventilé,4,107.88
CMD-001730,2026-03-04,Centre Auto Plus,ALT-007061,Alternateur 12V 140A,6,289.42
CMD-001730,2026-03-04,Carrosserie Moderne,EXH-007271,Silencieux échappement,8,390.56
CMD-001731,2026-05-15,Auto Clinic,SEN-015192,Capteur ABS,5,38.69
CMD-001731,2026-05-15,Garage du Centre,BRK-047004,Jeu plaquettes AV,7,91.9
CMD-001731,2026-05-15,Carrosserie Moderne,ROT-015403,Disque de frein ventilé,7,107.88
CMD-001731,2026-05-15,Auto Clinic,BRK-017720,Jeu plaquettes AV,2,85.77
CMD-001731,2026-05-15,Auto Clinic,BLB-037992,Ampoule LED H7,7,27.13
CMD-001732,2025-10-02,Centre Auto Plus,ROT-015403,Disque de frein ventilé,1,107.88
CMD-001733,2025-12-22,Auto Clinic,ROT-015403,Disque de frein ventilé,7,107.88
CMD-001733,2025-12-22,Carrosserie Moderne,FLT-026010,Filtre à air moteur,6,32.68
CMD-001733,2025-12-22,Auto Clinic,EXH-007271,Silencieux échappement,4,390.56
CMD-001733,2025-12-22,Garage Tremblay,ALT-007061,Alternateur 12V 140A,5,289.42
CMD-001733,2025-12-22,Garage du Centre,ROT-007220,Disque de frein ventilé,8,116.26
CMD-001734,2026-07-16,Garage Royal,ALT-043817,Alternateur 12V 140A,5,318.1
CMD-001734,2026-07-16,Atelier Mécanique 360,ROT-018008,Disque de frein ventilé,5,101.69
CMD-001734,2026-07-16,Garage Tremblay,BRK-009718,Jeu plaquettes AV,1,49.14
CMD-001735,2025-09-25,Garage Royal,FUS-028100,Boîte fusibles relais,2,17.6
CMD-001735,2025-09-25,Garage Royal,FLT-009287,Filtre à air moteur,1,36.05
CMD-001735,2025-09-25,Atelier Mécanique 360,SEN-004309,Capteur ABS,8,41.19
CMD-001735,2025-09-25,Atelier Mécanique 360,FLT-031402,Filtre à air moteur,7,26.67
CMD-001735,2025-09-25,Centre Auto Plus,ROT-018669,Disque de frein ventilé,6,124.93
CMD-001736,2026-08-01,Atelier Mécanique 360,BRK-036192,Jeu plaquettes AV,5,67.56
CMD-001736,2026-08-01,Auto-Réparation ABC,BRK-033340,Jeu plaquettes AV,4,62.87
CMD-001737,2026-02-22,Pneus & Mécanique Pro,FUS-039684,Boîte fusibles relais,2,14.91
CMD-001737,2026-02-22,Centre Auto Plus,SPK-047981,Bougie allumage iridium,4,24.04
CMD-001737,2026-02-22,Garage Royal,BRK-003411,Jeu plaquettes AV,4,78.75
CMD-001738,2026-06-24,Carrosserie Moderne,FUS-028100,Boîte fusibles relais,8,17.6
CMD-001738,2026-06-24,Mécanique Rapide Inc.,FLT-009287,Filtre à air moteur,2,36.05
CMD-001738,2026-06-24,Atelier Mécanique 360,ALT-008600,Alternateur 12V 140A,2,411.15
CMD-001739,2025-09-14,Pneus & Mécanique Pro,ROT-014289,Disque de frein ventilé,2,122.32
CMD-001739,2025-09-14,Pneus & Mécanique Pro,FUS-009657,Boîte fusibles relais,7,23.65
CMD-001740,2025-10-20,Centre Auto Plus,FUS-025154,Boîte fusibles relais,1,23.1
CMD-001740,2025-10-20,Atelier Mécanique 360,ROT-006864,Disque de frein ventilé,3,105.15
CMD-001740,2025-10-20,Garage Royal,ROT-015403,Disque de frein ventilé,4,107.88
CMD-001741,2026-07-11,Auto-Réparation ABC,FUS-028100,Boîte fusibles relais,7,17.6
CMD-001741,2026-07-11,Auto Clinic,SEN-004309,Capteur ABS,8,41.19
CMD-001741,2026-07-11,Carrosserie Moderne,FLT-009287,Filtre à air moteur,4,36.05
CMD-001742,2026-08-28,Carrosserie Moderne,ROT-015403,Disque de frein ventilé,1,107.88
CMD-001742,2026-08-28,Centre Auto Plus,FLT-026010,Filtre à air moteur,6,32.68
CMD-001742,2026-08-28,Garage Tremblay,ROT-007220,Disque de frein ventilé,8,116.26
CMD-001742,2026-08-28,Mécanique Rapide Inc.,ALT-007061,Alternateur 12V 140A,3,289.42
CMD-001742,2026-08-28,Pneus & Mécanique Pro,EXH-007271,Silencieux échappement,7,390.56
CMD-001743,2026-03-07,Atelier Mécanique 360,ROT-015403,Disque de frein ventilé,4,107.88
CMD-001744,2026-04-17,Auto Clinic,ROT-015403,Disque de frein ventilé,5,107.88
CMD-001744,2026-04-17,Auto Clinic,ALT-007061,Alternateur 12V 140A,3,289.42
CMD-001745,2026-06-10,Auto Clinic,SEN-045054,Capteur ABS,7,56.01
CMD-001745,2026-06-10,Auto-Réparation ABC,FLT-042719,Filtre à air moteur,1,21.49
CMD-001745,2026-06-10,Garage Tremblay,ROT-015403,Disque de frein ventilé,5,107.88
CMD-001745,2026-06-10,Garage Royal,SPK-003219,Bougie allumage iridium,7,16.07
CMD-001746,2025-09-17,Centre Auto Plus,ROT-015403,Disque de frein ventilé,7,107.88
CMD-001746,2025-09-17,Auto-Réparation ABC,FLT-026010,Filtre à air moteur,5,32.68
CMD-001746,2025-09-17,Garage du Centre,ALT-007061,Alternateur 12V 140A,6,289.42
CMD-001746,2025-09-17,Mécanique Rapide Inc.,ROT-007220,Disque de frein ventilé,2,116.26
CMD-001746,2025-09-17,Pneus & Mécanique Pro,SPK-031992,Bougie allumage iridium,4,20.18
CMD-001747,2026-07-16,Auto Clinic,BRK-005978,Jeu plaquettes AV,4,65.1
CMD-001747,2026-07-16,Carrosserie Moderne,BRK-033340,Jeu plaquettes AV,1,62.87
CMD-001747,2026-07-16,Garage Tremblay,ROT-015403,Disque de frein ventilé,7,107.88
CMD-001747,2026-07-16,Garage du Centre,ROT-031547,Disque de frein ventilé,8,189.51
CMD-001748,2026-08-02,Mécanique Rapide Inc.,SEN-013569,Capteur ABS,6,42.76
CMD-001748,2026-08-02,Pneus & Mécanique Pro,BRK-014503,Jeu plaquettes AV,7,88.03
CMD-001748,2026-08-02,Garage Royal,ROT-027668,Disque de frein ventilé,1,139.0
CMD-001749,2026-01-11,Garage Tremblay,ROT-015403,Disque de frein ventilé,6,107.88
CMD-001749,2026-01-11,Auto-Réparation ABC,EXH-007271,Silencieux échappement,5,390.56
CMD-001749,2026-01-11,Auto-Réparation ABC,ALT-007061,Alternateur 12V 140A,6,289.42
CMD-001750,2026-07-06,Garage Royal,ALT-002471,Alternateur 12V 140A,3,269.92
CMD-001750,2026-07-06,Mécanique Rapide Inc.,FUS-028100,Boîte fusibles relais,6,17.6
CMD-001750,2026-07-06,Carrosserie Moderne,STR-026554,Jambe de force suspension,2,124.06
CMD-001750,2026-07-06,Garage Royal,ROT-015403,Disque de frein ventilé,5,107.88
CMD-001751,2026-03-08,Garage du Centre,ROT-015403,Disque de frein ventilé,5,107.88
CMD-001751,2026-03-08,Atelier Mécanique 360,EXH-007271,Silencieux échappement,6,390.56
CMD-001751,2026-03-08,Auto Clinic,SPK-031992,Bougie allumage iridium,3,20.18
CMD-001752,2026-02-09,Auto-Réparation ABC,BLB-007509,Ampoule LED H7,8,34.03
CMD-001752,2026-02-09,Garage Tremblay,SPK-032001,Bougie allumage iridium,5,18.07
CMD-001753,2025-12-25,Pneus & Mécanique Pro,FLT-011683,Filtre à air moteur,7,37.71
CMD-001754,2026-04-04,Carrosserie Moderne,ALT-001778,Alternateur 12V 140A,5,242.99
CMD-001755,2026-08-14,Auto Clinic,BRK-047004,Jeu plaquettes AV,1,91.9
CMD-001755,2026-08-14,Garage Royal,ALT-001778,Alternateur 12V 140A,1,242.99
CMD-001756,2026-04-28,Carrosserie Moderne,ROT-015403,Disque de frein ventilé,3,107.88
CMD-001756,2026-04-28,Mécanique Rapide Inc.,EXH-007271,Silencieux échappement,3,390.56
CMD-001757,2026-04-05,Garage Tremblay,FLT-011683,Filtre à air moteur,8,37.71
CMD-001757,2026-04-05,Garage du Centre,FUS-041719,Boîte fusibles relais,6,14.8
CMD-001757,2026-04-05,Garage Royal,BRK-032885,Jeu plaquettes AV,8,54.07
CMD-001757,2026-04-05,Auto Clinic,BRK-043609,Jeu plaquettes AV,5,47.15
CMD-001757,2026-04-05,Garage du Centre,ALT-040335,Alternateur 12V 140A,2,368.08
CMD-001758,2026-07-07,Garage du Centre,SPK-003219,Bougie allumage iridium,6,16.07
CMD-001758,2026-07-07,Mécanique Rapide Inc.,ROT-015403,Disque de frein ventilé,1,107.88
CMD-001758,2026-07-07,Centre Auto Plus,SEN-015192,Capteur ABS,1,38.69
CMD-001759,2025-10-13,Auto-Réparation ABC,ROT-015403,Disque de frein ventilé,2,107.88
CMD-001759,2025-10-13,Pneus & Mécanique Pro,SEN-006021,Capteur ABS,4,31.48
CMD-001759,2025-10-13,Garage Tremblay,ALT-001778,Alternateur 12V 140A,6,242.99
CMD-001759,2025-10-13,Garage Tremblay,FUS-028100,Boîte fusibles relais,5,17.6
CMD-001759,2025-10-13,Mécanique Rapide Inc.,EXH-034377,Silencieux échappement,2,268.92
CMD-001760,2026-08-27,Centre Auto Plus,FLT-017708,Filtre à air moteur,6,29.61
CMD-001760,2026-08-27,Auto Clinic,RAD-011310,Radiateur refroidissement,2,240.6
CMD-001761,2026-07-07,Garage Tremblay,ROT-015403,Disque de frein ventilé,4,107.88
CMD-001761,2026-07-07,Garage Royal,FLT-026010,Filtre à air moteur,8,32.68
CMD-001761,2026-07-07,Mécanique Rapide Inc.,ROT-007220,Disque de frein ventilé,7,116.26
CMD-001762,2026-03-30,Pneus & Mécanique Pro,ROT-015403,Disque de frein ventilé,5,107.88
CMD-001762,2026-03-30,Carrosserie Moderne,SPK-031992,Bougie allumage iridium,8,20.18
CMD-001762,2026-03-30,Garage Royal,ROT-007220,Disque de frein ventilé,3,116.26
CMD-001762,2026-03-30,Mécanique Rapide Inc.,ALT-007061,Alternateur 12V 140A,3,289.42
CMD-001762,2026-03-30,Garage Tremblay,EXH-007271,Silencieux échappement,4,390.56
CMD-001763,2026-06-03,Pneus & Mécanique Pro,ROT-015403,Disque de frein ventilé,1,107.88
CMD-001763,2026-06-03,Garage Royal,SPK-031992,Bougie allumage iridium,3,20.18
CMD-001764,2026-01-13,Mécanique Rapide Inc.,ROT-015403,Disque de frein ventilé,4,107.88
CMD-001764,2026-01-13,Atelier Mécanique 360,FLT-042719,Filtre à air moteur,3,21.49
CMD-001764,2026-01-13,Auto-Réparation ABC,ROT-006864,Disque de frein ventilé,7,105.15
CMD-001764,2026-01-13,Auto-Réparation ABC,FUS-037574,Boîte fusibles relais,6,22.82
CMD-001765,2026-03-06,Carrosserie Moderne,ROT-015403,Disque de frein ventilé,4,107.88
CMD-001765,2026-03-06,Centre Auto Plus,ALT-007061,Alternateur 12V 140A,6,289.42
CMD-001765,2026-03-06,Auto-Réparation ABC,EXH-007271,Silencieux échappement,7,390.56
CMD-001765,2026-03-06,Pneus & Mécanique Pro,ROT-007220,Disque de frein ventilé,7,116.26
CMD-001765,2026-03-06,Pneus & Mécanique Pro,SPK-031992,Bougie allumage iridium,1,20.18
CMD-001766,2026-08-18,Carrosserie Moderne,BLB-037992,Ampoule LED H7,8,27.13
CMD-001766,2026-08-18,Garage Tremblay,RAD-049573,Radiateur refroidissement,6,215.12
CMD-001767,2026-08-15,Garage Tremblay,FUS-028100,Boîte fusibles relais,6,17.6
CMD-001767,2026-08-15,Garage du Centre,ALT-008600,Alternateur 12V 140A,6,411.15
CMD-001768,2026-04-11,Atelier Mécanique 360,ROT-015403,Disque de frein ventilé,6,107.88
CMD-001768,2026-04-11,Mécanique Rapide Inc.,EXH-007271,Silencieux échappement,2,390.56
CMD-001768,2026-04-11,Centre Auto Plus,FLT-026010,Filtre à air moteur,7,32.68
CMD-001768,2026-04-11,Auto Clinic,SPK-031992,Bougie allumage iridium,4,20.18
CMD-001769,2025-12-31,Carrosserie Moderne,BRK-017720,Jeu plaquettes AV,5,85.77
CMD-001770,2026-04-04,Atelier Mécanique 360,BRK-047004,Jeu plaquettes AV,8,91.9
CMD-001770,2026-04-04,Pneus & Mécanique Pro,ROT-015403,Disque de frein ventilé,8,107.88
CMD-001771,2025-09-08,Garage Royal,BRK-000665,Jeu plaquettes AV,5,57.77
CMD-001772,2026-04-16,Atelier Mécanique 360,FUS-025154,Boîte fusibles relais,3,23.1
CMD-001773,2025-09-23,Pneus & Mécanique Pro,FUS-036362,Boîte fusibles relais,8,20.34
CMD-001773,2025-09-23,Garage Tremblay,ROT-037875,Disque de frein ventilé,2,177.18
CMD-001774,2025-12-14,Mécanique Rapide Inc.,ROT-015403,Disque de frein ventilé,7,107.88
CMD-001774,2025-12-14,Pneus & Mécanique Pro,FLT-026010,Filtre à air moteur,2,32.68
CMD-001774,2025-12-14,Carrosserie Moderne,EXH-007271,Silencieux échappement,3,390.56
CMD-001775,2025-12-06,Garage Tremblay,FUS-025154,Boîte fusibles relais,1,23.1
CMD-001775,2025-12-06,Garage Tremblay,EXH-049698,Silencieux échappement,8,345.09
CMD-001775,2025-12-06,Carrosserie Moderne,RAD-011217,Radiateur refroidissement,5,217.88
CMD-001775,2025-12-06,Mécanique Rapide Inc.,ALT-002471,Alternateur 12V 140A,5,269.92
CMD-001776,2026-06-03,Garage Royal,FUS-037574,Boîte fusibles relais,6,22.82
CMD-001776,2026-06-03,Auto Clinic,FUS-027893,Boîte fusibles relais,4,20.0
CMD-001776,2026-06-03,Auto Clinic,ROT-044210,Disque de frein ventilé,4,175.19
CMD-001777,2026-08-29,Atelier Mécanique 360,ROT-015403,Disque de frein ventilé,2,107.88
CMD-001777,2026-08-29,Garage Royal,EXH-007271,Silencieux échappement,3,390.56
CMD-001777,2026-08-29,Garage Tremblay,ALT-007061,Alternateur 12V 140A,7,289.42
CMD-001777,2026-08-29,Auto Clinic,SPK-031992,Bougie allumage iridium,1,20.18
CMD-001778,2026-05-31,Mécanique Rapide Inc.,ROT-015403,Disque de frein ventilé,5,107.88
CMD-001778,2026-05-31,Auto-Réparation ABC,EXH-007271,Silencieux échappement,7,390.56
CMD-001779,2026-03-09,Auto-Réparation ABC,ALT-037590,Alternateur 12V 140A,1,461.54
CMD-001779,2026-03-09,Pneus & Mécanique Pro,BLB-007509,Ampoule LED H7,6,34.03
CMD-001779,2026-03-09,Pneus & Mécanique Pro,FLT-011683,Filtre à air moteur,6,37.71
CMD-001779,2026-03-09,Garage Royal,BMP-037287,Pare-chocs AV primaire,8,323.55
CMD-001779,2026-03-09,Atelier Mécanique 360,ROT-015403,Disque de frein ventilé,6,107.88
CMD-001780,2026-05-27,Auto Clinic,FUS-028100,Boîte fusibles relais,8,17.6
CMD-001780,2026-05-27,Garage Royal,SEN-004309,Capteur ABS,8,41.19
CMD-001780,2026-05-27,Carrosserie Moderne,FLT-031402,Filtre à air moteur,1,26.67
CMD-001780,2026-05-27,Garage Tremblay,ALT-008600,Alternateur 12V 140A,8,411.15
CMD-001780,2026-05-27,Atelier Mécanique 360,FLT-009287,Filtre à air moteur,2,36.05
CMD-001781,2026-07-01,Pneus & Mécanique Pro,ALT-049278,Alternateur 12V 140A,8,423.05
CMD-001781,2026-07-01,Pneus & Mécanique Pro,ALT-036410,Alternateur 12V 140A,7,244.03
CMD-001781,2026-07-01,Mécanique Rapide Inc.,SEN-049426,Capteur ABS,2,58.54
CMD-001782,2025-11-13,Centre Auto Plus,ROT-015403,Disque de frein ventilé,4,107.88
CMD-001782,2025-11-13,Garage Tremblay,SPK-031992,Bougie allumage iridium,3,20.18
CMD-001782,2025-11-13,Atelier Mécanique 360,ALT-007061,Alternateur 12V 140A,4,289.42
CMD-001782,2025-11-13,Auto-Réparation ABC,EXH-007271,Silencieux échappement,7,390.56
CMD-001782,2025-11-13,Garage Royal,ROT-007220,Disque de frein ventilé,3,116.26
CMD-001783,2025-12-06,Auto Clinic,ROT-021710,Disque de frein ventilé,5,128.69
CMD-001783,2025-12-06,Auto-Réparation ABC,FLT-043239,Filtre à air moteur,4,27.52
CMD-001783,2025-12-06,Garage du Centre,FUS-025154,Boîte fusibles relais,6,23.1
CMD-001783,2025-12-06,Garage du Centre,ROT-015403,Disque de frein ventilé,3,107.88
CMD-001784,2026-05-28,Garage Tremblay,ROT-015403,Disque de frein ventilé,4,107.88
CMD-001784,2026-05-28,Auto-Réparation ABC,FLT-011683,Filtre à air moteur,5,37.71
CMD-001785,2026-02-18,Centre Auto Plus,FUS-025154,Boîte fusibles relais,8,23.1
CMD-001785,2026-02-18,Garage Tremblay,RAD-035768,Radiateur refroidissement,5,177.87
CMD-001785,2026-02-18,Garage du Centre,BRK-020584,Jeu plaquettes AV,1,57.06
CMD-001786,2026-01-28,Carrosserie Moderne,BRK-036192,Jeu plaquettes AV,2,67.56
CMD-001787,2026-06-05,Garage Tremblay,SPK-047981,Bougie allumage iridium,8,24.04
CMD-001787,2026-06-05,Garage Tremblay,ROT-015403,Disque de frein ventilé,6,107.88
CMD-001787,2026-06-05,Auto-Réparation ABC,BLB-043006,Ampoule LED H7,2,29.61
CMD-001788,2026-05-01,Auto-Réparation ABC,BRK-017720,Jeu plaquettes AV,7,85.77
CMD-001788,2026-05-01,Auto Clinic,FLT-040963,Filtre à air moteur,2,23.2
CMD-001788,2026-05-01,Mécanique Rapide Inc.,RAD-049573,Radiateur refroidissement,5,215.12
CMD-001788,2026-05-01,Auto Clinic,ROT-034722,Disque de frein ventilé,8,168.29
CMD-001788,2026-05-01,Garage Royal,BLB-037992,Ampoule LED H7,4,27.13
CMD-001789,2026-01-27,Atelier Mécanique 360,SEN-013569,Capteur ABS,8,42.76
CMD-001790,2026-06-29,Centre Auto Plus,BRK-006205,Jeu plaquettes AV,1,53.37
CMD-001790,2026-06-29,Garage du Centre,SEN-046955,Capteur ABS,1,35.73
CMD-001790,2026-06-29,Atelier Mécanique 360,ROT-034002,Disque de frein ventilé,7,177.99
CMD-001790,2026-06-29,Garage Royal,ALT-037590,Alternateur 12V 140A,6,461.54
CMD-001790,2026-06-29,Atelier Mécanique 360,BRK-037405,Jeu plaquettes AV,5,45.88
CMD-001791,2026-09-03,Auto-Réparation ABC,SEN-013569,Capteur ABS,8,42.76
CMD-001791,2026-09-03,Mécanique Rapide Inc.,ROT-006864,Disque de frein ventilé,5,105.15
CMD-001792,2025-12-19,Carrosserie Moderne,ROT-015403,Disque de frein ventilé,4,107.88
CMD-001792,2025-12-19,Carrosserie Moderne,SPK-031992,Bougie allumage iridium,1,20.18
CMD-001792,2025-12-19,Garage du Centre,FLT-026010,Filtre à air moteur,5,32.68
CMD-001792,2025-12-19,Garage Royal,EXH-007271,Silencieux échappement,8,390.56
CMD-001792,2025-12-19,Atelier Mécanique 360,ROT-007220,Disque de frein ventilé,1,116.26
CMD-001793,2026-02-06,Centre Auto Plus,ALT-001778,Alternateur 12V 140A,7,242.99
CMD-001793,2026-02-06,Atelier Mécanique 360,SEN-002690,Capteur ABS,6,49.02
CMD-001793,2026-02-06,Auto Clinic,FUS-019025,Boîte fusibles relais,6,16.14
CMD-001793,2026-02-06,Garage Royal,BMP-048102,Pare-chocs AV primaire,6,212.63
CMD-001793,2026-02-06,Carrosserie Moderne,BRK-013237,Jeu plaquettes AV,6,53.16
CMD-001794,2026-01-25,Centre Auto Plus,BRK-048251,Jeu plaquettes AV,1,89.61
CMD-001794,2026-01-25,Carrosserie Moderne,ROT-025009,Disque de frein ventilé,7,157.96
CMD-001794,2026-01-25,Mécanique Rapide Inc.,FLT-005484,Filtre à air moteur,4,34.9
CMD-001794,2026-01-25,Garage du Centre,SPK-003219,Bougie allumage iridium,8,16.07
CMD-001795,2026-05-11,Mécanique Rapide Inc.,ROT-015403,Disque de frein ventilé,4,107.88
CMD-001795,2026-05-11,Pneus & Mécanique Pro,EXH-034377,Silencieux échappement,6,268.92
CMD-001795,2026-05-11,Auto-Réparation ABC,SPK-032001,Bougie allumage iridium,6,18.07
CMD-001795,2026-05-11,Garage Tremblay,ALT-001778,Alternateur 12V 140A,7,242.99
CMD-001796,2025-12-21,Mécanique Rapide Inc.,ROT-015403,Disque de frein ventilé,7,107.88
CMD-001796,2025-12-21,Auto-Réparation ABC,SEN-034457,Capteur ABS,2,50.82
CMD-001796,2025-12-21,Pneus & Mécanique Pro,ALT-001778,Alternateur 12V 140A,4,242.99
CMD-001796,2025-12-21,Garage Tremblay,FUS-025154,Boîte fusibles relais,7,23.1
CMD-001796,2025-12-21,Centre Auto Plus,BRK-044381,Jeu plaquettes AV,2,48.66
CMD-001797,2025-09-15,Auto-Réparation ABC,FUS-028100,Boîte fusibles relais,1,17.6
CMD-001797,2025-09-15,Atelier Mécanique 360,BRK-005978,Jeu plaquettes AV,5,65.1
CMD-001797,2025-09-15,Garage du Centre,ROT-015403,Disque de frein ventilé,7,107.88
CMD-001797,2025-09-15,Carrosserie Moderne,EXH-049698,Silencieux échappement,1,345.09
CMD-001797,2025-09-15,Garage du Centre,BRK-048251,Jeu plaquettes AV,7,89.61
CMD-001798,2026-02-09,Pneus & Mécanique Pro,BRK-038495,Jeu plaquettes AV,8,72.46
CMD-001798,2026-02-09,Pneus & Mécanique Pro,ROT-015403,Disque de frein ventilé,1,107.88
CMD-001799,2025-09-11,Auto Clinic,BLB-034578,Ampoule LED H7,1,41.92
CMD-001799,2025-09-11,Garage Tremblay,ROT-001359,Disque de frein ventilé,3,180.58
CMD-001800,2026-02-09,Auto-Réparation ABC,FUS-028100,Boîte fusibles relais,1,17.6
CMD-001800,2026-02-09,Auto Clinic,EXH-049698,Silencieux échappement,8,345.09
CMD-001800,2026-02-09,Centre Auto Plus,ROT-015403,Disque de frein ventilé,5,107.88
CMD-001800,2026-02-09,Garage Tremblay,BLB-037992,Ampoule LED H7,8,27.13
CMD-001800,2026-02-09,Pneus & Mécanique Pro,ALT-033658,Alternateur 12V 140A,1,254.43
CMD-001801,2026-02-23,Garage Royal,ALT-001778,Alternateur 12V 140A,4,242.99
CMD-001801,2026-02-23,Pneus & Mécanique Pro,BRK-017720,Jeu plaquettes AV,1,85.77
CMD-001801,2026-02-23,Garage Royal,STR-023248,Jambe de force suspension,3,244.06
CMD-001801,2026-02-23,Garage Tremblay,ROT-015403,Disque de frein ventilé,5,107.88
CMD-001802,2025-09-08,Garage Tremblay,FLT-034378,Filtre à air moteur,8,20.46
CMD-001802,2025-09-08,Auto-Réparation ABC,FLT-042719,Filtre à air moteur,2,21.49
CMD-001802,2025-09-08,Garage Royal,EXH-002023,Silencieux échappement,6,218.66
CMD-001803,2026-05-05,Carrosserie Moderne,ROT-015403,Disque de frein ventilé,3,107.88
CMD-001803,2026-05-05,Auto Clinic,BRK-043609,Jeu plaquettes AV,7,47.15
CMD-001803,2026-05-05,Atelier Mécanique 360,FLT-026010,Filtre à air moteur,6,32.68
CMD-001803,2026-05-05,Atelier Mécanique 360,FUS-028100,Boîte fusibles relais,7,17.6
CMD-001803,2026-05-05,Auto-Réparation ABC,ROT-017022,Disque de frein ventilé,8,145.87
CMD-001804,2026-08-17,Garage du Centre,ROT-015403,Disque de frein ventilé,3,107.88
CMD-001804,2026-08-17,Mécanique Rapide Inc.,BRK-005978,Jeu plaquettes AV,1,65.1
CMD-001804,2026-08-17,Carrosserie Moderne,ROT-006864,Disque de frein ventilé,2,105.15
CMD-001804,2026-08-17,Garage Tremblay,BRK-017720,Jeu plaquettes AV,8,85.77
CMD-001805,2026-03-03,Garage du Centre,ROT-015403,Disque de frein ventilé,1,107.88
CMD-001805,2026-03-03,Auto Clinic,ROT-007220,Disque de frein ventilé,3,116.26
CMD-001805,2026-03-03,Auto Clinic,EXH-007271,Silencieux échappement,6,390.56
CMD-001805,2026-03-03,Auto-Réparation ABC,SPK-031992,Bougie allumage iridium,2,20.18
CMD-001805,2026-03-03,Auto Clinic,FLT-026010,Filtre à air moteur,7,32.68
CMD-001806,2026-05-25,Garage Royal,ALT-036410,Alternateur 12V 140A,8,244.03
CMD-001806,2026-05-25,Pneus & Mécanique Pro,FUS-005948,Boîte fusibles relais,3,21.5
CMD-001806,2026-05-25,Atelier Mécanique 360,BMP-028097,Pare-chocs AV primaire,2,523.46
CMD-001807,2026-02-14,Garage du Centre,ROT-006864,Disque de frein ventilé,6,105.15
CMD-001807,2026-02-14,Centre Auto Plus,BRK-003411,Jeu plaquettes AV,8,78.75
CMD-001808,2026-06-01,Auto Clinic,BRK-017720,Jeu plaquettes AV,2,85.77
CMD-001808,2026-06-01,Pneus & Mécanique Pro,BRK-038699,Jeu plaquettes AV,3,92.39
CMD-001808,2026-06-01,Carrosserie Moderne,SPK-043295,Bougie allumage iridium,8,13.79
CMD-001808,2026-06-01,Centre Auto Plus,SEN-033632,Capteur ABS,7,68.9
CMD-001808,2026-06-01,Carrosserie Moderne,ALT-015059,Alternateur 12V 140A,6,396.5
CMD-001809,2026-07-07,Pneus & Mécanique Pro,SEN-006021,Capteur ABS,6,31.48
CMD-001810,2025-12-29,Garage Royal,ROT-015403,Disque de frein ventilé,1,107.88
CMD-001810,2025-12-29,Garage Tremblay,ROT-007220,Disque de frein ventilé,3,116.26
CMD-001810,2025-12-29,Garage Tremblay,ALT-007061,Alternateur 12V 140A,4,289.42
CMD-001810,2025-12-29,Pneus & Mécanique Pro,SPK-031992,Bougie allumage iridium,7,20.18
CMD-001811,2026-02-17,Garage du Centre,SPK-003219,Bougie allumage iridium,6,16.07
CMD-001811,2026-02-17,Atelier Mécanique 360,SEN-006021,Capteur ABS,3,31.48
CMD-001811,2026-02-17,Garage du Centre,FUS-019025,Boîte fusibles relais,6,16.14
CMD-001811,2026-02-17,Atelier Mécanique 360,ROT-015403,Disque de frein ventilé,3,107.88
CMD-001812,2025-10-06,Auto Clinic,FUS-000867,Boîte fusibles relais,8,12.79
CMD-001812,2025-10-06,Centre Auto Plus,SPK-034162,Bougie allumage iridium,2,15.54
CMD-001812,2025-10-06,Auto Clinic,FLT-017708,Filtre à air moteur,2,29.61
CMD-001812,2025-10-06,Atelier Mécanique 360,RAD-048210,Radiateur refroidissement,1,295.99
CMD-001813,2026-02-09,Mécanique Rapide Inc.,ROT-015403,Disque de frein ventilé,7,107.88
CMD-001813,2026-02-09,Garage Tremblay,SEN-015192,Capteur ABS,3,38.69
CMD-001813,2026-02-09,Garage Royal,FLT-042228,Filtre à air moteur,7,38.95
CMD-001814,2026-08-18,Pneus & Mécanique Pro,FLT-010048,Filtre à air moteur,8,32.49
CMD-001814,2026-08-18,Carrosserie Moderne,BMP-031963,Pare-chocs AV primaire,7,274.27
CMD-001814,2026-08-18,Auto-Réparation ABC,FLT-026629,Filtre à air moteur,4,21.34
CMD-001815,2026-01-05,Garage Tremblay,FLT-011683,Filtre à air moteur,6,37.71
CMD-001815,2026-01-05,Mécanique Rapide Inc.,ALT-040335,Alternateur 12V 140A,5,368.08
CMD-001815,2026-01-05,Garage du Centre,BRK-032885,Jeu plaquettes AV,6,54.07
CMD-001816,2026-05-01,Auto Clinic,ROT-015403,Disque de frein ventilé,4,107.88
CMD-001817,2026-05-10,Garage Royal,SEN-006021,Capteur ABS,3,31.48
CMD-001818,2026-09-05,Auto-Réparation ABC,ROT-015403,Disque de frein ventilé,1,107.88
CMD-001819,2026-08-10,Auto-Réparation ABC,FLT-026010,Filtre à air moteur,5,32.68
CMD-001819,2026-08-10,Garage Royal,EXH-007271,Silencieux échappement,8,390.56
CMD-001819,2026-08-10,Garage Tremblay,ALT-007061,Alternateur 12V 140A,8,289.42
CMD-001820,2026-03-23,Auto-Réparation ABC,ROT-015403,Disque de frein ventilé,6,107.88
CMD-001821,2026-05-05,Carrosserie Moderne,FUS-025154,Boîte fusibles relais,1,23.1
CMD-001821,2026-05-05,Carrosserie Moderne,ALT-002471,Alternateur 12V 140A,2,269.92
CMD-001821,2026-05-05,Mécanique Rapide Inc.,RAD-035768,Radiateur refroidissement,7,177.87
CMD-001821,2026-05-05,Auto Clinic,EXH-049698,Silencieux échappement,7,345.09
CMD-001822,2025-12-14,Pneus & Mécanique Pro,FUS-028100,Boîte fusibles relais,7,17.6
CMD-001822,2025-12-14,Auto-Réparation ABC,SEN-004309,Capteur ABS,8,41.19
CMD-001822,2025-12-14,Garage du Centre,ALT-008600,Alternateur 12V 140A,6,411.15
CMD-001823,2026-06-11,Pneus & Mécanique Pro,ALT-001778,Alternateur 12V 140A,2,242.99
CMD-001823,2026-06-11,Mécanique Rapide Inc.,FUS-019025,Boîte fusibles relais,3,16.14
CMD-001823,2026-06-11,Centre Auto Plus,SEN-002690,Capteur ABS,3,49.02
CMD-001823,2026-06-11,Centre Auto Plus,ALT-007205,Alternateur 12V 140A,4,250.82
CMD-001824,2026-06-09,Garage Royal,ROT-002797,Disque de frein ventilé,2,141.62
CMD-001824,2026-06-09,Garage du Centre,BRK-035690,Jeu plaquettes AV,1,85.62
CMD-001825,2026-09-03,Auto-Réparation ABC,FUS-025154,Boîte fusibles relais,7,23.1
CMD-001825,2026-09-03,Garage du Centre,ALT-002471,Alternateur 12V 140A,8,269.92
CMD-001825,2026-09-03,Mécanique Rapide Inc.,EXH-049698,Silencieux échappement,4,345.09
CMD-001825,2026-09-03,Garage Royal,RAD-035768,Radiateur refroidissement,3,177.87
CMD-001825,2026-09-03,Pneus & Mécanique Pro,BRK-020584,Jeu plaquettes AV,8,57.06
CMD-001826,2026-04-15,Pneus & Mécanique Pro,BRK-005234,Jeu plaquettes AV,3,96.79
CMD-001826,2026-04-15,Garage Tremblay,SPK-047981,Bougie allumage iridium,2,24.04
CMD-001826,2026-04-15,Centre Auto Plus,FUS-028100,Boîte fusibles relais,6,17.6
CMD-001826,2026-04-15,Centre Auto Plus,FLT-017708,Filtre à air moteur,4,29.61
CMD-001827,2025-11-07,Garage du Centre,SPK-043767,Bougie allumage iridium,5,15.6
CMD-001827,2025-11-07,Garage du Centre,BLB-037992,Ampoule LED H7,1,27.13
CMD-001827,2025-11-07,Pneus & Mécanique Pro,FUS-026474,Boîte fusibles relais,6,18.89
CMD-001827,2025-11-07,Garage Royal,FUS-028100,Boîte fusibles relais,6,17.6
CMD-001827,2025-11-07,Garage Tremblay,ALT-038546,Alternateur 12V 140A,2,350.51
CMD-001828,2026-01-09,Centre Auto Plus,FLT-042228,Filtre à air moteur,2,38.95
CMD-001828,2026-01-09,Carrosserie Moderne,FLT-001618,Filtre à air moteur,6,29.58
CMD-001828,2026-01-09,Pneus & Mécanique Pro,SPK-037015,Bougie allumage iridium,8,18.73
CMD-001829,2026-07-04,Auto Clinic,FUS-028100,Boîte fusibles relais,6,17.6
CMD-001829,2026-07-04,Centre Auto Plus,ROT-015403,Disque de frein ventilé,8,107.88
CMD-001830,2026-03-03,Auto-Réparation ABC,FUS-026474,Boîte fusibles relais,7,18.89
CMD-001830,2026-03-03,Auto-Réparation ABC,SEN-038683,Capteur ABS,8,70.76
CMD-001831,2026-07-25,Auto-Réparation ABC,FUS-005948,Boîte fusibles relais,5,21.5
CMD-001831,2026-07-25,Garage Royal,FLT-043239,Filtre à air moteur,5,27.52
CMD-001831,2026-07-25,Atelier Mécanique 360,FUS-040638,Boîte fusibles relais,6,8.95
CMD-001831,2026-07-25,Carrosserie Moderne,SPK-044783,Bougie allumage iridium,3,24.23
CMD-001831,2026-07-25,Mécanique Rapide Inc.,SPK-042345,Bougie allumage iridium,4,19.89
CMD-001832,2026-03-12,Auto Clinic,BRK-040876,Jeu plaquettes AV,6,77.0
CMD-001833,2026-04-06,Garage Tremblay,ROT-006864,Disque de frein ventilé,2,105.15
CMD-001833,2026-04-06,Mécanique Rapide Inc.,RAD-008323,Radiateur refroidissement,8,225.29
CMD-001833,2026-04-06,Garage Tremblay,FLT-022405,Filtre à air moteur,2,24.33
CMD-001834,2025-09-19,Garage Tremblay,ROT-015403,Disque de frein ventilé,6,107.88
CMD-001835,2025-11-04,Garage du Centre,ROT-015403,Disque de frein ventilé,5,107.88
CMD-001835,2025-11-04,Carrosserie Moderne,FUS-028100,Boîte fusibles relais,5,17.6
CMD-001835,2025-11-04,Carrosserie Moderne,BRK-047004,Jeu plaquettes AV,7,91.9
CMD-001836,2026-01-02,Auto-Réparation ABC,FUS-037574,Boîte fusibles relais,4,22.82
CMD-001836,2026-01-02,Auto-Réparation ABC,FUS-027893,Boîte fusibles relais,3,20.0
CMD-001837,2026-02-18,Garage Tremblay,ROT-015403,Disque de frein ventilé,7,107.88
CMD-001837,2026-02-18,Garage Royal,FLT-026010,Filtre à air moteur,5,32.68
CMD-001837,2026-02-18,Pneus & Mécanique Pro,ROT-007220,Disque de frein ventilé,4,116.26
CMD-001837,2026-02-18,Garage Tremblay,SPK-031992,Bougie allumage iridium,7,20.18
CMD-001838,2026-01-14,Garage Tremblay,FLT-011683,Filtre à air moteur,2,37.71
CMD-001838,2026-01-14,Garage du Centre,FUS-037574,Boîte fusibles relais,4,22.82
CMD-001838,2026-01-14,Garage du Centre,RAD-025491,Radiateur refroidissement,1,220.59
CMD-001838,2026-01-14,Garage Royal,STR-023248,Jambe de force suspension,5,244.06
CMD-001839,2026-04-18,Mécanique Rapide Inc.,FUS-028100,Boîte fusibles relais,1,17.6
CMD-001839,2026-04-18,Pneus & Mécanique Pro,SEN-004309,Capteur ABS,6,41.19
CMD-001839,2026-04-18,Garage Tremblay,FLT-031402,Filtre à air moteur,5,26.67
CMD-001840,2026-04-12,Garage du Centre,FUS-028100,Boîte fusibles relais,8,17.6
CMD-001840,2026-04-12,Pneus & Mécanique Pro,ALT-001778,Alternateur 12V 140A,6,242.99
CMD-001840,2026-04-12,Pneus & Mécanique Pro,ROT-015403,Disque de frein ventilé,2,107.88
CMD-001840,2026-04-12,Garage Tremblay,FLT-040963,Filtre à air moteur,8,23.2
CMD-001840,2026-04-12,Garage du Centre,FUS-037574,Boîte fusibles relais,1,22.82
CMD-001841,2026-04-05,Auto Clinic,BLB-037992,Ampoule LED H7,2,27.13
CMD-001841,2026-04-05,Centre Auto Plus,RAD-049573,Radiateur refroidissement,7,215.12
CMD-001841,2026-04-05,Garage du Centre,FLT-044878,Filtre à air moteur,6,36.42
CMD-001841,2026-04-05,Garage Tremblay,STR-047020,Jambe de force suspension,6,143.22
CMD-001841,2026-04-05,Garage Tremblay,ALT-035681,Alternateur 12V 140A,8,394.53
CMD-001842,2025-11-17,Atelier Mécanique 360,ALT-001778,Alternateur 12V 140A,4,242.99
CMD-001842,2025-11-17,Garage Royal,BRK-013237,Jeu plaquettes AV,6,53.16
CMD-001842,2025-11-17,Pneus & Mécanique Pro,ALT-007205,Alternateur 12V 140A,3,250.82
CMD-001842,2025-11-17,Garage Tremblay,FUS-019025,Boîte fusibles relais,3,16.14
CMD-001843,2026-08-12,Pneus & Mécanique Pro,FUS-028100,Boîte fusibles relais,3,17.6
CMD-001843,2026-08-12,Atelier Mécanique 360,ROT-018669,Disque de frein ventilé,1,124.93
CMD-001843,2026-08-12,Auto-Réparation ABC,FLT-031402,Filtre à air moteur,2,26.67
CMD-001843,2026-08-12,Centre Auto Plus,ALT-008600,Alternateur 12V 140A,7,411.15
CMD-001843,2026-08-12,Centre Auto Plus,SEN-004309,Capteur ABS,4,41.19
CMD-001844,2026-01-20,Atelier Mécanique 360,BRK-017720,Jeu plaquettes AV,5,85.77
CMD-001844,2026-01-20,Garage Royal,ROT-015403,Disque de frein ventilé,3,107.88
CMD-001845,2026-01-18,Auto-Réparation ABC,FUS-039684,Boîte fusibles relais,7,14.91
CMD-001845,2026-01-18,Auto-Réparation ABC,SPK-047981,Bougie allumage iridium,1,24.04
CMD-001845,2026-01-18,Carrosserie Moderne,BLB-040946,Ampoule LED H7,7,29.33
CMD-001845,2026-01-18,Garage Tremblay,ROT-006864,Disque de frein ventilé,5,105.15
CMD-001846,2026-01-11,Pneus & Mécanique Pro,FLT-033743,Filtre à air moteur,3,39.16
CMD-001846,2026-01-11,Garage du Centre,BMP-019552,Pare-chocs AV primaire,3,368.75
CMD-001847,2026-07-28,Carrosserie Moderne,FUS-025154,Boîte fusibles relais,8,23.1
CMD-001847,2026-07-28,Pneus & Mécanique Pro,BRK-020584,Jeu plaquettes AV,2,57.06
CMD-001847,2026-07-28,Atelier Mécanique 360,RAD-035768,Radiateur refroidissement,7,177.87
CMD-001847,2026-07-28,Garage Tremblay,ALT-002471,Alternateur 12V 140A,7,269.92
CMD-001847,2026-07-28,Atelier Mécanique 360,RAD-011217,Radiateur refroidissement,8,217.88
CMD-001848,2026-03-19,Pneus & Mécanique Pro,ROT-015403,Disque de frein ventilé,2,107.88
CMD-001848,2026-03-19,Auto-Réparation ABC,ROT-007220,Disque de frein ventilé,8,116.26
CMD-001848,2026-03-19,Pneus & Mécanique Pro,FLT-026010,Filtre à air moteur,1,32.68
CMD-001848,2026-03-19,Auto Clinic,ALT-007061,Alternateur 12V 140A,6,289.42
CMD-001849,2025-10-04,Garage Royal,ROT-015403,Disque de frein ventilé,5,107.88
CMD-001849,2025-10-04,Pneus & Mécanique Pro,ROT-007220,Disque de frein ventilé,8,116.26
CMD-001850,2026-04-27,Pneus & Mécanique Pro,BLB-019537,Ampoule LED H7,3,18.7
CMD-001851,2026-06-18,Auto-Réparation ABC,SPK-043767,Bougie allumage iridium,3,15.6
CMD-001851,2026-06-18,Garage du Centre,EXH-002023,Silencieux échappement,7,218.66
CMD-001851,2026-06-18,Centre Auto Plus,ROT-043334,Disque de frein ventilé,2,133.36
CMD-001851,2026-06-18,Auto-Réparation ABC,FLT-042719,Filtre à air moteur,4,21.49
CMD-001852,2025-11-07,Garage du Centre,FUS-028100,Boîte fusibles relais,5,17.6
CMD-001852,2025-11-07,Auto-Réparation ABC,FLT-031402,Filtre à air moteur,3,26.67
CMD-001852,2025-11-07,Carrosserie Moderne,ROT-018669,Disque de frein ventilé,6,124.93
CMD-001852,2025-11-07,Garage Royal,FLT-009287,Filtre à air moteur,6,36.05
CMD-001853,2026-05-16,Centre Auto Plus,ALT-036410,Alternateur 12V 140A,7,244.03
CMD-001853,2026-05-16,Auto-Réparation ABC,BRK-002545,Jeu plaquettes AV,4,48.87
CMD-001853,2026-05-16,Auto-Réparation ABC,BRK-038495,Jeu plaquettes AV,2,72.46
CMD-001853,2026-05-16,Garage du Centre,SEN-049426,Capteur ABS,7,58.54
CMD-001853,2026-05-16,Garage du Centre,ALT-049278,Alternateur 12V 140A,1,423.05
CMD-001854,2026-02-11,Mécanique Rapide Inc.,SEN-031098,Capteur ABS,4,67.4
CMD-001854,2026-02-11,Garage du Centre,ALT-006276,Alternateur 12V 140A,5,220.23
CMD-001854,2026-02-11,Centre Auto Plus,FUS-025154,Boîte fusibles relais,6,23.1
CMD-001854,2026-02-11,Auto Clinic,SEN-038683,Capteur ABS,3,70.76
CMD-001854,2026-02-11,Centre Auto Plus,ROT-015403,Disque de frein ventilé,7,107.88
CMD-001855,2026-05-14,Auto-Réparation ABC,BRK-048679,Jeu plaquettes AV,2,67.21
CMD-001855,2026-05-14,Carrosserie Moderne,BRK-040876,Jeu plaquettes AV,6,77.0
CMD-001855,2026-05-14,Pneus & Mécanique Pro,SEN-019139,Capteur ABS,5,38.32
CMD-001856,2026-01-19,Auto Clinic,ROT-015403,Disque de frein ventilé,2,107.88
CMD-001856,2026-01-19,Atelier Mécanique 360,RAD-013421,Radiateur refroidissement,5,153.6
CMD-001856,2026-01-19,Atelier Mécanique 360,RAD-038113,Radiateur refroidissement,5,210.9
CMD-001856,2026-01-19,Auto Clinic,BRK-035690,Jeu plaquettes AV,6,85.62
CMD-001856,2026-01-19,Mécanique Rapide Inc.,ROT-006864,Disque de frein ventilé,8,105.15
CMD-001857,2025-11-15,Garage du Centre,STR-023248,Jambe de force suspension,2,244.06
CMD-001857,2025-11-15,Garage Royal,BMP-019552,Pare-chocs AV primaire,5,368.75
CMD-001857,2025-11-15,Carrosserie Moderne,ALT-007996,Alternateur 12V 140A,2,220.97
CMD-001857,2025-11-15,Auto-Réparation ABC,FLT-033743,Filtre à air moteur,3,39.16
CMD-001858,2026-06-05,Pneus & Mécanique Pro,ROT-015403,Disque de frein ventilé,3,107.88
CMD-001858,2026-06-05,Atelier Mécanique 360,BRK-006205,Jeu plaquettes AV,1,53.37
CMD-001858,2026-06-05,Garage Tremblay,BRK-017720,Jeu plaquettes AV,1,85.77
CMD-001859,2025-11-16,Garage Tremblay,ROT-015403,Disque de frein ventilé,5,107.88
CMD-001859,2025-11-16,Garage Tremblay,EXH-007271,Silencieux échappement,7,390.56
CMD-001859,2025-11-16,Garage Tremblay,ROT-007220,Disque de frein ventilé,1,116.26
CMD-001860,2026-02-02,Garage Royal,BRK-017720,Jeu plaquettes AV,3,85.77
CMD-001860,2026-02-02,Garage Tremblay,ALT-015059,Alternateur 12V 140A,4,396.5
CMD-001860,2026-02-02,Atelier Mécanique 360,SEN-033632,Capteur ABS,3,68.9
CMD-001860,2026-02-02,Auto-Réparation ABC,SPK-043295,Bougie allumage iridium,3,13.79
CMD-001861,2025-09-12,Auto-Réparation ABC,FUS-025154,Boîte fusibles relais,1,23.1
CMD-001861,2025-09-12,Auto Clinic,ALT-002471,Alternateur 12V 140A,5,269.92
CMD-001861,2025-09-12,Mécanique Rapide Inc.,RAD-035768,Radiateur refroidissement,7,177.87
CMD-001861,2025-09-12,Pneus & Mécanique Pro,RAD-011217,Radiateur refroidissement,5,217.88
CMD-001862,2026-04-07,Garage Tremblay,FUS-028100,Boîte fusibles relais,6,17.6
CMD-001862,2026-04-07,Auto Clinic,ALT-008600,Alternateur 12V 140A,8,411.15
CMD-001863,2026-03-07,Auto Clinic,FUS-028100,Boîte fusibles relais,5,17.6
CMD-001863,2026-03-07,Atelier Mécanique 360,FLT-031402,Filtre à air moteur,4,26.67
CMD-001863,2026-03-07,Garage du Centre,SEN-004309,Capteur ABS,3,41.19
CMD-001863,2026-03-07,Atelier Mécanique 360,ALT-008600,Alternateur 12V 140A,6,411.15
CMD-001863,2026-03-07,Garage Royal,FLT-009287,Filtre à air moteur,8,36.05
CMD-001864,2026-01-02,Garage du Centre,RAD-008323,Radiateur refroidissement,5,225.29
CMD-001864,2026-01-02,Pneus & Mécanique Pro,SEN-031098,Capteur ABS,8,67.4
CMD-001865,2026-03-07,Mécanique Rapide Inc.,BLB-028682,Ampoule LED H7,1,36.03
CMD-001865,2026-03-07,Garage Royal,FUS-025154,Boîte fusibles relais,7,23.1
CMD-001865,2026-03-07,Auto-Réparation ABC,ROT-015403,Disque de frein ventilé,8,107.88
CMD-001865,2026-03-07,Auto-Réparation ABC,ALT-001778,Alternateur 12V 140A,5,242.99
CMD-001866,2026-01-22,Atelier Mécanique 360,ROT-015403,Disque de frein ventilé,4,107.88
CMD-001866,2026-01-22,Carrosserie Moderne,BLB-007509,Ampoule LED H7,6,34.03
CMD-001867,2025-12-26,Mécanique Rapide Inc.,FUS-025154,Boîte fusibles relais,3,23.1
CMD-001867,2025-12-26,Atelier Mécanique 360,SPK-025943,Bougie allumage iridium,8,22.81
CMD-001867,2025-12-26,Auto Clinic,EXH-033547,Silencieux échappement,8,322.76
CMD-001867,2025-12-26,Garage Royal,FUS-028100,Boîte fusibles relais,5,17.6
CMD-001867,2025-12-26,Pneus & Mécanique Pro,STR-023248,Jambe de force suspension,3,244.06
CMD-001868,2025-11-23,Auto Clinic,RAD-006901,Radiateur refroidissement,7,215.86
CMD-001868,2025-11-23,Mécanique Rapide Inc.,FUS-025154,Boîte fusibles relais,5,23.1
CMD-001868,2025-11-23,Auto Clinic,RAD-008323,Radiateur refroidissement,5,225.29
CMD-001869,2026-05-03,Auto Clinic,ROT-034002,Disque de frein ventilé,6,177.99
CMD-001869,2026-05-03,Atelier Mécanique 360,FUS-025154,Boîte fusibles relais,2,23.1
CMD-001869,2026-05-03,Auto-Réparation ABC,FLT-011683,Filtre à air moteur,5,37.71
CMD-001870,2026-02-21,Mécanique Rapide Inc.,ROT-027668,Disque de frein ventilé,2,139.0
CMD-001870,2026-02-21,Carrosserie Moderne,BRK-047004,Jeu plaquettes AV,3,91.9
CMD-001870,2026-02-21,Auto Clinic,ROT-015403,Disque de frein ventilé,7,107.88
CMD-001871,2025-09-27,Mécanique Rapide Inc.,ROT-015403,Disque de frein ventilé,2,107.88
CMD-001871,2025-09-27,Pneus & Mécanique Pro,FUS-025154,Boîte fusibles relais,1,23.1
CMD-001872,2026-05-19,Mécanique Rapide Inc.,ROT-015403,Disque de frein ventilé,3,107.88
CMD-001872,2026-05-19,Garage Tremblay,FLT-026010,Filtre à air moteur,4,32.68
CMD-001872,2026-05-19,Garage Royal,SPK-031992,Bougie allumage iridium,7,20.18
CMD-001873,2026-07-15,Carrosserie Moderne,ALT-001778,Alternateur 12V 140A,7,242.99
CMD-001873,2026-07-15,Auto-Réparation ABC,ALT-007205,Alternateur 12V 140A,3,250.82
CMD-001874,2026-08-29,Carrosserie Moderne,ROT-015403,Disque de frein ventilé,7,107.88
CMD-001875,2025-11-10,Atelier Mécanique 360,SEN-006021,Capteur ABS,1,31.48
CMD-001875,2025-11-10,Garage Royal,ALT-011421,Alternateur 12V 140A,2,394.92
CMD-001875,2025-11-10,Garage Royal,FUS-003395,Boîte fusibles relais,7,17.5
CMD-001876,2026-02-17,Auto Clinic,EXH-034377,Silencieux échappement,6,268.92
CMD-001876,2026-02-17,Garage du Centre,ROT-015403,Disque de frein ventilé,3,107.88
CMD-001877,2025-12-05,Garage Royal,BRK-017720,Jeu plaquettes AV,8,85.77
CMD-001877,2025-12-05,Atelier Mécanique 360,SEN-033632,Capteur ABS,3,68.9
CMD-001877,2025-12-05,Carrosserie Moderne,BRK-038699,Jeu plaquettes AV,8,92.39
CMD-001878,2025-11-13,Garage Tremblay,FUS-025154,Boîte fusibles relais,8,23.1
CMD-001878,2025-11-13,Carrosserie Moderne,ALT-002471,Alternateur 12V 140A,5,269.92
CMD-001879,2025-10-14,Garage du Centre,BLB-037992,Ampoule LED H7,6,27.13
CMD-001879,2025-10-14,Pneus & Mécanique Pro,FLT-044878,Filtre à air moteur,1,36.42
CMD-001879,2025-10-14,Auto Clinic,STR-047020,Jambe de force suspension,5,143.22
CMD-001880,2026-06-18,Garage Tremblay,ROT-015403,Disque de frein ventilé,1,107.88
CMD-001880,2026-06-18,Auto-Réparation ABC,ALT-007061,Alternateur 12V 140A,3,289.42
CMD-001881,2026-03-12,Centre Auto Plus,BLB-037992,Ampoule LED H7,8,27.13
CMD-001881,2026-03-12,Garage Tremblay,STR-047020,Jambe de force suspension,3,143.22
CMD-001882,2026-05-06,Auto Clinic,BRK-047004,Jeu plaquettes AV,6,91.9
CMD-001883,2025-09-12,Centre Auto Plus,STR-037922,Jambe de force suspension,4,181.79
CMD-001883,2025-09-12,Atelier Mécanique 360,SEN-026048,Capteur ABS,3,61.18
CMD-001883,2025-09-12,Auto-Réparation ABC,FLT-040963,Filtre à air moteur,1,23.2
CMD-001884,2025-10-06,Mécanique Rapide Inc.,FUS-028100,Boîte fusibles relais,3,17.6
CMD-001884,2025-10-06,Auto Clinic,BRK-047004,Jeu plaquettes AV,1,91.9
CMD-001885,2026-07-28,Pneus & Mécanique Pro,ALT-001778,Alternateur 12V 140A,7,242.99
CMD-001885,2026-07-28,Garage Royal,BRK-013237,Jeu plaquettes AV,4,53.16
CMD-001885,2026-07-28,Auto-Réparation ABC,SEN-002690,Capteur ABS,5,49.02
CMD-001886,2025-12-15,Garage Royal,FLT-011683,Filtre à air moteur,6,37.71
CMD-001887,2026-01-19,Garage Tremblay,ALT-001778,Alternateur 12V 140A,2,242.99
CMD-001888,2025-12-09,Atelier Mécanique 360,FUS-028100,Boîte fusibles relais,7,17.6
CMD-001888,2025-12-09,Garage du Centre,ROT-006864,Disque de frein ventilé,6,105.15
CMD-001889,2026-07-31,Auto Clinic,SEN-006021,Capteur ABS,8,31.48
CMD-001889,2026-07-31,Garage Tremblay,FLT-022405,Filtre à air moteur,6,24.33
CMD-001890,2026-02-22,Auto Clinic,ROT-015403,Disque de frein ventilé,1,107.88
CMD-001890,2026-02-22,Mécanique Rapide Inc.,ROT-007220,Disque de frein ventilé,4,116.26
CMD-001890,2026-02-22,Auto Clinic,ALT-007061,Alternateur 12V 140A,1,289.42
CMD-001890,2026-02-22,Centre Auto Plus,FLT-026010,Filtre à air moteur,7,32.68
CMD-001891,2026-08-06,Carrosserie Moderne,BRK-008094,Jeu plaquettes AV,2,95.24
CMD-001891,2026-08-06,Auto-Réparation ABC,BRK-040876,Jeu plaquettes AV,7,77.0
CMD-001892,2026-08-30,Carrosserie Moderne,BRK-006205,Jeu plaquettes AV,4,53.37
CMD-001893,2026-05-26,Garage Tremblay,ALT-007996,Alternateur 12V 140A,4,220.97
CMD-001894,2026-04-06,Mécanique Rapide Inc.,ROT-015638,Disque de frein ventilé,5,119.45
CMD-001894,2026-04-06,Garage du Centre,EXH-047688,Silencieux échappement,7,255.52
CMD-001894,2026-04-06,Garage Tremblay,ROT-039102,Disque de frein ventilé,3,83.39
CMD-001894,2026-04-06,Garage Tremblay,EXH-006384,Silencieux échappement,8,357.03
CMD-001895,2026-05-29,Garage du Centre,SEN-013569,Capteur ABS,8,42.76
CMD-001895,2026-05-29,Mécanique Rapide Inc.,SPK-032001,Bougie allumage iridium,1,18.07
CMD-001895,2026-05-29,Garage Tremblay,STR-031193,Jambe de force suspension,2,214.77
CMD-001895,2026-05-29,Auto-Réparation ABC,ROT-015403,Disque de frein ventilé,2,107.88
CMD-001895,2026-05-29,Centre Auto Plus,FUS-028100,Boîte fusibles relais,2,17.6
CMD-001896,2026-04-05,Mécanique Rapide Inc.,BLB-037992,Ampoule LED H7,7,27.13
CMD-001896,2026-04-05,Pneus & Mécanique Pro,FLT-011683,Filtre à air moteur,8,37.71
CMD-001896,2026-04-05,Auto-Réparation ABC,ROT-015403,Disque de frein ventilé,5,107.88
CMD-001897,2025-10-11,Centre Auto Plus,FLT-011683,Filtre à air moteur,3,37.71
CMD-001897,2025-10-11,Auto-Réparation ABC,BRK-042035,Jeu plaquettes AV,5,57.16
CMD-001897,2025-10-11,Garage Royal,ALT-040335,Alternateur 12V 140A,8,368.08
CMD-001897,2025-10-11,Pneus & Mécanique Pro,BRK-043609,Jeu plaquettes AV,5,47.15
CMD-001897,2025-10-11,Garage Royal,BRK-032885,Jeu plaquettes AV,8,54.07
CMD-001898,2026-01-09,Carrosserie Moderne,ROT-015403,Disque de frein ventilé,3,107.88
CMD-001898,2026-01-09,Carrosserie Moderne,FLT-040963,Filtre à air moteur,6,23.2
CMD-001898,2026-01-09,Garage Tremblay,FUS-028100,Boîte fusibles relais,3,17.6
CMD-001899,2025-11-13,Pneus & Mécanique Pro,ALT-006276,Alternateur 12V 140A,3,220.23
CMD-001899,2025-11-13,Centre Auto Plus,ROT-015403,Disque de frein ventilé,7,107.88
CMD-001899,2025-11-13,Garage Royal,FUS-039684,Boîte fusibles relais,3,14.91
CMD-001900,2026-08-23,Atelier Mécanique 360,BMP-028097,Pare-chocs AV primaire,4,523.46
CMD-001900,2026-08-23,Auto Clinic,FLT-005484,Filtre à air moteur,8,34.9
CMD-001900,2026-08-23,Pneus & Mécanique Pro,SPK-003219,Bougie allumage iridium,5,16.07
CMD-001900,2026-08-23,Garage Tremblay,BRK-048251,Jeu plaquettes AV,5,89.61
CMD-001900,2026-08-23,Carrosserie Moderne,ROT-025009,Disque de frein ventilé,5,157.96
CMD-001901,2026-05-11,Auto Clinic,EXH-049698,Silencieux échappement,1,345.09
CMD-001901,2026-05-11,Garage Royal,ROT-015403,Disque de frein ventilé,6,107.88
CMD-001901,2026-05-11,Pneus & Mécanique Pro,FUS-028100,Boîte fusibles relais,1,17.6
CMD-001901,2026-05-11,Carrosserie Moderne,RAD-011310,Radiateur refroidissement,3,240.6
CMD-001901,2026-05-11,Pneus & Mécanique Pro,BRK-048251,Jeu plaquettes AV,6,89.61
CMD-001902,2025-09-27,Auto Clinic,BRK-005234,Jeu plaquettes AV,7,96.79
CMD-001902,2025-09-27,Centre Auto Plus,BLB-030464,Ampoule LED H7,4,31.77
CMD-001902,2025-09-27,Carrosserie Moderne,EXH-033547,Silencieux échappement,5,322.76
CMD-001902,2025-09-27,Garage du Centre,STR-031193,Jambe de force suspension,7,214.77
CMD-001902,2025-09-27,Garage du Centre,ALT-049926,Alternateur 12V 140A,6,306.59
CMD-001903,2025-11-25,Pneus & Mécanique Pro,RAD-008323,Radiateur refroidissement,1,225.29
CMD-001903,2025-11-25,Mécanique Rapide Inc.,FLT-029423,Filtre à air moteur,2,40.89
CMD-001903,2025-11-25,Centre Auto Plus,FLT-032536,Filtre à air moteur,6,26.71
CMD-001903,2025-11-25,Garage Tremblay,BRK-000665,Jeu plaquettes AV,4,57.77
CMD-001904,2026-02-02,Centre Auto Plus,SPK-017734,Bougie allumage iridium,2,20.39
CMD-001904,2026-02-02,Mécanique Rapide Inc.,SEN-002690,Capteur ABS,2,49.02
CMD-001905,2025-12-23,Garage du Centre,FUS-025154,Boîte fusibles relais,8,23.1
CMD-001905,2025-12-23,Auto-Réparation ABC,ROT-006864,Disque de frein ventilé,2,105.15
CMD-001905,2025-12-23,Auto-Réparation ABC,ROT-015403,Disque de frein ventilé,5,107.88
CMD-001905,2025-12-23,Garage Tremblay,RAD-038113,Radiateur refroidissement,5,210.9
CMD-001906,2026-03-08,Garage Royal,ALT-001778,Alternateur 12V 140A,8,242.99
CMD-001906,2026-03-08,Centre Auto Plus,ALT-007205,Alternateur 12V 140A,2,250.82
CMD-001906,2026-03-08,Auto-Réparation ABC,SEN-002690,Capteur ABS,2,49.02
CMD-001906,2026-03-08,Auto Clinic,BMP-048102,Pare-chocs AV primaire,8,212.63
CMD-001907,2026-01-12,Garage Tremblay,EXH-006384,Silencieux échappement,8,357.03
CMD-001907,2026-01-12,Garage Tremblay,ROT-039102,Disque de frein ventilé,5,83.39
CMD-001907,2026-01-12,Carrosserie Moderne,ALT-027632,Alternateur 12V 140A,3,313.91
CMD-001908,2025-10-06,Auto-Réparation ABC,BMP-018500,Pare-chocs AV primaire,3,451.96
CMD-001909,2025-11-29,Carrosserie Moderne,ALT-001778,Alternateur 12V 140A,4,242.99
CMD-001909,2025-11-29,Pneus & Mécanique Pro,ROT-015403,Disque de frein ventilé,7,107.88
CMD-001909,2025-11-29,Garage du Centre,FUS-028100,Boîte fusibles relais,4,17.6
CMD-001910,2026-06-12,Garage du Centre,ROT-007220,Disque de frein ventilé,3,116.26
CMD-001910,2026-06-12,Carrosserie Moderne,SPK-031992,Bougie allumage iridium,7,20.18
CMD-001911,2026-04-20,Garage du Centre,ROT-015403,Disque de frein ventilé,5,107.88
CMD-001911,2026-04-20,Carrosserie Moderne,SPK-031992,Bougie allumage iridium,4,20.18
CMD-001911,2026-04-20,Garage du Centre,ALT-007061,Alternateur 12V 140A,1,289.42
CMD-001911,2026-04-20,Centre Auto Plus,FLT-026010,Filtre à air moteur,7,32.68
CMD-001912,2025-12-25,Atelier Mécanique 360,FUS-028100,Boîte fusibles relais,1,17.6
CMD-001912,2025-12-25,Auto-Réparation ABC,SEN-004309,Capteur ABS,6,41.19
CMD-001912,2025-12-25,Pneus & Mécanique Pro,ROT-018669,Disque de frein ventilé,1,124.93
CMD-001913,2025-10-18,Auto-Réparation ABC,ROT-015403,Disque de frein ventilé,1,107.88
CMD-001913,2025-10-18,Atelier Mécanique 360,SPK-031992,Bougie allumage iridium,1,20.18
CMD-001913,2025-10-18,Mécanique Rapide Inc.,FLT-026010,Filtre à air moteur,6,32.68
CMD-001913,2025-10-18,Garage du Centre,ROT-007220,Disque de frein ventilé,4,116.26
CMD-001914,2025-09-22,Mécanique Rapide Inc.,FUS-037574,Boîte fusibles relais,5,22.82
CMD-001914,2025-09-22,Auto Clinic,BLB-047201,Ampoule LED H7,3,28.87
CMD-001914,2025-09-22,Garage Tremblay,FLT-028324,Filtre à air moteur,8,18.75
CMD-001915,2026-07-10,Pneus & Mécanique Pro,ALT-013343,Alternateur 12V 140A,8,241.48
CMD-001915,2026-07-10,Auto-Réparation ABC,FLT-028528,Filtre à air moteur,1,38.12
CMD-001915,2026-07-10,Atelier Mécanique 360,BMP-037287,Pare-chocs AV primaire,8,323.55
CMD-001916,2026-06-01,Auto-Réparation ABC,BRK-005978,Jeu plaquettes AV,3,65.1
CMD-001916,2026-06-01,Garage Royal,SEN-034457,Capteur ABS,3,50.82
CMD-001916,2026-06-01,Auto Clinic,ALT-047362,Alternateur 12V 140A,6,328.64
CMD-001916,2026-06-01,Atelier Mécanique 360,RAD-006901,Radiateur refroidissement,3,215.86
CMD-001917,2025-11-17,Auto Clinic,FUS-028100,Boîte fusibles relais,1,17.6
CMD-001917,2025-11-17,Auto-Réparation ABC,BRK-042035,Jeu plaquettes AV,6,57.16
CMD-001917,2025-11-17,Garage Tremblay,FLT-001618,Filtre à air moteur,3,29.58
CMD-001918,2026-01-03,Carrosserie Moderne,FUS-028100,Boîte fusibles relais,4,17.6
CMD-001918,2026-01-03,Pneus & Mécanique Pro,BMP-037254,Pare-chocs AV primaire,1,283.13
CMD-001918,2026-01-03,Carrosserie Moderne,FUS-025154,Boîte fusibles relais,4,23.1
CMD-001918,2026-01-03,Auto Clinic,BRK-036192,Jeu plaquettes AV,6,67.56
CMD-001918,2026-01-03,Auto-Réparation ABC,ROT-015403,Disque de frein ventilé,4,107.88
CMD-001919,2026-08-16,Carrosserie Moderne,ROT-015403,Disque de frein ventilé,7,107.88
CMD-001919,2026-08-16,Centre Auto Plus,ROT-007220,Disque de frein ventilé,4,116.26
CMD-001919,2026-08-16,Mécanique Rapide Inc.,FLT-026010,Filtre à air moteur,4,32.68
CMD-001919,2026-08-16,Mécanique Rapide Inc.,SPK-031992,Bougie allumage iridium,5,20.18
CMD-001920,2026-09-05,Carrosserie Moderne,FUS-025154,Boîte fusibles relais,6,23.1
CMD-001920,2026-09-05,Atelier Mécanique 360,BRK-047004,Jeu plaquettes AV,8,91.9
CMD-001920,2026-09-05,Mécanique Rapide Inc.,BRK-009571,Jeu plaquettes AV,6,55.23
CMD-001920,2026-09-05,Auto-Réparation ABC,SEN-006021,Capteur ABS,7,31.48
CMD-001920,2026-09-05,Garage Royal,BRK-017720,Jeu plaquettes AV,5,85.77
CMD-001921,2026-04-03,Garage Tremblay,ALT-001778,Alternateur 12V 140A,8,242.99
CMD-001922,2025-11-20,Garage Royal,SEN-006021,Capteur ABS,1,31.48
CMD-001922,2025-11-20,Atelier Mécanique 360,FLT-011683,Filtre à air moteur,1,37.71
CMD-001922,2025-11-20,Centre Auto Plus,ALT-033658,Alternateur 12V 140A,3,254.43
CMD-001922,2025-11-20,Atelier Mécanique 360,SEN-002386,Capteur ABS,3,37.38
CMD-001923,2026-08-27,Centre Auto Plus,ALT-001778,Alternateur 12V 140A,2,242.99
CMD-001923,2026-08-27,Mécanique Rapide Inc.,ALT-007205,Alternateur 12V 140A,2,250.82
CMD-001923,2026-08-27,Atelier Mécanique 360,BMP-048102,Pare-chocs AV primaire,6,212.63
CMD-001924,2025-09-06,Garage Tremblay,STR-023248,Jambe de force suspension,5,244.06
CMD-001924,2025-09-06,Garage du Centre,FLT-012359,Filtre à air moteur,7,36.15
CMD-001924,2025-09-06,Atelier Mécanique 360,STR-026017,Jambe de force suspension,2,131.28
CMD-001924,2025-09-06,Auto-Réparation ABC,BLB-020402,Ampoule LED H7,5,19.04
CMD-001925,2026-05-20,Mécanique Rapide Inc.,ALT-001778,Alternateur 12V 140A,6,242.99
CMD-001925,2026-05-20,Centre Auto Plus,ROT-015403,Disque de frein ventilé,3,107.88
CMD-001925,2026-05-20,Mécanique Rapide Inc.,BRK-005978,Jeu plaquettes AV,3,65.1
CMD-001925,2026-05-20,Garage du Centre,FLT-001618,Filtre à air moteur,1,29.58
CMD-001925,2026-05-20,Garage Royal,ROT-021710,Disque de frein ventilé,6,128.69
CMD-001926,2025-11-29,Pneus & Mécanique Pro,BRK-003736,Jeu plaquettes AV,4,83.33
CMD-001926,2025-11-29,Centre Auto Plus,ROT-037875,Disque de frein ventilé,3,177.18
CMD-001927,2026-05-30,Carrosserie Moderne,ROT-015403,Disque de frein ventilé,5,107.88
CMD-001928,2026-04-16,Garage du Centre,STR-023248,Jambe de force suspension,5,244.06
CMD-001929,2025-10-03,Garage Royal,FUS-028100,Boîte fusibles relais,7,17.6
CMD-001929,2025-10-03,Atelier Mécanique 360,ALT-008600,Alternateur 12V 140A,6,411.15
CMD-001929,2025-10-03,Auto Clinic,SEN-004309,Capteur ABS,3,41.19
CMD-001929,2025-10-03,Mécanique Rapide Inc.,FLT-031402,Filtre à air moteur,5,26.67
CMD-001930,2025-10-19,Garage Tremblay,ROT-015403,Disque de frein ventilé,4,107.88
CMD-001930,2025-10-19,Garage du Centre,FLT-026010,Filtre à air moteur,3,32.68
CMD-001930,2025-10-19,Garage Tremblay,ROT-007220,Disque de frein ventilé,3,116.26
CMD-001930,2025-10-19,Pneus & Mécanique Pro,SPK-031992,Bougie allumage iridium,8,20.18
CMD-001931,2026-04-03,Garage du Centre,SEN-006021,Capteur ABS,1,31.48
CMD-001931,2026-04-03,Atelier Mécanique 360,ROT-015403,Disque de frein ventilé,7,107.88
CMD-001931,2026-04-03,Garage Tremblay,STR-026554,Jambe de force suspension,6,124.06
CMD-001931,2026-04-03,Auto-Réparation ABC,FUS-025154,Boîte fusibles relais,2,23.1
CMD-001932,2026-07-24,Carrosserie Moderne,ROT-015403,Disque de frein ventilé,8,107.88
CMD-001932,2026-07-24,Garage Tremblay,SPK-031992,Bougie allumage iridium,6,20.18
CMD-001932,2026-07-24,Centre Auto Plus,ROT-007220,Disque de frein ventilé,5,116.26
CMD-001932,2026-07-24,Pneus & Mécanique Pro,FLT-026010,Filtre à air moteur,4,32.68
CMD-001933,2025-11-21,Pneus & Mécanique Pro,FUS-025154,Boîte fusibles relais,1,23.1
CMD-001933,2025-11-21,Auto Clinic,FUS-037574,Boîte fusibles relais,6,22.82
CMD-001933,2025-11-21,Mécanique Rapide Inc.,BLB-037992,Ampoule LED H7,2,27.13
CMD-001934,2026-08-24,Garage Tremblay,STR-023248,Jambe de force suspension,6,244.06
CMD-001934,2026-08-24,Auto-Réparation ABC,FLT-033743,Filtre à air moteur,1,39.16
CMD-001934,2026-08-24,Atelier Mécanique 360,BMP-019552,Pare-chocs AV primaire,2,368.75
CMD-001934,2026-08-24,Auto Clinic,ALT-001078,Alternateur 12V 140A,6,235.28
CMD-001935,2025-09-13,Centre Auto Plus,FUS-028100,Boîte fusibles relais,2,17.6
CMD-001935,2025-09-13,Mécanique Rapide Inc.,FLT-009287,Filtre à air moteur,3,36.05
CMD-001936,2025-10-10,Carrosserie Moderne,SEN-013569,Capteur ABS,6,42.76
CMD-001936,2025-10-10,Garage Tremblay,BRK-014503,Jeu plaquettes AV,3,88.03
CMD-001937,2025-11-29,Garage Royal,ROT-015403,Disque de frein ventilé,6,107.88
CMD-001937,2025-11-29,Pneus & Mécanique Pro,EXH-007271,Silencieux échappement,7,390.56
CMD-001937,2025-11-29,Centre Auto Plus,ROT-007220,Disque de frein ventilé,1,116.26
CMD-001937,2025-11-29,Mécanique Rapide Inc.,FLT-026010,Filtre à air moteur,1,32.68
CMD-001938,2026-07-24,Auto Clinic,ALT-011901,Alternateur 12V 140A,4,437.77
CMD-001938,2026-07-24,Auto Clinic,ALT-036394,Alternateur 12V 140A,1,433.19
CMD-001938,2026-07-24,Garage Royal,FLT-026606,Filtre à air moteur,5,14.88
CMD-001938,2026-07-24,Auto Clinic,ROT-021710,Disque de frein ventilé,8,128.69
CMD-001939,2026-02-01,Garage Tremblay,ROT-015403,Disque de frein ventilé,4,107.88
CMD-001940,2025-11-21,Auto Clinic,EXH-033547,Silencieux échappement,5,322.76
CMD-001940,2025-11-21,Auto Clinic,ALT-010069,Alternateur 12V 140A,2,284.46
CMD-001940,2025-11-21,Centre Auto Plus,BRK-005234,Jeu plaquettes AV,1,96.79
CMD-001940,2025-11-21,Mécanique Rapide Inc.,STR-031193,Jambe de force suspension,6,214.77
CMD-001941,2026-06-10,Garage du Centre,FUS-028100,Boîte fusibles relais,4,17.6
CMD-001941,2026-06-10,Garage Tremblay,FLT-009287,Filtre à air moteur,8,36.05
CMD-001941,2026-06-10,Garage Tremblay,ALT-008600,Alternateur 12V 140A,2,411.15
CMD-001941,2026-06-10,Centre Auto Plus,FLT-031402,Filtre à air moteur,6,26.67
CMD-001941,2026-06-10,Auto Clinic,SEN-004309,Capteur ABS,4,41.19
CMD-001942,2026-02-20,Garage du Centre,RAD-038113,Radiateur refroidissement,8,210.9
CMD-001942,2026-02-20,Garage Royal,FUS-026474,Boîte fusibles relais,2,18.89
CMD-001942,2026-02-20,Auto-Réparation ABC,ROT-021710,Disque de frein ventilé,4,128.69
CMD-001942,2026-02-20,Auto Clinic,RAD-011310,Radiateur refroidissement,5,240.6
CMD-001943,2026-05-06,Carrosserie Moderne,BRK-017720,Jeu plaquettes AV,2,85.77
CMD-001943,2026-05-06,Auto-Réparation ABC,FUS-025154,Boîte fusibles relais,4,23.1
CMD-001943,2026-05-06,Carrosserie Moderne,RAD-011217,Radiateur refroidissement,7,217.88
CMD-001943,2026-05-06,Garage du Centre,ALT-001778,Alternateur 12V 140A,6,242.99
CMD-001944,2026-08-30,Auto-Réparation ABC,ROT-015403,Disque de frein ventilé,3,107.88
CMD-001945,2025-11-09,Atelier Mécanique 360,ROT-015403,Disque de frein ventilé,5,107.88
CMD-001945,2025-11-09,Atelier Mécanique 360,EXH-007271,Silencieux échappement,2,390.56
CMD-001945,2025-11-09,Centre Auto Plus,FLT-026010,Filtre à air moteur,5,32.68
CMD-001945,2025-11-09,Garage Tremblay,ALT-007061,Alternateur 12V 140A,7,289.42
CMD-001946,2026-03-30,Atelier Mécanique 360,ROT-015403,Disque de frein ventilé,1,107.88
CMD-001946,2026-03-30,Garage du Centre,SPK-031992,Bougie allumage iridium,8,20.18
CMD-001946,2026-03-30,Centre Auto Plus,FLT-026010,Filtre à air moteur,8,32.68
CMD-001946,2026-03-30,Garage du Centre,ROT-007220,Disque de frein ventilé,5,116.26
CMD-001947,2026-09-05,Centre Auto Plus,SPK-043767,Bougie allumage iridium,2,15.6
CMD-001947,2026-09-05,Pneus & Mécanique Pro,BLB-020402,Ampoule LED H7,6,19.04
CMD-001947,2026-09-05,Atelier Mécanique 360,ROT-015403,Disque de frein ventilé,4,107.88
CMD-001948,2026-02-21,Garage du Centre,SEN-006021,Capteur ABS,2,31.48
CMD-001948,2026-02-21,Carrosserie Moderne,FLT-010535,Filtre à air moteur,5,15.65
CMD-001949,2026-05-29,Auto Clinic,SEN-006132,Capteur ABS,6,40.66
CMD-001949,2026-05-29,Atelier Mécanique 360,BMP-037287,Pare-chocs AV primaire,6,323.55
CMD-001949,2026-05-29,Atelier Mécanique 360,FLT-028528,Filtre à air moteur,2,38.12
CMD-001949,2026-05-29,Garage Royal,ALT-013343,Alternateur 12V 140A,6,241.48
CMD-001950,2026-09-04,Auto Clinic,ROT-015403,Disque de frein ventilé,7,107.88
CMD-001950,2026-09-04,Mécanique Rapide Inc.,FLT-026010,Filtre à air moteur,6,32.68
CMD-001950,2026-09-04,Garage Tremblay,ALT-007061,Alternateur 12V 140A,4,289.42
CMD-001951,2026-03-03,Garage Tremblay,FUS-025154,Boîte fusibles relais,5,23.1
CMD-001952,2026-07-22,Auto-Réparation ABC,ALT-008600,Alternateur 12V 140A,7,411.15
CMD-001952,2026-07-22,Pneus & Mécanique Pro,BLB-037992,Ampoule LED H7,2,27.13
CMD-001952,2026-07-22,Atelier Mécanique 360,SPK-032001,Bougie allumage iridium,8,18.07
CMD-001953,2026-05-25,Auto-Réparation ABC,SEN-006021,Capteur ABS,6,31.48
CMD-001953,2026-05-25,Auto-Réparation ABC,FUS-021849,Boîte fusibles relais,3,14.18
CMD-001953,2026-05-25,Garage Tremblay,ALT-011421,Alternateur 12V 140A,5,394.92
CMD-001953,2026-05-25,Garage Royal,BRK-044381,Jeu plaquettes AV,3,48.66
CMD-001953,2026-05-25,Pneus & Mécanique Pro,FUS-003395,Boîte fusibles relais,1,17.5
CMD-001954,2026-04-25,Centre Auto Plus,SPK-025943,Bougie allumage iridium,5,22.81
CMD-001954,2026-04-25,Garage Royal,SEN-014947,Capteur ABS,3,51.13
CMD-001954,2026-04-25,Auto Clinic,BLB-019537,Ampoule LED H7,5,18.7
CMD-001954,2026-04-25,Pneus & Mécanique Pro,FUS-018600,Boîte fusibles relais,3,15.09
CMD-001955,2026-01-04,Garage du Centre,BRK-017720,Jeu plaquettes AV,2,85.77
CMD-001955,2026-01-04,Centre Auto Plus,ALT-025474,Alternateur 12V 140A,7,369.75
CMD-001955,2026-01-04,Auto-Réparation ABC,BLB-020402,Ampoule LED H7,7,19.04
CMD-001956,2026-01-12,Auto-Réparation ABC,SEN-006021,Capteur ABS,6,31.48
CMD-001957,2025-09-09,Mécanique Rapide Inc.,ROT-034722,Disque de frein ventilé,7,168.29
CMD-001957,2025-09-09,Garage du Centre,SPK-043295,Bougie allumage iridium,6,13.79
CMD-001957,2025-09-09,Garage du Centre,SEN-033632,Capteur ABS,7,68.9
CMD-001958,2026-01-16,Auto Clinic,FLT-034378,Filtre à air moteur,4,20.46
CMD-001958,2026-01-16,Garage Royal,FUS-028100,Boîte fusibles relais,1,17.6
CMD-001959,2026-02-14,Centre Auto Plus,FUS-028100,Boîte fusibles relais,7,17.6
CMD-001959,2026-02-14,Auto Clinic,FLT-031402,Filtre à air moteur,6,26.67
CMD-001959,2026-02-14,Garage Royal,FLT-009287,Filtre à air moteur,3,36.05
CMD-001959,2026-02-14,Auto Clinic,ROT-018669,Disque de frein ventilé,3,124.93
CMD-001960,2026-06-01,Mécanique Rapide Inc.,ROT-015403,Disque de frein ventilé,3,107.88
CMD-001960,2026-06-01,Garage du Centre,ALT-007061,Alternateur 12V 140A,3,289.42
CMD-001961,2025-12-29,Auto-Réparation ABC,ROT-015403,Disque de frein ventilé,5,107.88
CMD-001961,2025-12-29,Carrosserie Moderne,BRK-047004,Jeu plaquettes AV,1,91.9
CMD-001961,2025-12-29,Auto-Réparation ABC,ALT-001778,Alternateur 12V 140A,6,242.99
CMD-001961,2025-12-29,Carrosserie Moderne,BRK-043609,Jeu plaquettes AV,2,47.15
CMD-001961,2025-12-29,Auto-Réparation ABC,BLB-020402,Ampoule LED H7,8,19.04
CMD-001962,2026-01-13,Garage du Centre,STR-026017,Jambe de force suspension,5,131.28
CMD-001962,2026-01-13,Centre Auto Plus,BRK-044618,Jeu plaquettes AV,3,48.42
CMD-001962,2026-01-13,Garage Tremblay,FLT-017690,Filtre à air moteur,8,23.9
CMD-001962,2026-01-13,Centre Auto Plus,BLB-020402,Ampoule LED H7,6,19.04
CMD-001963,2025-11-24,Auto-Réparation ABC,FUS-037574,Boîte fusibles relais,4,22.82
CMD-001964,2026-02-23,Pneus & Mécanique Pro,ROT-015403,Disque de frein ventilé,5,107.88
CMD-001964,2026-02-23,Garage Royal,FLT-026010,Filtre à air moteur,1,32.68
CMD-001964,2026-02-23,Centre Auto Plus,EXH-007271,Silencieux échappement,6,390.56
CMD-001965,2026-01-08,Auto Clinic,SEN-013569,Capteur ABS,5,42.76
CMD-001965,2026-01-08,Centre Auto Plus,ALT-023526,Alternateur 12V 140A,8,300.63
CMD-001966,2026-06-13,Centre Auto Plus,SPK-025943,Bougie allumage iridium,1,22.81
CMD-001967,2026-08-23,Auto-Réparation ABC,ROT-017022,Disque de frein ventilé,1,145.87
CMD-001968,2025-12-05,Mécanique Rapide Inc.,ROT-006864,Disque de frein ventilé,2,105.15
CMD-001968,2025-12-05,Auto Clinic,FUS-039684,Boîte fusibles relais,5,14.91
CMD-001968,2025-12-05,Mécanique Rapide Inc.,BLB-040946,Ampoule LED H7,1,29.33
CMD-001969,2026-06-06,Garage Tremblay,FUS-028100,Boîte fusibles relais,4,17.6
CMD-001969,2026-06-06,Auto-Réparation ABC,ROT-015403,Disque de frein ventilé,8,107.88
CMD-001969,2026-06-06,Auto Clinic,EXH-033547,Silencieux échappement,8,322.76
CMD-001969,2026-06-06,Pneus & Mécanique Pro,ALT-001778,Alternateur 12V 140A,7,242.99
CMD-001969,2026-06-06,Atelier Mécanique 360,BMP-006087,Pare-chocs AV primaire,3,519.77
CMD-001970,2026-07-08,Mécanique Rapide Inc.,ROT-015403,Disque de frein ventilé,3,107.88
CMD-001970,2026-07-08,Garage Tremblay,ROT-007220,Disque de frein ventilé,8,116.26
CMD-001970,2026-07-08,Auto-Réparation ABC,FLT-026010,Filtre à air moteur,5,32.68
CMD-001970,2026-07-08,Garage du Centre,EXH-007271,Silencieux échappement,3,390.56
CMD-001970,2026-07-08,Centre Auto Plus,ALT-007061,Alternateur 12V 140A,1,289.42
CMD-001971,2025-09-10,Centre Auto Plus,BRK-047004,Jeu plaquettes AV,6,91.9
CMD-001971,2025-09-10,Garage Royal,EXH-007271,Silencieux échappement,4,390.56
CMD-001971,2025-09-10,Pneus & Mécanique Pro,SEN-035482,Capteur ABS,8,44.17
CMD-001972,2025-10-13,Carrosserie Moderne,ALT-008600,Alternateur 12V 140A,3,411.15
CMD-001972,2025-10-13,Garage Royal,FUS-028100,Boîte fusibles relais,2,17.6
CMD-001973,2025-10-08,Garage Tremblay,SEN-002386,Capteur ABS,1,37.38
CMD-001973,2025-10-08,Centre Auto Plus,ROT-037068,Disque de frein ventilé,5,100.89
CMD-001973,2025-10-08,Mécanique Rapide Inc.,ALT-010794,Alternateur 12V 140A,6,367.23
CMD-001973,2025-10-08,Atelier Mécanique 360,FLT-042228,Filtre à air moteur,5,38.95
CMD-001973,2025-10-08,Carrosserie Moderne,FUS-037465,Boîte fusibles relais,3,13.4
CMD-001974,2025-09-15,Garage du Centre,ROT-015403,Disque de frein ventilé,8,107.88
CMD-001974,2025-09-15,Carrosserie Moderne,FLT-026010,Filtre à air moteur,3,32.68
CMD-001974,2025-09-15,Garage Royal,EXH-007271,Silencieux échappement,2,390.56
CMD-001974,2025-09-15,Mécanique Rapide Inc.,ALT-007061,Alternateur 12V 140A,4,289.42
CMD-001974,2025-09-15,Auto-Réparation ABC,ROT-007220,Disque de frein ventilé,4,116.26
CMD-001975,2026-08-29,Centre Auto Plus,SEN-002386,Capteur ABS,1,37.38
CMD-001975,2026-08-29,Pneus & Mécanique Pro,FUS-028100,Boîte fusibles relais,4,17.6
CMD-001975,2026-08-29,Auto Clinic,ROT-015403,Disque de frein ventilé,4,107.88
CMD-001976,2026-02-24,Centre Auto Plus,SEN-006021,Capteur ABS,8,31.48
CMD-001976,2026-02-24,Centre Auto Plus,BLB-020402,Ampoule LED H7,4,19.04
CMD-001976,2026-02-24,Centre Auto Plus,FUS-028100,Boîte fusibles relais,3,17.6
CMD-001976,2026-02-24,Centre Auto Plus,SPK-025943,Bougie allumage iridium,3,22.81
CMD-001976,2026-02-24,Mécanique Rapide Inc.,ALT-001778,Alternateur 12V 140A,3,242.99
CMD-001977,2025-12-22,Mécanique Rapide Inc.,ROT-015403,Disque de frein ventilé,5,107.88
CMD-001977,2025-12-22,Auto-Réparation ABC,SPK-031992,Bougie allumage iridium,7,20.18
CMD-001977,2025-12-22,Mécanique Rapide Inc.,FLT-026010,Filtre à air moteur,6,32.68
CMD-001977,2025-12-22,Pneus & Mécanique Pro,EXH-007271,Silencieux échappement,5,390.56
CMD-001978,2025-09-11,Garage du Centre,BRK-017720,Jeu plaquettes AV,6,85.77
CMD-001978,2025-09-11,Auto-Réparation ABC,RAD-008323,Radiateur refroidissement,7,225.29
CMD-001978,2025-09-11,Pneus & Mécanique Pro,BLB-037992,Ampoule LED H7,2,27.13
CMD-001978,2025-09-11,Auto Clinic,ALT-010794,Alternateur 12V 140A,4,367.23
CMD-001979,2026-08-07,Carrosserie Moderne,ROT-015403,Disque de frein ventilé,1,107.88
CMD-001979,2026-08-07,Centre Auto Plus,FUS-028100,Boîte fusibles relais,8,17.6
CMD-001979,2026-08-07,Auto-Réparation ABC,BRK-006205,Jeu plaquettes AV,8,53.37
CMD-001979,2026-08-07,Mécanique Rapide Inc.,ROT-001967,Disque de frein ventilé,1,82.24
CMD-001979,2026-08-07,Mécanique Rapide Inc.,ROT-027668,Disque de frein ventilé,1,139.0
CMD-001980,2025-11-14,Centre Auto Plus,SPK-032001,Bougie allumage iridium,3,18.07
CMD-001980,2025-11-14,Auto-Réparation ABC,ALT-006276,Alternateur 12V 140A,3,220.23
CMD-001981,2026-07-23,Auto-Réparation ABC,ROT-015403,Disque de frein ventilé,4,107.88
CMD-001981,2026-07-23,Carrosserie Moderne,ROT-007220,Disque de frein ventilé,1,116.26
CMD-001981,2026-07-23,Auto Clinic,FLT-026010,Filtre à air moteur,2,32.68
CMD-001982,2026-03-26,Auto Clinic,ALT-001778,Alternateur 12V 140A,2,242.99
CMD-001982,2026-03-26,Atelier Mécanique 360,BMP-048102,Pare-chocs AV primaire,2,212.63
CMD-001982,2026-03-26,Atelier Mécanique 360,BRK-013237,Jeu plaquettes AV,8,53.16
CMD-001982,2026-03-26,Centre Auto Plus,FUS-019025,Boîte fusibles relais,3,16.14
CMD-001983,2025-10-29,Mécanique Rapide Inc.,FLT-010535,Filtre à air moteur,1,15.65
CMD-001983,2025-10-29,Garage Tremblay,FUS-021849,Boîte fusibles relais,3,14.18
CMD-001984,2026-02-15,Auto-Réparation ABC,BLB-007509,Ampoule LED H7,7,34.03
CMD-001984,2026-02-15,Centre Auto Plus,FLT-032848,Filtre à air moteur,3,16.69
CMD-001985,2025-12-17,Centre Auto Plus,SEN-046955,Capteur ABS,2,35.73
CMD-001985,2025-12-17,Auto Clinic,ROT-031547,Disque de frein ventilé,7,189.51
CMD-001985,2025-12-17,Centre Auto Plus,BRK-006205,Jeu plaquettes AV,5,53.37
CMD-001986,2026-09-02,Carrosserie Moderne,ROT-015403,Disque de frein ventilé,4,107.88
CMD-001987,2026-01-05,Pneus & Mécanique Pro,FUS-028100,Boîte fusibles relais,4,17.6
CMD-001987,2026-01-05,Garage Royal,ROT-018669,Disque de frein ventilé,6,124.93
CMD-001987,2026-01-05,Garage du Centre,FLT-031402,Filtre à air moteur,7,26.67
CMD-001987,2026-01-05,Mécanique Rapide Inc.,ALT-008600,Alternateur 12V 140A,5,411.15
CMD-001988,2026-08-05,Garage Royal,ROT-015403,Disque de frein ventilé,1,107.88
CMD-001988,2026-08-05,Garage Royal,ROT-017022,Disque de frein ventilé,8,145.87
CMD-001988,2026-08-05,Garage du Centre,STR-023248,Jambe de force suspension,4,244.06
CMD-001988,2026-08-05,Centre Auto Plus,BRK-044381,Jeu plaquettes AV,4,48.66
CMD-001989,2025-10-11,Auto Clinic,FLT-022405,Filtre à air moteur,7,24.33
CMD-001989,2025-10-11,Garage du Centre,BMP-018500,Pare-chocs AV primaire,1,451.96
CMD-001989,2025-10-11,Carrosserie Moderne,BRK-003736,Jeu plaquettes AV,6,83.33
CMD-001989,2025-10-11,Mécanique Rapide Inc.,FUS-036362,Boîte fusibles relais,7,20.34
CMD-001990,2026-08-12,Pneus & Mécanique Pro,ROT-015403,Disque de frein ventilé,2,107.88
CMD-001990,2026-08-12,Pneus & Mécanique Pro,FLT-026010,Filtre à air moteur,1,32.68
CMD-001990,2026-08-12,Atelier Mécanique 360,SPK-031992,Bougie allumage iridium,3,20.18
CMD-001991,2026-02-16,Carrosserie Moderne,BRK-035690,Jeu plaquettes AV,5,85.62
CMD-001991,2026-02-16,Pneus & Mécanique Pro,SEN-006132,Capteur ABS,5,40.66
CMD-001992,2026-08-18,Garage Royal,BRK-017720,Jeu plaquettes AV,8,85.77
CMD-001992,2026-08-18,Garage Royal,FUS-028100,Boîte fusibles relais,8,17.6
CMD-001992,2026-08-18,Auto Clinic,RAD-025491,Radiateur refroidissement,8,220.59
CMD-001992,2026-08-18,Auto-Réparation ABC,FLT-011683,Filtre à air moteur,3,37.71
CMD-001992,2026-08-18,Garage du Centre,ALT-025474,Alternateur 12V 140A,7,369.75
CMD-001993,2025-12-31,Centre Auto Plus,ALT-001778,Alternateur 12V 140A,6,242.99
CMD-001994,2026-05-27,Centre Auto Plus,ROT-015403,Disque de frein ventilé,6,107.88
CMD-001995,2026-01-05,Garage Tremblay,BLB-020402,Ampoule LED H7,8,19.04
CMD-001995,2026-01-05,Auto-Réparation ABC,SEN-020721,Capteur ABS,3,59.04
CMD-001995,2026-01-05,Auto-Réparation ABC,FLT-017690,Filtre à air moteur,8,23.9
CMD-001995,2026-01-05,Mécanique Rapide Inc.,FUS-004135,Boîte fusibles relais,7,14.53
CMD-001996,2026-08-07,Mécanique Rapide Inc.,SPK-032001,Bougie allumage iridium,7,18.07
CMD-001996,2026-08-07,Atelier Mécanique 360,FUS-037574,Boîte fusibles relais,5,22.82
CMD-001996,2026-08-07,Auto-Réparation ABC,BRK-044381,Jeu plaquettes AV,7,48.66
CMD-001996,2026-08-07,Garage du Centre,FUS-025154,Boîte fusibles relais,4,23.1
CMD-001996,2026-08-07,Carrosserie Moderne,RAD-038113,Radiateur refroidissement,6,210.9
CMD-001997,2026-08-14,Centre Auto Plus,SEN-043446,Capteur ABS,2,71.18
CMD-001997,2026-08-14,Garage Royal,ROT-048335,Disque de frein ventilé,8,168.29
CMD-001997,2026-08-14,Mécanique Rapide Inc.,BLB-034578,Ampoule LED H7,7,41.92
CMD-001997,2026-08-14,Garage Royal,ROT-001359,Disque de frein ventilé,8,180.58
CMD-001998,2026-03-20,Auto Clinic,ROT-015403,Disque de frein ventilé,5,107.88
CMD-001998,2026-03-20,Mécanique Rapide Inc.,FUS-028100,Boîte fusibles relais,5,17.6
CMD-001998,2026-03-20,Garage Tremblay,FUS-019025,Boîte fusibles relais,8,16.14
CMD-001999,2026-04-29,Carrosserie Moderne,ROT-015403,Disque de frein ventilé,4,107.88
CMD-001999,2026-04-29,Garage Tremblay,FLT-026010,Filtre à air moteur,6,32.68
CMD-001999,2026-04-29,Auto-Réparation ABC,ROT-007220,Disque de frein ventilé,4,116.26
CMD-002000,2025-09-25,Atelier Mécanique 360,FLT-044878,Filtre à air moteur,5,36.42
CMD-002001,2026-07-03,Pneus & Mécanique Pro,ALT-001778,Alternateur 12V 140A,2,242.99
CMD-002001,2026-07-03,Garage du Centre,ALT-007205,Alternateur 12V 140A,6,250.82
CMD-002001,2026-07-03,Garage Royal,SEN-002690,Capteur ABS,8,49.02
CMD-002002,2026-05-01,Garage du Centre,ROT-015403,Disque de frein ventilé,8,107.88
CMD-002002,2026-05-01,Carrosserie Moderne,ROT-007220,Disque de frein ventilé,5,116.26
CMD-002002,2026-05-01,Mécanique Rapide Inc.,FLT-026010,Filtre à air moteur,3,32.68
CMD-002003,2025-09-24,Auto Clinic,ROT-015403,Disque de frein ventilé,3,107.88
CMD-002003,2025-09-24,Garage Royal,FUS-025154,Boîte fusibles relais,2,23.1
CMD-002003,2025-09-24,Carrosserie Moderne,RAD-042341,Radiateur refroidissement,6,227.46
CMD-002003,2025-09-24,Auto Clinic,FUS-028100,Boîte fusibles relais,7,17.6
CMD-002003,2025-09-24,Carrosserie Moderne,BRK-001937,Jeu plaquettes AV,2,88.96
CMD-002004,2026-02-03,Garage Royal,BLB-037992,Ampoule LED H7,2,27.13
CMD-002004,2026-02-03,Mécanique Rapide Inc.,RAD-049573,Radiateur refroidissement,8,215.12
CMD-002004,2026-02-03,Centre Auto Plus,STR-047020,Jambe de force suspension,3,143.22
CMD-002004,2026-02-03,Auto Clinic,BRK-039296,Jeu plaquettes AV,4,70.01
CMD-002004,2026-02-03,Carrosserie Moderne,FLT-044878,Filtre à air moteur,5,36.42
CMD-002005,2025-10-20,Pneus & Mécanique Pro,FUS-028100,Boîte fusibles relais,7,17.6
CMD-002005,2025-10-20,Pneus & Mécanique Pro,ROT-018669,Disque de frein ventilé,7,124.93
CMD-002006,2026-04-19,Carrosserie Moderne,ROT-006864,Disque de frein ventilé,5,105.15
CMD-002006,2026-04-19,Atelier Mécanique 360,BRK-006205,Jeu plaquettes AV,5,53.37
CMD-002006,2026-04-19,Garage du Centre,SEN-043446,Capteur ABS,3,71.18
CMD-002006,2026-04-19,Mécanique Rapide Inc.,ROT-015403,Disque de frein ventilé,4,107.88
CMD-002006,2026-04-19,Garage Tremblay,ROT-007220,Disque de frein ventilé,3,116.26
CMD-002007,2025-12-20,Garage Tremblay,ROT-015403,Disque de frein ventilé,8,107.88
CMD-002008,2026-03-03,Centre Auto Plus,BRK-017720,Jeu plaquettes AV,7,85.77
CMD-002008,2026-03-03,Garage Royal,SEN-046955,Capteur ABS,8,35.73
CMD-002009,2025-11-27,Pneus & Mécanique Pro,ROT-015403,Disque de frein ventilé,4,107.88
CMD-002009,2025-11-27,Mécanique Rapide Inc.,ALT-007061,Alternateur 12V 140A,2,289.42
CMD-002009,2025-11-27,Mécanique Rapide Inc.,ROT-007220,Disque de frein ventilé,7,116.26
CMD-002009,2025-11-27,Atelier Mécanique 360,SPK-031992,Bougie allumage iridium,6,20.18
CMD-002010,2026-07-11,Centre Auto Plus,ROT-015403,Disque de frein ventilé,1,107.88
CMD-002010,2026-07-11,Mécanique Rapide Inc.,SPK-031992,Bougie allumage iridium,1,20.18
CMD-002010,2026-07-11,Auto Clinic,EXH-007271,Silencieux échappement,2,390.56
CMD-002011,2026-05-08,Carrosserie Moderne,ALT-001778,Alternateur 12V 140A,8,242.99
CMD-002011,2026-05-08,Atelier Mécanique 360,ALT-007205,Alternateur 12V 140A,6,250.82
CMD-002012,2026-01-15,Mécanique Rapide Inc.,ROT-015403,Disque de frein ventilé,7,107.88
CMD-002012,2026-01-15,Carrosserie Moderne,SPK-031992,Bougie allumage iridium,8,20.18
CMD-002012,2026-01-15,Atelier Mécanique 360,ALT-007061,Alternateur 12V 140A,2,289.42
CMD-002013,2025-09-09,Pneus & Mécanique Pro,FLT-017690,Filtre à air moteur,8,23.9
CMD-002013,2025-09-09,Garage Tremblay,BRK-044618,Jeu plaquettes AV,7,48.42
CMD-002014,2026-01-10,Carrosserie Moderne,ROT-015403,Disque de frein ventilé,7,107.88
CMD-002015,2026-07-20,Garage Royal,SPK-032001,Bougie allumage iridium,5,18.07
CMD-002016,2026-03-28,Pneus & Mécanique Pro,FUS-028100,Boîte fusibles relais,1,17.6
CMD-002016,2026-03-28,Auto Clinic,FLT-031402,Filtre à air moteur,8,26.67
CMD-002017,2025-11-30,Garage Royal,SPK-032001,Bougie allumage iridium,2,18.07
CMD-002017,2025-11-30,Atelier Mécanique 360,RAD-011217,Radiateur refroidissement,7,217.88
CMD-002017,2025-11-30,Garage Royal,BRK-042035,Jeu plaquettes AV,5,57.16
CMD-002018,2026-01-19,Garage Tremblay,ROT-015403,Disque de frein ventilé,8,107.88
CMD-002018,2026-01-19,Garage du Centre,ROT-007220,Disque de frein ventilé,6,116.26
CMD-002018,2026-01-19,Garage du Centre,ALT-007061,Alternateur 12V 140A,7,289.42
CMD-002018,2026-01-19,Pneus & Mécanique Pro,FLT-026010,Filtre à air moteur,6,32.68
CMD-002018,2026-01-19,Mécanique Rapide Inc.,EXH-007271,Silencieux échappement,2,390.56
CMD-002019,2026-08-04,Atelier Mécanique 360,ROT-015403,Disque de frein ventilé,1,107.88
CMD-002019,2026-08-04,Atelier Mécanique 360,EXH-007271,Silencieux échappement,8,390.56
CMD-002020,2026-01-17,Pneus & Mécanique Pro,SEN-043446,Capteur ABS,2,71.18
CMD-002020,2026-01-17,Auto Clinic,BRK-017720,Jeu plaquettes AV,3,85.77
CMD-002021,2025-12-27,Atelier Mécanique 360,BRK-006205,Jeu plaquettes AV,6,53.37
CMD-002021,2025-12-27,Atelier Mécanique 360,BRK-037405,Jeu plaquettes AV,2,45.88
CMD-002021,2025-12-27,Auto-Réparation ABC,ROT-034002,Disque de frein ventilé,6,177.99
CMD-002021,2025-12-27,Mécanique Rapide Inc.,ALT-037590,Alternateur 12V 140A,7,461.54
CMD-002021,2025-12-27,Auto Clinic,SEN-046955,Capteur ABS,1,35.73
CMD-002022,2025-10-04,Atelier Mécanique 360,ROT-021710,Disque de frein ventilé,8,128.69
CMD-002023,2026-01-29,Carrosserie Moderne,ROT-015403,Disque de frein ventilé,7,107.88
CMD-002024,2026-09-02,Garage Tremblay,ALT-046126,Alternateur 12V 140A,2,421.09
CMD-002024,2026-09-02,Garage Royal,ALT-041787,Alternateur 12V 140A,4,213.22
CMD-002024,2026-09-02,Garage Tremblay,SPK-037015,Bougie allumage iridium,5,18.73
CMD-002024,2026-09-02,Atelier Mécanique 360,SEN-015192,Capteur ABS,4,38.69
CMD-002025,2026-01-14,Mécanique Rapide Inc.,RAD-013421,Radiateur refroidissement,7,153.6
CMD-002025,2026-01-14,Garage du Centre,ALT-047362,Alternateur 12V 140A,5,328.64
CMD-002025,2026-01-14,Carrosserie Moderne,BMP-037254,Pare-chocs AV primaire,6,283.13
CMD-002025,2026-01-14,Atelier Mécanique 360,BRK-005978,Jeu plaquettes AV,6,65.1
CMD-002026,2025-09-13,Garage Tremblay,BRK-017720,Jeu plaquettes AV,5,85.77
CMD-002026,2025-09-13,Carrosserie Moderne,ALT-015059,Alternateur 12V 140A,1,396.5
CMD-002027,2026-05-03,Carrosserie Moderne,FUS-028100,Boîte fusibles relais,5,17.6
CMD-002028,2026-06-30,Garage du Centre,ROT-015403,Disque de frein ventilé,4,107.88
CMD-002029,2026-08-01,Mécanique Rapide Inc.,ROT-021710,Disque de frein ventilé,1,128.69
CMD-002030,2025-12-10,Garage Tremblay,ROT-015403,Disque de frein ventilé,2,107.88
CMD-002030,2025-12-10,Garage Royal,ALT-027632,Alternateur 12V 140A,3,313.91
CMD-002030,2025-12-10,Atelier Mécanique 360,BRK-017720,Jeu plaquettes AV,3,85.77
CMD-002031,2026-07-03,Auto Clinic,ALT-001778,Alternateur 12V 140A,3,242.99
CMD-002031,2026-07-03,Garage Tremblay,ROT-015403,Disque de frein ventilé,1,107.88
CMD-002032,2026-08-27,Garage Tremblay,ROT-015403,Disque de frein ventilé,4,107.88
CMD-002033,2025-09-08,Garage Royal,ROT-015403,Disque de frein ventilé,4,107.88
CMD-002033,2025-09-08,Auto-Réparation ABC,FLT-026010,Filtre à air moteur,4,32.68
CMD-002033,2025-09-08,Pneus & Mécanique Pro,SPK-031992,Bougie allumage iridium,6,20.18
CMD-002034,2026-07-27,Auto Clinic,ROT-015403,Disque de frein ventilé,2,107.88
CMD-002034,2026-07-27,Centre Auto Plus,ALT-007061,Alternateur 12V 140A,3,289.42
CMD-002035,2026-03-30,Garage du Centre,SPK-003219,Bougie allumage iridium,2,16.07
CMD-002036,2025-09-25,Garage Royal,ROT-015403,Disque de frein ventilé,4,107.88
CMD-002036,2025-09-25,Auto-Réparation ABC,BRK-017720,Jeu plaquettes AV,1,85.77
CMD-002036,2025-09-25,Auto Clinic,FUS-028100,Boîte fusibles relais,8,17.6
CMD-002036,2025-09-25,Atelier Mécanique 360,SEN-013569,Capteur ABS,8,42.76
CMD-002036,2025-09-25,Auto Clinic,BMP-006087,Pare-chocs AV primaire,7,519.77
CMD-002037,2025-09-30,Centre Auto Plus,BRK-047004,Jeu plaquettes AV,5,91.9
CMD-002037,2025-09-30,Centre Auto Plus,BMP-031963,Pare-chocs AV primaire,4,274.27
CMD-002037,2025-09-30,Centre Auto Plus,FLT-026629,Filtre à air moteur,3,21.34
CMD-002037,2025-09-30,Carrosserie Moderne,FLT-010048,Filtre à air moteur,2,32.49
CMD-002038,2026-04-23,Garage Tremblay,SEN-006021,Capteur ABS,7,31.48
CMD-002038,2026-04-23,Garage du Centre,ROT-015403,Disque de frein ventilé,4,107.88
CMD-002038,2026-04-23,Auto-Réparation ABC,ROT-025009,Disque de frein ventilé,7,157.96
CMD-002039,2026-03-12,Atelier Mécanique 360,FUS-025154,Boîte fusibles relais,5,23.1
CMD-002039,2026-03-12,Pneus & Mécanique Pro,BRK-020584,Jeu plaquettes AV,8,57.06
CMD-002039,2026-03-12,Atelier Mécanique 360,RAD-035768,Radiateur refroidissement,2,177.87
CMD-002039,2026-03-12,Garage Royal,ALT-002471,Alternateur 12V 140A,6,269.92
CMD-002039,2026-03-12,Garage du Centre,RAD-011217,Radiateur refroidissement,8,217.88
CMD-002040,2026-05-19,Auto Clinic,ROT-015403,Disque de frein ventilé,2,107.88
CMD-002041,2026-08-21,Garage du Centre,SEN-006021,Capteur ABS,1,31.48
CMD-002041,2026-08-21,Auto-Réparation ABC,FUS-003395,Boîte fusibles relais,2,17.5
CMD-002041,2026-08-21,Auto-Réparation ABC,FUS-021849,Boîte fusibles relais,5,14.18
CMD-002042,2026-05-11,Garage du Centre,BLB-037992,Ampoule LED H7,4,27.13
CMD-002042,2026-05-11,Garage Tremblay,STR-047020,Jambe de force suspension,3,143.22
CMD-002042,2026-05-11,Pneus & Mécanique Pro,RAD-049573,Radiateur refroidissement,8,215.12
CMD-002042,2026-05-11,Garage Tremblay,ALT-035681,Alternateur 12V 140A,5,394.53
CMD-002042,2026-05-11,Mécanique Rapide Inc.,BRK-039296,Jeu plaquettes AV,8,70.01
CMD-002043,2025-11-09,Garage Royal,BRK-017720,Jeu plaquettes AV,6,85.77
CMD-002043,2025-11-09,Atelier Mécanique 360,SPK-043295,Bougie allumage iridium,7,13.79
CMD-002043,2025-11-09,Auto-Réparation ABC,SEN-033632,Capteur ABS,3,68.9
CMD-002043,2025-11-09,Pneus & Mécanique Pro,ALT-015059,Alternateur 12V 140A,7,396.5
CMD-002043,2025-11-09,Auto Clinic,ROT-034722,Disque de frein ventilé,5,168.29
CMD-002044,2025-10-03,Auto-Réparation ABC,FUS-028100,Boîte fusibles relais,6,17.6
CMD-002044,2025-10-03,Garage du Centre,FLT-040053,Filtre à air moteur,6,17.01
CMD-002045,2025-10-10,Mécanique Rapide Inc.,SEN-043446,Capteur ABS,6,71.18
CMD-002045,2025-10-10,Carrosserie Moderne,EXH-033760,Silencieux échappement,1,201.19
CMD-002046,2026-05-20,Atelier Mécanique 360,ROT-007220,Disque de frein ventilé,1,116.26
CMD-002046,2026-05-20,Garage Tremblay,ALT-007061,Alternateur 12V 140A,6,289.42
CMD-002046,2026-05-20,Auto Clinic,ROT-015403,Disque de frein ventilé,2,107.88
CMD-002046,2026-05-20,Centre Auto Plus,EXH-007271,Silencieux échappement,5,390.56
CMD-002046,2026-05-20,Centre Auto Plus,SPK-031992,Bougie allumage iridium,8,20.18
CMD-002047,2025-12-01,Pneus & Mécanique Pro,FLT-011683,Filtre à air moteur,8,37.71
CMD-002047,2025-12-01,Garage du Centre,FUS-041719,Boîte fusibles relais,8,14.8
CMD-002048,2025-11-12,Atelier Mécanique 360,ROT-015403,Disque de frein ventilé,3,107.88
CMD-002048,2025-11-12,Centre Auto Plus,EXH-007271,Silencieux échappement,4,390.56
CMD-002048,2025-11-12,Garage Royal,ALT-007061,Alternateur 12V 140A,5,289.42
CMD-002049,2026-08-29,Carrosserie Moderne,ROT-015403,Disque de frein ventilé,8,107.88
CMD-002049,2026-08-29,Auto-Réparation ABC,SPK-031992,Bougie allumage iridium,3,20.18
CMD-002049,2026-08-29,Centre Auto Plus,EXH-007271,Silencieux échappement,8,390.56
CMD-002049,2026-08-29,Atelier Mécanique 360,ALT-007061,Alternateur 12V 140A,2,289.42
CMD-002049,2026-08-29,Pneus & Mécanique Pro,ROT-007220,Disque de frein ventilé,7,116.26
CMD-002050,2025-11-29,Carrosserie Moderne,ROT-015403,Disque de frein ventilé,2,107.88
CMD-002050,2025-11-29,Atelier Mécanique 360,FLT-026010,Filtre à air moteur,3,32.68
CMD-002050,2025-11-29,Auto-Réparation ABC,ALT-007061,Alternateur 12V 140A,6,289.42
CMD-002050,2025-11-29,Carrosserie Moderne,EXH-007271,Silencieux échappement,1,390.56
CMD-002050,2025-11-29,Mécanique Rapide Inc.,ROT-007220,Disque de frein ventilé,8,116.26
CMD-002051,2026-07-20,Carrosserie Moderne,ALT-010069,Alternateur 12V 140A,3,284.46
CMD-002051,2026-07-20,Atelier Mécanique 360,EXH-033547,Silencieux échappement,5,322.76
CMD-002051,2026-07-20,Atelier Mécanique 360,ALT-049926,Alternateur 12V 140A,2,306.59
CMD-002051,2026-07-20,Carrosserie Moderne,BRK-005234,Jeu plaquettes AV,6,96.79
CMD-002052,2026-01-30,Garage Royal,ROT-015403,Disque de frein ventilé,6,107.88
CMD-002052,2026-01-30,Atelier Mécanique 360,BRK-006205,Jeu plaquettes AV,2,53.37
CMD-002052,2026-01-30,Atelier Mécanique 360,FUS-025154,Boîte fusibles relais,4,23.1
CMD-002053,2026-02-01,Pneus & Mécanique Pro,BRK-024683,Jeu plaquettes AV,4,107.39
CMD-002053,2026-02-01,Mécanique Rapide Inc.,BRK-024935,Jeu plaquettes AV,1,109.95
CMD-002053,2026-02-01,Auto-Réparation ABC,SEN-006586,Capteur ABS,3,39.57
CMD-002053,2026-02-01,Garage Tremblay,BRK-025898,Jeu plaquettes AV,6,75.12
CMD-002054,2025-09-22,Auto-Réparation ABC,BRK-017720,Jeu plaquettes AV,7,85.77
CMD-002054,2025-09-22,Garage Tremblay,ALT-001778,Alternateur 12V 140A,3,242.99
CMD-002054,2025-09-22,Pneus & Mécanique Pro,ROT-015403,Disque de frein ventilé,7,107.88
CMD-002054,2025-09-22,Centre Auto Plus,FLT-033743,Filtre à air moteur,6,39.16
CMD-002054,2025-09-22,Pneus & Mécanique Pro,FUS-028100,Boîte fusibles relais,4,17.6
CMD-002055,2026-03-02,Garage Royal,FUS-025154,Boîte fusibles relais,1,23.1
CMD-002055,2026-03-02,Atelier Mécanique 360,RAD-011217,Radiateur refroidissement,4,217.88
CMD-002056,2026-06-12,Centre Auto Plus,ROT-015403,Disque de frein ventilé,8,107.88
CMD-002056,2026-06-12,Auto-Réparation ABC,FLT-026010,Filtre à air moteur,6,32.68
CMD-002056,2026-06-12,Carrosserie Moderne,ALT-007061,Alternateur 12V 140A,3,289.42
CMD-002057,2026-06-12,Centre Auto Plus,SEN-002386,Capteur ABS,8,37.38
CMD-002058,2026-08-28,Mécanique Rapide Inc.,ROT-015403,Disque de frein ventilé,6,107.88
CMD-002058,2026-08-28,Atelier Mécanique 360,EXH-007271,Silencieux échappement,3,390.56
CMD-002058,2026-08-28,Garage Royal,ROT-007220,Disque de frein ventilé,3,116.26
CMD-002058,2026-08-28,Garage Tremblay,SPK-031992,Bougie allumage iridium,1,20.18
CMD-002059,2026-05-24,Centre Auto Plus,BLB-007509,Ampoule LED H7,8,34.03
CMD-002059,2026-05-24,Garage du Centre,ROT-014289,Disque de frein ventilé,6,122.32
CMD-002059,2026-05-24,Auto-Réparation ABC,FLT-032848,Filtre à air moteur,3,16.69
CMD-002060,2026-09-03,Atelier Mécanique 360,FUS-025154,Boîte fusibles relais,1,23.1
CMD-002060,2026-09-03,Auto Clinic,ALT-043817,Alternateur 12V 140A,7,318.1
CMD-002060,2026-09-03,Garage du Centre,FUS-028100,Boîte fusibles relais,3,17.6
CMD-002060,2026-09-03,Auto-Réparation ABC,ROT-015403,Disque de frein ventilé,1,107.88
CMD-002061,2026-04-09,Garage du Centre,BRK-047004,Jeu plaquettes AV,6,91.9
CMD-002061,2026-04-09,Garage Tremblay,ALT-001778,Alternateur 12V 140A,4,242.99
CMD-002061,2026-04-09,Garage Royal,ROT-015403,Disque de frein ventilé,6,107.88
CMD-002062,2026-02-13,Auto-Réparation ABC,FUS-028100,Boîte fusibles relais,5,17.6
CMD-002062,2026-02-13,Garage Royal,ALT-008600,Alternateur 12V 140A,1,411.15
CMD-002062,2026-02-13,Centre Auto Plus,SEN-004309,Capteur ABS,7,41.19
CMD-002062,2026-02-13,Garage Tremblay,FLT-031402,Filtre à air moteur,2,26.67
CMD-002062,2026-02-13,Garage Royal,FLT-009287,Filtre à air moteur,6,36.05
CMD-002063,2025-12-05,Garage Royal,FLT-011683,Filtre à air moteur,1,37.71
CMD-002064,2026-09-03,Mécanique Rapide Inc.,BLB-037992,Ampoule LED H7,7,27.13
CMD-002064,2026-09-03,Auto-Réparation ABC,ALT-035681,Alternateur 12V 140A,6,394.53
CMD-002065,2026-04-22,Pneus & Mécanique Pro,SPK-020617,Bougie allumage iridium,6,12.63
CMD-002065,2026-04-22,Centre Auto Plus,BRK-003736,Jeu plaquettes AV,5,83.33
CMD-002066,2026-08-04,Auto Clinic,ROT-021710,Disque de frein ventilé,8,128.69
CMD-002066,2026-08-04,Garage Tremblay,ALT-011901,Alternateur 12V 140A,6,437.77
CMD-002067,2026-02-04,Mécanique Rapide Inc.,BMP-037287,Pare-chocs AV primaire,7,323.55
CMD-002067,2026-02-04,Pneus & Mécanique Pro,SEN-043446,Capteur ABS,4,71.18
CMD-002067,2026-02-04,Centre Auto Plus,ALT-043817,Alternateur 12V 140A,8,318.1
CMD-002068,2026-07-25,Atelier Mécanique 360,ROT-015403,Disque de frein ventilé,4,107.88
CMD-002068,2026-07-25,Auto-Réparation ABC,ALT-007061,Alternateur 12V 140A,1,289.42
CMD-002068,2026-07-25,Auto Clinic,FLT-026010,Filtre à air moteur,3,32.68
CMD-002068,2026-07-25,Garage du Centre,ROT-007220,Disque de frein ventilé,4,116.26
CMD-002069,2025-10-02,Auto Clinic,FUS-025154,Boîte fusibles relais,7,23.1
CMD-002069,2025-10-02,Carrosserie Moderne,RAD-035768,Radiateur refroidissement,1,177.87
CMD-002069,2025-10-02,Centre Auto Plus,EXH-049698,Silencieux échappement,7,345.09
CMD-002069,2025-10-02,Garage Tremblay,BRK-020584,Jeu plaquettes AV,4,57.06
CMD-002069,2025-10-02,Garage Royal,RAD-011217,Radiateur refroidissement,3,217.88
CMD-002070,2026-04-07,Auto Clinic,FUS-026474,Boîte fusibles relais,1,18.89
CMD-002070,2026-04-07,Carrosserie Moderne,ALT-021132,Alternateur 12V 140A,4,376.48
CMD-002070,2026-04-07,Auto Clinic,BLB-028682,Ampoule LED H7,2,36.03
CMD-002070,2026-04-07,Garage Tremblay,FLT-012359,Filtre à air moteur,4,36.15
CMD-002071,2025-12-27,Auto Clinic,BRK-013237,Jeu plaquettes AV,5,53.16
CMD-002071,2025-12-27,Garage du Centre,ALT-001778,Alternateur 12V 140A,1,242.99
CMD-002071,2025-12-27,Auto-Réparation ABC,FUS-019025,Boîte fusibles relais,4,16.14
CMD-002072,2025-11-09,Garage Royal,SPK-032001,Bougie allumage iridium,5,18.07
CMD-002072,2025-11-09,Auto Clinic,ALT-013448,Alternateur 12V 140A,5,388.21
CMD-002073,2026-07-23,Auto Clinic,BRK-044381,Jeu plaquettes AV,1,48.66
CMD-002073,2026-07-23,Atelier Mécanique 360,SPK-025943,Bougie allumage iridium,1,22.81
CMD-002073,2026-07-23,Garage Tremblay,ROT-015403,Disque de frein ventilé,2,107.88
CMD-002073,2026-07-23,Garage Royal,FUS-025154,Boîte fusibles relais,6,23.1
CMD-002074,2025-12-07,Atelier Mécanique 360,ROT-015403,Disque de frein ventilé,1,107.88
CMD-002075,2026-06-29,Garage Tremblay,BRK-005978,Jeu plaquettes AV,4,65.1
CMD-002075,2026-06-29,Centre Auto Plus,ALT-047362,Alternateur 12V 140A,3,328.64
CMD-002076,2025-10-06,Auto-Réparation ABC,BRK-044618,Jeu plaquettes AV,6,48.42
CMD-002076,2025-10-06,Garage du Centre,BLB-020402,Ampoule LED H7,1,19.04
CMD-002076,2025-10-06,Auto Clinic,STR-026017,Jambe de force suspension,3,131.28
CMD-002076,2025-10-06,Garage Tremblay,FUS-004135,Boîte fusibles relais,3,14.53
CMD-002076,2025-10-06,Atelier Mécanique 360,FLT-017690,Filtre à air moteur,3,23.9
CMD-002077,2026-02-16,Auto-Réparation ABC,ROT-015403,Disque de frein ventilé,1,107.88
CMD-002077,2026-02-16,Garage du Centre,FLT-026010,Filtre à air moteur,7,32.68
CMD-002078,2025-12-12,Auto Clinic,BRK-017720,Jeu plaquettes AV,7,85.77
CMD-002078,2025-12-12,Mécanique Rapide Inc.,ROT-034722,Disque de frein ventilé,3,168.29
CMD-002078,2025-12-12,Garage Tremblay,BRK-038699,Jeu plaquettes AV,2,92.39
CMD-002079,2026-08-28,Atelier Mécanique 360,ALT-001778,Alternateur 12V 140A,7,242.99
CMD-002079,2026-08-28,Pneus & Mécanique Pro,FUS-019025,Boîte fusibles relais,8,16.14
CMD-002079,2026-08-28,Garage Tremblay,BMP-048102,Pare-chocs AV primaire,2,212.63
CMD-002079,2026-08-28,Atelier Mécanique 360,ALT-007205,Alternateur 12V 140A,1,250.82
CMD-002080,2026-08-13,Auto-Réparation ABC,ROT-007220,Disque de frein ventilé,3,116.26
CMD-002081,2025-12-06,Auto-Réparation ABC,SEN-006021,Capteur ABS,3,31.48
CMD-002081,2025-12-06,Centre Auto Plus,BRK-044381,Jeu plaquettes AV,1,48.66
CMD-002081,2025-12-06,Auto-Réparation ABC,ALT-011421,Alternateur 12V 140A,6,394.92
CMD-002081,2025-12-06,Auto Clinic,FLT-010535,Filtre à air moteur,1,15.65
CMD-002082,2026-02-14,Centre Auto Plus,RAD-008323,Radiateur refroidissement,1,225.29
CMD-002082,2026-02-14,Mécanique Rapide Inc.,FLT-001618,Filtre à air moteur,1,29.58
CMD-002082,2026-02-14,Garage Royal,FLT-029423,Filtre à air moteur,2,40.89
CMD-002082,2026-02-14,Garage Tremblay,BMP-006001,Pare-chocs AV primaire,5,264.54
CMD-002083,2025-10-24,Garage du Centre,FUS-028100,Boîte fusibles relais,7,17.6
CMD-002083,2025-10-24,Garage du Centre,SEN-004309,Capteur ABS,6,41.19
CMD-002083,2025-10-24,Atelier Mécanique 360,FLT-009287,Filtre à air moteur,1,36.05
CMD-002083,2025-10-24,Carrosserie Moderne,ALT-008600,Alternateur 12V 140A,6,411.15
CMD-002084,2025-11-10,Pneus & Mécanique Pro,SPK-013663,Bougie allumage iridium,2,30.57
CMD-002084,2025-11-10,Garage Royal,ROT-006864,Disque de frein ventilé,4,105.15
CMD-002084,2025-11-10,Centre Auto Plus,FUS-039684,Boîte fusibles relais,1,14.91
CMD-002084,2025-11-10,Centre Auto Plus,ROT-015403,Disque de frein ventilé,1,107.88
CMD-002085,2026-07-07,Auto Clinic,ALT-001778,Alternateur 12V 140A,7,242.99
CMD-002086,2026-03-20,Garage du Centre,FUS-019025,Boîte fusibles relais,6,16.14
CMD-002086,2026-03-20,Mécanique Rapide Inc.,ALT-007205,Alternateur 12V 140A,1,250.82
CMD-002087,2026-08-18,Pneus & Mécanique Pro,SEN-013569,Capteur ABS,8,42.76
CMD-002087,2026-08-18,Atelier Mécanique 360,FUS-013874,Boîte fusibles relais,1,19.21
CMD-002087,2026-08-18,Auto Clinic,ROT-027668,Disque de frein ventilé,3,139.0
CMD-002088,2026-05-03,Atelier Mécanique 360,ROT-015403,Disque de frein ventilé,2,107.88
CMD-002089,2025-10-15,Pneus & Mécanique Pro,FLT-017690,Filtre à air moteur,1,23.9
CMD-002089,2025-10-15,Pneus & Mécanique Pro,SEN-020721,Capteur ABS,6,59.04
CMD-002089,2025-10-15,Auto Clinic,BLB-020402,Ampoule LED H7,3,19.04
CMD-002089,2025-10-15,Centre Auto Plus,STR-026017,Jambe de force suspension,6,131.28
CMD-002090,2025-12-22,Garage Tremblay,FUS-026474,Boîte fusibles relais,8,18.89
CMD-002091,2026-02-01,Mécanique Rapide Inc.,FUS-028100,Boîte fusibles relais,8,17.6
CMD-002092,2026-04-24,Carrosserie Moderne,ROT-015403,Disque de frein ventilé,7,107.88
CMD-002092,2026-04-24,Carrosserie Moderne,ROT-037068,Disque de frein ventilé,3,100.89
CMD-002093,2025-12-27,Mécanique Rapide Inc.,FUS-028100,Boîte fusibles relais,8,17.6
CMD-002093,2025-12-27,Centre Auto Plus,FLT-009287,Filtre à air moteur,4,36.05
CMD-002093,2025-12-27,Auto-Réparation ABC,SEN-004309,Capteur ABS,8,41.19
CMD-002093,2025-12-27,Carrosserie Moderne,ALT-008600,Alternateur 12V 140A,4,411.15
CMD-002094,2026-01-23,Carrosserie Moderne,ROT-015403,Disque de frein ventilé,5,107.88
CMD-002094,2026-01-23,Auto-Réparation ABC,FLT-026010,Filtre à air moteur,1,32.68
CMD-002094,2026-01-23,Auto-Réparation ABC,SPK-031992,Bougie allumage iridium,5,20.18
CMD-002094,2026-01-23,Garage Tremblay,ROT-007220,Disque de frein ventilé,6,116.26
CMD-002094,2026-01-23,Mécanique Rapide Inc.,ALT-007061,Alternateur 12V 140A,8,289.42
CMD-002095,2026-09-03,Garage Tremblay,FLT-022405,Filtre à air moteur,7,24.33
CMD-002095,2026-09-03,Garage du Centre,BRK-003736,Jeu plaquettes AV,2,83.33
CMD-002096,2026-04-02,Pneus & Mécanique Pro,ROT-015403,Disque de frein ventilé,2,107.88
CMD-002097,2026-01-11,Garage Royal,FLT-022405,Filtre à air moteur,6,24.33
CMD-002097,2026-01-11,Garage Royal,BRK-003736,Jeu plaquettes AV,2,83.33
CMD-002097,2026-01-11,Auto Clinic,SPK-020617,Bougie allumage iridium,6,12.63
CMD-002098,2026-02-23,Centre Auto Plus,FUS-028100,Boîte fusibles relais,5,17.6
CMD-002098,2026-02-23,Mécanique Rapide Inc.,ROT-018669,Disque de frein ventilé,2,124.93
CMD-002098,2026-02-23,Garage Tremblay,ALT-008600,Alternateur 12V 140A,5,411.15
CMD-002099,2025-12-25,Mécanique Rapide Inc.,FLT-011683,Filtre à air moteur,6,37.71
CMD-002099,2025-12-25,Auto Clinic,FLT-033743,Filtre à air moteur,7,39.16
CMD-002099,2025-12-25,Centre Auto Plus,FUS-028100,Boîte fusibles relais,1,17.6
CMD-002100,2025-12-07,Carrosserie Moderne,BMP-018500,Pare-chocs AV primaire,3,451.96
CMD-002100,2025-12-07,Atelier Mécanique 360,FUS-000867,Boîte fusibles relais,5,12.79
CMD-002100,2025-12-07,Auto-Réparation ABC,BLB-020402,Ampoule LED H7,7,19.04
CMD-002100,2025-12-07,Mécanique Rapide Inc.,FUS-025154,Boîte fusibles relais,2,23.1
CMD-002100,2025-12-07,Pneus & Mécanique Pro,SEN-034457,Capteur ABS,3,50.82
CMD-002101,2025-09-13,Auto-Réparation ABC,BMP-037287,Pare-chocs AV primaire,6,323.55
CMD-002101,2025-09-13,Garage Tremblay,BRK-035690,Jeu plaquettes AV,3,85.62
CMD-002101,2025-09-13,Carrosserie Moderne,ALT-013343,Alternateur 12V 140A,4,241.48
CMD-002101,2025-09-13,Garage Royal,ROT-002797,Disque de frein ventilé,5,141.62
CMD-002101,2025-09-13,Atelier Mécanique 360,SEN-006132,Capteur ABS,2,40.66
CMD-002102,2026-06-26,Garage Tremblay,BLB-030464,Ampoule LED H7,8,31.77
CMD-002102,2026-06-26,Carrosserie Moderne,BRK-005234,Jeu plaquettes AV,8,96.79
CMD-002103,2026-06-29,Mécanique Rapide Inc.,EXH-034377,Silencieux échappement,5,268.92
CMD-002103,2026-06-29,Garage Royal,ROT-018008,Disque de frein ventilé,1,101.69
CMD-002104,2026-03-11,Carrosserie Moderne,SEN-006021,Capteur ABS,1,31.48
CMD-002104,2026-03-11,Atelier Mécanique 360,ROT-027668,Disque de frein ventilé,1,139.0
CMD-002104,2026-03-11,Carrosserie Moderne,BRK-024683,Jeu plaquettes AV,7,107.39
CMD-002104,2026-03-11,Carrosserie Moderne,ROT-015403,Disque de frein ventilé,2,107.88
CMD-002105,2026-06-15,Garage du Centre,ROT-015403,Disque de frein ventilé,3,107.88
CMD-002106,2025-10-21,Carrosserie Moderne,FUS-025154,Boîte fusibles relais,6,23.1
CMD-002106,2025-10-21,Auto Clinic,ALT-002471,Alternateur 12V 140A,1,269.92
CMD-002107,2026-07-03,Auto Clinic,ROT-015403,Disque de frein ventilé,7,107.88
CMD-002108,2026-02-01,Auto Clinic,FLT-011683,Filtre à air moteur,7,37.71
CMD-002108,2026-02-01,Garage Tremblay,FUS-041719,Boîte fusibles relais,4,14.8
CMD-002109,2026-05-21,Centre Auto Plus,BRK-038699,Jeu plaquettes AV,2,92.39
CMD-002109,2026-05-21,Pneus & Mécanique Pro,ALT-015059,Alternateur 12V 140A,1,396.5
CMD-002109,2026-05-21,Auto-Réparation ABC,SEN-033632,Capteur ABS,2,68.9
CMD-002110,2026-04-20,Mécanique Rapide Inc.,ROT-015403,Disque de frein ventilé,6,107.88
CMD-002110,2026-04-20,Auto-Réparation ABC,FLT-026010,Filtre à air moteur,5,32.68
CMD-002110,2026-04-20,Garage Royal,ALT-007061,Alternateur 12V 140A,6,289.42
CMD-002111,2025-12-14,Auto-Réparation ABC,ROT-043334,Disque de frein ventilé,4,133.36
CMD-002111,2025-12-14,Auto-Réparation ABC,FLT-040963,Filtre à air moteur,5,23.2
CMD-002111,2025-12-14,Carrosserie Moderne,ROT-015403,Disque de frein ventilé,6,107.88
CMD-002112,2025-11-16,Auto-Réparation ABC,FUS-025154,Boîte fusibles relais,6,23.1
CMD-002112,2025-11-16,Pneus & Mécanique Pro,RAD-011217,Radiateur refroidissement,8,217.88
CMD-002112,2025-11-16,Centre Auto Plus,BRK-020584,Jeu plaquettes AV,5,57.06
CMD-002112,2025-11-16,Mécanique Rapide Inc.,ALT-002471,Alternateur 12V 140A,6,269.92
CMD-002113,2026-07-16,Mécanique Rapide Inc.,BRK-006205,Jeu plaquettes AV,1,53.37
CMD-002113,2026-07-16,Auto Clinic,ALT-037590,Alternateur 12V 140A,6,461.54
CMD-002114,2026-06-19,Garage du Centre,FLT-011683,Filtre à air moteur,1,37.71
CMD-002114,2026-06-19,Garage Tremblay,BRK-042035,Jeu plaquettes AV,3,57.16
CMD-002115,2026-08-18,Centre Auto Plus,ROT-015403,Disque de frein ventilé,1,107.88
CMD-002115,2026-08-18,Garage Royal,FLT-026010,Filtre à air moteur,5,32.68
CMD-002115,2026-08-18,Centre Auto Plus,EXH-007271,Silencieux échappement,2,390.56
CMD-002115,2026-08-18,Auto-Réparation ABC,SPK-031992,Bougie allumage iridium,1,20.18
CMD-002116,2026-08-05,Mécanique Rapide Inc.,RAD-038113,Radiateur refroidissement,5,210.9
CMD-002117,2026-03-29,Auto-Réparation ABC,ALT-046126,Alternateur 12V 140A,1,421.09
CMD-002117,2026-03-29,Carrosserie Moderne,ALT-041787,Alternateur 12V 140A,6,213.22
CMD-002118,2026-01-29,Pneus & Mécanique Pro,ROT-015403,Disque de frein ventilé,7,107.88
CMD-002119,2026-02-12,Auto-Réparation ABC,ROT-015403,Disque de frein ventilé,6,107.88
CMD-002119,2026-02-12,Garage Royal,ROT-007220,Disque de frein ventilé,1,116.26
CMD-002120,2025-11-05,Garage du Centre,BRK-006205,Jeu plaquettes AV,5,53.37
CMD-002120,2025-11-05,Garage Royal,SEN-015192,Capteur ABS,2,38.69
CMD-002120,2025-11-05,Centre Auto Plus,ROT-015403,Disque de frein ventilé,4,107.88
CMD-002121,2026-01-26,Pneus & Mécanique Pro,ALT-000386,Alternateur 12V 140A,5,227.9
CMD-002121,2026-01-26,Pneus & Mécanique Pro,SEN-006586,Capteur ABS,7,39.57
CMD-002121,2026-01-26,Mécanique Rapide Inc.,BRK-025898,Jeu plaquettes AV,4,75.12
CMD-002122,2025-09-18,Centre Auto Plus,BLB-037992,Ampoule LED H7,7,27.13
CMD-002122,2025-09-18,Pneus & Mécanique Pro,FUS-028100,Boîte fusibles relais,3,17.6
CMD-002122,2025-09-18,Pneus & Mécanique Pro,SEN-013569,Capteur ABS,8,42.76
CMD-002122,2025-09-18,Pneus & Mécanique Pro,ROT-037068,Disque de frein ventilé,5,100.89
CMD-002122,2025-09-18,Garage du Centre,ALT-001778,Alternateur 12V 140A,6,242.99
CMD-002123,2026-02-02,Pneus & Mécanique Pro,ROT-015403,Disque de frein ventilé,1,107.88
CMD-002123,2026-02-02,Garage du Centre,EXH-007271,Silencieux échappement,1,390.56
CMD-002123,2026-02-02,Centre Auto Plus,FLT-026010,Filtre à air moteur,5,32.68
CMD-002124,2026-01-31,Garage du Centre,RAD-048210,Radiateur refroidissement,8,295.99
CMD-002124,2026-01-31,Garage Royal,ROT-034722,Disque de frein ventilé,1,168.29
CMD-002125,2025-11-26,Auto-Réparation ABC,SEN-006021,Capteur ABS,1,31.48
CMD-002126,2025-09-21,Mécanique Rapide Inc.,SEN-045054,Capteur ABS,3,56.01
CMD-002126,2025-09-21,Centre Auto Plus,ROT-044210,Disque de frein ventilé,6,175.19
CMD-002126,2025-09-21,Carrosserie Moderne,FLT-028324,Filtre à air moteur,8,18.75
CMD-002127,2026-01-04,Carrosserie Moderne,ROT-015403,Disque de frein ventilé,4,107.88
CMD-002127,2026-01-04,Garage du Centre,FLT-026010,Filtre à air moteur,6,32.68
CMD-002128,2025-10-16,Auto Clinic,ROT-015403,Disque de frein ventilé,7,107.88
CMD-002128,2025-10-16,Carrosserie Moderne,ALT-001778,Alternateur 12V 140A,3,242.99
CMD-002128,2025-10-16,Auto-Réparation ABC,BLB-048086,Ampoule LED H7,4,40.86
CMD-002128,2025-10-16,Garage Royal,FUS-019025,Boîte fusibles relais,2,16.14
CMD-002128,2025-10-16,Garage Tremblay,FUS-026474,Boîte fusibles relais,3,18.89
CMD-002129,2026-09-05,Auto Clinic,ROT-006864,Disque de frein ventilé,8,105.15
CMD-002129,2026-09-05,Pneus & Mécanique Pro,SPK-047981,Bougie allumage iridium,1,24.04
CMD-002129,2026-09-05,Auto Clinic,FUS-016622,Boîte fusibles relais,3,18.49
CMD-002130,2026-04-28,Mécanique Rapide Inc.,ROT-015403,Disque de frein ventilé,2,107.88
CMD-002130,2026-04-28,Carrosserie Moderne,BRK-047004,Jeu plaquettes AV,8,91.9
CMD-002130,2026-04-28,Carrosserie Moderne,FLT-044878,Filtre à air moteur,6,36.42
CMD-002130,2026-04-28,Garage Tremblay,BRK-014503,Jeu plaquettes AV,7,88.03
CMD-002131,2026-04-05,Garage du Centre,FUS-037574,Boîte fusibles relais,6,22.82
CMD-002131,2026-04-05,Auto Clinic,ALT-001778,Alternateur 12V 140A,7,242.99
CMD-002131,2026-04-05,Garage Tremblay,FUS-025154,Boîte fusibles relais,6,23.1
CMD-002131,2026-04-05,Atelier Mécanique 360,FLT-017708,Filtre à air moteur,5,29.61
CMD-002131,2026-04-05,Garage Royal,ROT-015403,Disque de frein ventilé,6,107.88
CMD-002132,2025-09-22,Pneus & Mécanique Pro,ROT-015403,Disque de frein ventilé,7,107.88
CMD-002132,2025-09-22,Auto Clinic,FLT-026010,Filtre à air moteur,1,32.68
CMD-002132,2025-09-22,Garage Royal,ALT-007061,Alternateur 12V 140A,3,289.42
CMD-002132,2025-09-22,Garage Tremblay,SPK-031992,Bougie allumage iridium,7,20.18
CMD-002132,2025-09-22,Pneus & Mécanique Pro,ROT-007220,Disque de frein ventilé,7,116.26
CMD-002133,2026-09-01,Auto-Réparation ABC,ALT-010069,Alternateur 12V 140A,7,284.46
CMD-002134,2026-02-18,Garage Royal,ROT-015403,Disque de frein ventilé,5,107.88
CMD-002134,2026-02-18,Garage Royal,FLT-026010,Filtre à air moteur,8,32.68
CMD-002134,2026-02-18,Auto-Réparation ABC,ROT-007220,Disque de frein ventilé,5,116.26
CMD-002134,2026-02-18,Auto-Réparation ABC,ALT-007061,Alternateur 12V 140A,5,289.42
CMD-002135,2025-10-22,Garage du Centre,ALT-033658,Alternateur 12V 140A,5,254.43
CMD-002135,2025-10-22,Atelier Mécanique 360,ROT-015638,Disque de frein ventilé,1,119.45
CMD-002136,2025-10-22,Carrosserie Moderne,FLT-011683,Filtre à air moteur,8,37.71
CMD-002136,2025-10-22,Pneus & Mécanique Pro,BRK-017720,Jeu plaquettes AV,1,85.77
CMD-002136,2025-10-22,Atelier Mécanique 360,FUS-026474,Boîte fusibles relais,5,18.89
CMD-002136,2025-10-22,Pneus & Mécanique Pro,FUS-040638,Boîte fusibles relais,8,8.95
CMD-002137,2026-02-28,Auto Clinic,FUS-028100,Boîte fusibles relais,3,17.6
CMD-002137,2026-02-28,Garage du Centre,FLT-031402,Filtre à air moteur,8,26.67
CMD-002137,2026-02-28,Atelier Mécanique 360,ROT-018669,Disque de frein ventilé,4,124.93
CMD-002137,2026-02-28,Carrosserie Moderne,FLT-009287,Filtre à air moteur,2,36.05
CMD-002138,2026-08-21,Centre Auto Plus,FUS-025154,Boîte fusibles relais,5,23.1
CMD-002138,2026-08-21,Auto Clinic,RAD-011217,Radiateur refroidissement,2,217.88
CMD-002139,2026-08-19,Pneus & Mécanique Pro,FLT-022405,Filtre à air moteur,8,24.33
CMD-002140,2026-04-30,Garage Royal,ROT-021710,Disque de frein ventilé,3,128.69
CMD-002140,2026-04-30,Garage du Centre,FLT-026606,Filtre à air moteur,2,14.88
CMD-002140,2026-04-30,Mécanique Rapide Inc.,ALT-036394,Alternateur 12V 140A,5,433.19
CMD-002140,2026-04-30,Auto Clinic,ALT-011901,Alternateur 12V 140A,3,437.77
CMD-002141,2026-04-12,Pneus & Mécanique Pro,SPK-032001,Bougie allumage iridium,2,18.07
CMD-002141,2026-04-12,Auto-Réparation ABC,FUS-003501,Boîte fusibles relais,1,22.29
CMD-002142,2026-08-07,Carrosserie Moderne,BRK-017720,Jeu plaquettes AV,2,85.77
CMD-002142,2026-08-07,Mécanique Rapide Inc.,ROT-015403,Disque de frein ventilé,3,107.88
CMD-002142,2026-08-07,Atelier Mécanique 360,BRK-047004,Jeu plaquettes AV,2,91.9
CMD-002142,2026-08-07,Garage Royal,SEN-019139,Capteur ABS,1,38.32
CMD-002143,2025-12-14,Auto-Réparation ABC,FUS-028100,Boîte fusibles relais,4,17.6
CMD-002143,2025-12-14,Auto-Réparation ABC,FLT-031402,Filtre à air moteur,6,26.67
CMD-002143,2025-12-14,Auto Clinic,SEN-004309,Capteur ABS,4,41.19
CMD-002143,2025-12-14,Atelier Mécanique 360,ALT-008600,Alternateur 12V 140A,8,411.15
CMD-002143,2025-12-14,Carrosserie Moderne,ROT-018669,Disque de frein ventilé,8,124.93
CMD-002144,2026-02-08,Mécanique Rapide Inc.,FUS-025154,Boîte fusibles relais,7,23.1
CMD-002144,2026-02-08,Garage Royal,RAD-035768,Radiateur refroidissement,6,177.87
CMD-002144,2026-02-08,Pneus & Mécanique Pro,ALT-002471,Alternateur 12V 140A,1,269.92
CMD-002144,2026-02-08,Auto-Réparation ABC,BRK-020584,Jeu plaquettes AV,2,57.06
CMD-002145,2026-08-10,Carrosserie Moderne,FUS-025154,Boîte fusibles relais,4,23.1
CMD-002145,2026-08-10,Auto Clinic,RAD-011217,Radiateur refroidissement,2,217.88
CMD-002145,2026-08-10,Garage Tremblay,BRK-020584,Jeu plaquettes AV,6,57.06
CMD-002145,2026-08-10,Carrosserie Moderne,RAD-035768,Radiateur refroidissement,5,177.87
CMD-002146,2026-04-23,Atelier Mécanique 360,FLT-026629,Filtre à air moteur,4,21.34
CMD-002146,2026-04-23,Auto Clinic,EXH-049698,Silencieux échappement,1,345.09
CMD-002146,2026-04-23,Centre Auto Plus,ROT-015403,Disque de frein ventilé,7,107.88
CMD-002146,2026-04-23,Garage Tremblay,ALT-010069,Alternateur 12V 140A,2,284.46
CMD-002146,2026-04-23,Pneus & Mécanique Pro,ROT-044210,Disque de frein ventilé,6,175.19
CMD-002147,2026-03-13,Auto-Réparation ABC,FUS-028100,Boîte fusibles relais,8,17.6
CMD-002147,2026-03-13,Garage Tremblay,FLT-009287,Filtre à air moteur,5,36.05
CMD-002147,2026-03-13,Centre Auto Plus,FLT-031402,Filtre à air moteur,2,26.67
CMD-002147,2026-03-13,Pneus & Mécanique Pro,SEN-004309,Capteur ABS,8,41.19
CMD-002148,2026-06-20,Mécanique Rapide Inc.,FUS-028100,Boîte fusibles relais,2,17.6
CMD-002148,2026-06-20,Garage du Centre,ROT-015403,Disque de frein ventilé,2,107.88
CMD-002148,2026-06-20,Pneus & Mécanique Pro,BRK-006205,Jeu plaquettes AV,2,53.37
CMD-002148,2026-06-20,Mécanique Rapide Inc.,FUS-025154,Boîte fusibles relais,6,23.1
CMD-002148,2026-06-20,Carrosserie Moderne,FUS-026474,Boîte fusibles relais,6,18.89
CMD-002149,2026-04-07,Garage Royal,FUS-019025,Boîte fusibles relais,3,16.14
CMD-002149,2026-04-07,Garage Tremblay,SEN-002690,Capteur ABS,3,49.02
CMD-002149,2026-04-07,Mécanique Rapide Inc.,BRK-013237,Jeu plaquettes AV,7,53.16
CMD-002149,2026-04-07,Garage du Centre,ALT-001778,Alternateur 12V 140A,7,242.99
CMD-002150,2026-01-09,Garage Royal,BLB-037992,Ampoule LED H7,5,27.13
CMD-002150,2026-01-09,Carrosserie Moderne,ROT-015403,Disque de frein ventilé,5,107.88
CMD-002151,2026-08-27,Centre Auto Plus,RAD-008323,Radiateur refroidissement,7,225.29
CMD-002151,2026-08-27,Auto-Réparation ABC,FLT-029423,Filtre à air moteur,5,40.89
CMD-002152,2025-11-19,Garage du Centre,FUS-025154,Boîte fusibles relais,5,23.1
CMD-002152,2025-11-19,Garage du Centre,BRK-005978,Jeu plaquettes AV,2,65.1
CMD-002152,2025-11-19,Garage du Centre,ALT-041787,Alternateur 12V 140A,6,213.22
CMD-002152,2025-11-19,Carrosserie Moderne,ROT-007220,Disque de frein ventilé,7,116.26
CMD-002153,2026-03-11,Garage Tremblay,ROT-015403,Disque de frein ventilé,7,107.88
CMD-002153,2026-03-11,Garage Royal,SPK-032001,Bougie allumage iridium,8,18.07
CMD-002153,2026-03-11,Pneus & Mécanique Pro,ALT-002471,Alternateur 12V 140A,7,269.92
CMD-002153,2026-03-11,Carrosserie Moderne,FUS-028100,Boîte fusibles relais,6,17.6
CMD-002154,2025-11-10,Centre Auto Plus,FUS-025154,Boîte fusibles relais,4,23.1
CMD-002154,2025-11-10,Auto-Réparation ABC,SEN-015192,Capteur ABS,7,38.69
CMD-002154,2025-11-10,Garage Tremblay,ROT-021710,Disque de frein ventilé,3,128.69
CMD-002155,2026-03-30,Centre Auto Plus,SPK-003219,Bougie allumage iridium,5,16.07
CMD-002155,2026-03-30,Pneus & Mécanique Pro,ROT-015403,Disque de frein ventilé,8,107.88
CMD-002155,2026-03-30,Atelier Mécanique 360,ROT-034722,Disque de frein ventilé,6,168.29
CMD-002155,2026-03-30,Pneus & Mécanique Pro,ALT-049926,Alternateur 12V 140A,4,306.59
CMD-002156,2026-08-03,Mécanique Rapide Inc.,FUS-028100,Boîte fusibles relais,1,17.6
CMD-002157,2026-04-28,Carrosserie Moderne,BRK-047004,Jeu plaquettes AV,2,91.9
CMD-002158,2026-08-16,Atelier Mécanique 360,ROT-015403,Disque de frein ventilé,8,107.88
CMD-002158,2026-08-16,Garage Royal,ALT-007061,Alternateur 12V 140A,7,289.42
CMD-002158,2026-08-16,Garage Tremblay,ROT-007220,Disque de frein ventilé,7,116.26
CMD-002158,2026-08-16,Garage du Centre,SPK-031992,Bougie allumage iridium,5,20.18
CMD-002159,2025-11-27,Mécanique Rapide Inc.,FUS-027893,Boîte fusibles relais,7,20.0
CMD-002160,2026-04-14,Carrosserie Moderne,FUS-028100,Boîte fusibles relais,5,17.6
CMD-002160,2026-04-14,Pneus & Mécanique Pro,ROT-018669,Disque de frein ventilé,5,124.93
CMD-002160,2026-04-14,Pneus & Mécanique Pro,ALT-008600,Alternateur 12V 140A,7,411.15
CMD-002160,2026-04-14,Atelier Mécanique 360,SEN-004309,Capteur ABS,6,41.19
CMD-002161,2026-07-07,Garage Royal,FUS-026474,Boîte fusibles relais,3,18.89
CMD-002161,2026-07-07,Garage Royal,BLB-028682,Ampoule LED H7,1,36.03
CMD-002161,2026-07-07,Garage Tremblay,FLT-012359,Filtre à air moteur,2,36.15
CMD-002162,2026-04-14,Mécanique Rapide Inc.,ROT-006864,Disque de frein ventilé,5,105.15
CMD-002162,2026-04-14,Garage du Centre,FUS-025154,Boîte fusibles relais,1,23.1
CMD-002162,2026-04-14,Garage Royal,ROT-014558,Disque de frein ventilé,7,191.2
CMD-002162,2026-04-14,Centre Auto Plus,FLT-001618,Filtre à air moteur,2,29.58
CMD-002163,2025-12-05,Carrosserie Moderne,ROT-043334,Disque de frein ventilé,7,133.36
CMD-002163,2025-12-05,Garage Royal,SPK-032001,Bougie allumage iridium,7,18.07
CMD-002163,2025-12-05,Carrosserie Moderne,STR-023248,Jambe de force suspension,3,244.06
CMD-002164,2026-05-19,Carrosserie Moderne,ROT-006864,Disque de frein ventilé,2,105.15
CMD-002164,2026-05-19,Garage Tremblay,BRK-017720,Jeu plaquettes AV,1,85.77
CMD-002164,2026-05-19,Centre Auto Plus,ROT-027668,Disque de frein ventilé,5,139.0
CMD-002165,2025-09-25,Mécanique Rapide Inc.,SEN-006021,Capteur ABS,2,31.48
CMD-002166,2026-08-05,Garage du Centre,BRK-017720,Jeu plaquettes AV,2,85.77
CMD-002166,2026-08-05,Carrosserie Moderne,FUS-025154,Boîte fusibles relais,3,23.1
CMD-002166,2026-08-05,Pneus & Mécanique Pro,FUS-039684,Boîte fusibles relais,1,14.91
CMD-002166,2026-08-05,Auto Clinic,BRK-009718,Jeu plaquettes AV,4,49.14
CMD-002167,2025-09-09,Mécanique Rapide Inc.,FUS-026474,Boîte fusibles relais,6,18.89
CMD-002167,2025-09-09,Garage Tremblay,SEN-038683,Capteur ABS,3,70.76
CMD-002168,2026-08-04,Centre Auto Plus,ROT-015403,Disque de frein ventilé,5,107.88
CMD-002168,2026-08-04,Mécanique Rapide Inc.,SPK-031992,Bougie allumage iridium,3,20.18
CMD-002168,2026-08-04,Garage Tremblay,ALT-007061,Alternateur 12V 140A,5,289.42
CMD-002168,2026-08-04,Mécanique Rapide Inc.,FLT-026010,Filtre à air moteur,3,32.68
CMD-002168,2026-08-04,Mécanique Rapide Inc.,ROT-007220,Disque de frein ventilé,5,116.26
CMD-002169,2026-03-01,Carrosserie Moderne,RAD-011310,Radiateur refroidissement,7,240.6
CMD-002170,2026-04-09,Mécanique Rapide Inc.,FLT-022405,Filtre à air moteur,3,24.33
CMD-002170,2026-04-09,Garage Tremblay,ROT-037875,Disque de frein ventilé,1,177.18
CMD-002171,2025-10-18,Pneus & Mécanique Pro,RAD-025660,Radiateur refroidissement,3,165.29
CMD-002172,2026-01-22,Garage Tremblay,BMP-028097,Pare-chocs AV primaire,4,523.46
CMD-002172,2026-01-22,Garage Tremblay,ROT-025009,Disque de frein ventilé,3,157.96
CMD-002172,2026-01-22,Centre Auto Plus,FLT-005484,Filtre à air moteur,7,34.9
CMD-002172,2026-01-22,Garage du Centre,SPK-003219,Bougie allumage iridium,1,16.07
CMD-002172,2026-01-22,Garage Tremblay,ALT-025474,Alternateur 12V 140A,2,369.75
CMD-002173,2026-03-13,Garage Tremblay,ROT-014558,Disque de frein ventilé,1,191.2
CMD-002173,2026-03-13,Garage Royal,ALT-026012,Alternateur 12V 140A,3,371.93
CMD-002173,2026-03-13,Centre Auto Plus,SEN-002566,Capteur ABS,3,37.92
CMD-002173,2026-03-13,Carrosserie Moderne,ROT-001967,Disque de frein ventilé,8,82.24
CMD-002173,2026-03-13,Auto Clinic,BRK-036192,Jeu plaquettes AV,1,67.56
CMD-002174,2026-05-13,Atelier Mécanique 360,ALT-001778,Alternateur 12V 140A,2,242.99
CMD-002174,2026-05-13,Garage du Centre,SEN-002690,Capteur ABS,7,49.02
CMD-002174,2026-05-13,Atelier Mécanique 360,BMP-048102,Pare-chocs AV primaire,5,212.63
CMD-002174,2026-05-13,Mécanique Rapide Inc.,BRK-013237,Jeu plaquettes AV,7,53.16
CMD-002175,2025-12-06,Atelier Mécanique 360,FUS-028100,Boîte fusibles relais,2,17.6
CMD-002175,2025-12-06,Centre Auto Plus,ROT-015403,Disque de frein ventilé,7,107.88
CMD-002175,2025-12-06,Garage du Centre,FUS-025154,Boîte fusibles relais,2,23.1
CMD-002176,2026-06-15,Auto-Réparation ABC,BRK-017720,Jeu plaquettes AV,6,85.77
CMD-002176,2026-06-15,Atelier Mécanique 360,SEN-033632,Capteur ABS,2,68.9
CMD-002176,2026-06-15,Atelier Mécanique 360,ALT-015059,Alternateur 12V 140A,7,396.5
CMD-002176,2026-06-15,Atelier Mécanique 360,SPK-043295,Bougie allumage iridium,3,13.79
CMD-002176,2026-06-15,Atelier Mécanique 360,ROT-034722,Disque de frein ventilé,8,168.29
CMD-002177,2025-09-20,Garage Royal,FLT-032848,Filtre à air moteur,2,16.69
CMD-002177,2025-09-20,Pneus & Mécanique Pro,SEN-008012,Capteur ABS,6,33.57
CMD-002178,2025-10-06,Atelier Mécanique 360,SEN-013569,Capteur ABS,3,42.76
CMD-002178,2025-10-06,Garage Tremblay,ROT-015403,Disque de frein ventilé,1,107.88
CMD-002178,2025-10-06,Atelier Mécanique 360,FLT-028324,Filtre à air moteur,4,18.75
CMD-002178,2025-10-06,Pneus & Mécanique Pro,EXH-034377,Silencieux échappement,4,268.92
CMD-002179,2026-05-15,Auto Clinic,FLT-044878,Filtre à air moteur,4,36.42
CMD-002179,2026-05-15,Auto-Réparation ABC,STR-047020,Jambe de force suspension,7,143.22
CMD-002180,2025-11-02,Garage Royal,ROT-034722,Disque de frein ventilé,4,168.29
CMD-002180,2025-11-02,Atelier Mécanique 360,BRK-038699,Jeu plaquettes AV,3,92.39
CMD-002180,2025-11-02,Centre Auto Plus,ALT-015059,Alternateur 12V 140A,6,396.5
CMD-002180,2025-11-02,Centre Auto Plus,SEN-033632,Capteur ABS,8,68.9
CMD-002180,2025-11-02,Auto-Réparation ABC,BRK-017720,Jeu plaquettes AV,3,85.77
CMD-002181,2025-11-25,Pneus & Mécanique Pro,FUS-025154,Boîte fusibles relais,2,23.1
CMD-002182,2026-01-18,Auto Clinic,ALT-001778,Alternateur 12V 140A,6,242.99
CMD-002182,2026-01-18,Pneus & Mécanique Pro,BMP-048102,Pare-chocs AV primaire,4,212.63
CMD-002182,2026-01-18,Garage Royal,BRK-013237,Jeu plaquettes AV,6,53.16
CMD-002183,2026-04-24,Garage Royal,FLT-022405,Filtre à air moteur,8,24.33
CMD-002183,2026-04-24,Garage Tremblay,BMP-018500,Pare-chocs AV primaire,8,451.96
CMD-002183,2026-04-24,Auto-Réparation ABC,SPK-020617,Bougie allumage iridium,6,12.63
CMD-002184,2026-07-21,Mécanique Rapide Inc.,ROT-015403,Disque de frein ventilé,7,107.88
CMD-002184,2026-07-21,Garage Royal,FLT-026010,Filtre à air moteur,3,32.68
CMD-002184,2026-07-21,Pneus & Mécanique Pro,ALT-007061,Alternateur 12V 140A,4,289.42
CMD-002184,2026-07-21,Garage Tremblay,ROT-007220,Disque de frein ventilé,6,116.26
CMD-002185,2026-06-09,Garage Tremblay,BRK-017720,Jeu plaquettes AV,6,85.77
CMD-002186,2026-05-07,Garage du Centre,ROT-015403,Disque de frein ventilé,7,107.88
CMD-002186,2026-05-07,Garage Royal,ROT-007220,Disque de frein ventilé,7,116.26
CMD-002187,2026-08-13,Auto Clinic,FUS-000867,Boîte fusibles relais,6,12.79
CMD-002187,2026-08-13,Auto Clinic,RAD-048210,Radiateur refroidissement,6,295.99
CMD-002187,2026-08-13,Garage Royal,ROT-014715,Disque de frein ventilé,3,133.08
CMD-002188,2026-05-29,Garage Royal,BLB-037992,Ampoule LED H7,5,27.13
CMD-002189,2026-04-05,Garage Royal,FUS-026474,Boîte fusibles relais,6,18.89
CMD-002189,2026-04-05,Pneus & Mécanique Pro,FUS-028100,Boîte fusibles relais,5,17.6
CMD-002190,2026-06-17,Carrosserie Moderne,ROT-047623,Disque de frein ventilé,4,191.56
CMD-002190,2026-06-17,Carrosserie Moderne,FLT-040963,Filtre à air moteur,1,23.2
CMD-002191,2025-10-30,Garage du Centre,BRK-017720,Jeu plaquettes AV,1,85.77
CMD-002191,2025-10-30,Centre Auto Plus,ALT-035530,Alternateur 12V 140A,7,238.74
CMD-002191,2025-10-30,Carrosserie Moderne,ROT-015403,Disque de frein ventilé,6,107.88
CMD-002192,2025-11-10,Garage Tremblay,BRK-003031,Jeu plaquettes AV,5,102.24
CMD-002192,2025-11-10,Auto Clinic,ALT-010794,Alternateur 12V 140A,2,367.23
CMD-002192,2025-11-10,Auto Clinic,ROT-037068,Disque de frein ventilé,2,100.89
CMD-002192,2025-11-10,Pneus & Mécanique Pro,FLT-042228,Filtre à air moteur,3,38.95
CMD-002193,2026-04-05,Garage Royal,BLB-037992,Ampoule LED H7,2,27.13
CMD-002193,2026-04-05,Atelier Mécanique 360,FUS-026474,Boîte fusibles relais,4,18.89
CMD-002193,2026-04-05,Garage Royal,RAD-042341,Radiateur refroidissement,4,227.46
CMD-002193,2026-04-05,Auto-Réparation ABC,SEN-049426,Capteur ABS,1,58.54
CMD-002193,2026-04-05,Mécanique Rapide Inc.,SPK-042345,Bougie allumage iridium,1,19.89
CMD-002194,2026-01-12,Auto-Réparation ABC,FUS-019025,Boîte fusibles relais,1,16.14
CMD-002194,2026-01-12,Garage Tremblay,ALT-007205,Alternateur 12V 140A,3,250.82
CMD-002194,2026-01-12,Auto-Réparation ABC,SEN-002690,Capteur ABS,8,49.02
CMD-002194,2026-01-12,Auto Clinic,BRK-013237,Jeu plaquettes AV,5,53.16
CMD-002195,2026-08-11,Centre Auto Plus,ALT-047362,Alternateur 12V 140A,2,328.64
CMD-002195,2026-08-11,Pneus & Mécanique Pro,FUS-025154,Boîte fusibles relais,1,23.1
CMD-002195,2026-08-11,Auto-Réparation ABC,ROT-047623,Disque de frein ventilé,5,191.56
CMD-002195,2026-08-11,Auto Clinic,ROT-006864,Disque de frein ventilé,3,105.15
CMD-002196,2026-08-04,Garage Tremblay,FLT-033743,Filtre à air moteur,7,39.16
CMD-002197,2025-11-12,Garage Royal,FUS-028100,Boîte fusibles relais,3,17.6
CMD-002197,2025-11-12,Pneus & Mécanique Pro,FLT-031402,Filtre à air moteur,3,26.67
CMD-002198,2025-12-03,Carrosserie Moderne,EXH-034377,Silencieux échappement,3,268.92
CMD-002198,2025-12-03,Garage Tremblay,SEN-031098,Capteur ABS,2,67.4
CMD-002198,2025-12-03,Auto Clinic,ALT-043817,Alternateur 12V 140A,5,318.1
CMD-002198,2025-12-03,Mécanique Rapide Inc.,ROT-018008,Disque de frein ventilé,7,101.69
CMD-002198,2025-12-03,Auto-Réparation ABC,FLT-019590,Filtre à air moteur,2,19.27
CMD-002199,2025-12-05,Garage du Centre,ROT-015403,Disque de frein ventilé,6,107.88
CMD-002199,2025-12-05,Mécanique Rapide Inc.,EXH-007271,Silencieux échappement,3,390.56
CMD-002199,2025-12-05,Mécanique Rapide Inc.,FLT-026010,Filtre à air moteur,8,32.68
CMD-002199,2025-12-05,Auto Clinic,SPK-031992,Bougie allumage iridium,1,20.18
CMD-002199,2025-12-05,Auto Clinic,ROT-007220,Disque de frein ventilé,4,116.26
CMD-002200,2026-02-15,Garage Tremblay,BLB-040946,Ampoule LED H7,4,29.33
CMD-002201,2026-04-12,Pneus & Mécanique Pro,FUS-026474,Boîte fusibles relais,3,18.89
CMD-002201,2026-04-12,Garage du Centre,FLT-012359,Filtre à air moteur,4,36.15
CMD-002202,2026-07-28,Garage du Centre,SEN-006132,Capteur ABS,5,40.66
CMD-002203,2026-03-17,Garage du Centre,ROT-015403,Disque de frein ventilé,1,107.88
CMD-002203,2026-03-17,Mécanique Rapide Inc.,FLT-026010,Filtre à air moteur,4,32.68
CMD-002203,2026-03-17,Pneus & Mécanique Pro,SPK-031992,Bougie allumage iridium,1,20.18
CMD-002203,2026-03-17,Garage Royal,ROT-007220,Disque de frein ventilé,2,116.26
CMD-002204,2025-09-20,Carrosserie Moderne,RAD-038113,Radiateur refroidissement,4,210.9
CMD-002204,2025-09-20,Mécanique Rapide Inc.,FLT-004312,Filtre à air moteur,2,25.94
CMD-002204,2025-09-20,Carrosserie Moderne,SEN-026353,Capteur ABS,5,42.53
CMD-002205,2026-06-20,Carrosserie Moderne,SEN-013569,Capteur ABS,8,42.76
CMD-002205,2026-06-20,Carrosserie Moderne,FUS-028100,Boîte fusibles relais,3,17.6
CMD-002206,2025-12-12,Auto Clinic,SPK-032001,Bougie allumage iridium,8,18.07
CMD-002206,2025-12-12,Atelier Mécanique 360,RAD-038113,Radiateur refroidissement,3,210.9
CMD-002206,2025-12-12,Garage du Centre,BRK-006205,Jeu plaquettes AV,5,53.37
CMD-002206,2025-12-12,Mécanique Rapide Inc.,ALT-001778,Alternateur 12V 140A,2,242.99
CMD-002207,2026-02-10,Auto Clinic,ROT-007220,Disque de frein ventilé,8,116.26
CMD-002207,2026-02-10,Centre Auto Plus,ALT-007061,Alternateur 12V 140A,7,289.42
CMD-002207,2026-02-10,Garage du Centre,EXH-007271,Silencieux échappement,2,390.56
CMD-002207,2026-02-10,Mécanique Rapide Inc.,FLT-026010,Filtre à air moteur,2,32.68
CMD-002207,2026-02-10,Garage du Centre,ROT-015403,Disque de frein ventilé,5,107.88
CMD-002208,2026-05-29,Mécanique Rapide Inc.,ROT-015403,Disque de frein ventilé,6,107.88
CMD-002208,2026-05-29,Auto Clinic,SEN-002386,Capteur ABS,3,37.38
CMD-002208,2026-05-29,Centre Auto Plus,FUS-026474,Boîte fusibles relais,8,18.89
CMD-002208,2026-05-29,Garage du Centre,FUS-028100,Boîte fusibles relais,5,17.6
CMD-002209,2026-06-22,Garage Tremblay,FUS-028100,Boîte fusibles relais,7,17.6
CMD-002209,2026-06-22,Pneus & Mécanique Pro,ROT-018669,Disque de frein ventilé,2,124.93
CMD-002209,2026-06-22,Auto Clinic,ALT-008600,Alternateur 12V 140A,1,411.15
CMD-002209,2026-06-22,Garage Royal,FLT-031402,Filtre à air moteur,2,26.67
CMD-002210,2025-09-18,Pneus & Mécanique Pro,BRK-017720,Jeu plaquettes AV,8,85.77
CMD-002210,2025-09-18,Garage Royal,EXH-034377,Silencieux échappement,8,268.92
CMD-002210,2025-09-18,Garage du Centre,FUS-025154,Boîte fusibles relais,6,23.1
CMD-002210,2025-09-18,Atelier Mécanique 360,ALT-001778,Alternateur 12V 140A,6,242.99
CMD-002210,2025-09-18,Garage Royal,ROT-015403,Disque de frein ventilé,1,107.88
CMD-002211,2026-06-15,Auto Clinic,SPK-034162,Bougie allumage iridium,2,15.54
CMD-002211,2026-06-15,Auto-Réparation ABC,RAD-011310,Radiateur refroidissement,8,240.6
CMD-002212,2026-07-12,Pneus & Mécanique Pro,FLT-040053,Filtre à air moteur,8,17.01
CMD-002212,2026-07-12,Carrosserie Moderne,ROT-015403,Disque de frein ventilé,6,107.88
CMD-002212,2026-07-12,Garage du Centre,BRK-002545,Jeu plaquettes AV,4,48.87
CMD-002212,2026-07-12,Garage Tremblay,SEN-043446,Capteur ABS,8,71.18
CMD-002212,2026-07-12,Atelier Mécanique 360,BLB-037992,Ampoule LED H7,5,27.13
CMD-002213,2026-04-18,Auto Clinic,ROT-015403,Disque de frein ventilé,3,107.88
CMD-002213,2026-04-18,Garage Royal,ALT-007061,Alternateur 12V 140A,1,289.42
CMD-002213,2026-04-18,Atelier Mécanique 360,FLT-026010,Filtre à air moteur,1,32.68
CMD-002213,2026-04-18,Auto-Réparation ABC,SPK-031992,Bougie allumage iridium,2,20.18
CMD-002214,2026-03-07,Atelier Mécanique 360,ALT-033658,Alternateur 12V 140A,5,254.43
CMD-002214,2026-03-07,Auto Clinic,EXH-047688,Silencieux échappement,7,255.52
CMD-002214,2026-03-07,Garage Tremblay,EXH-006384,Silencieux échappement,3,357.03
CMD-002214,2026-03-07,Atelier Mécanique 360,ALT-027632,Alternateur 12V 140A,6,313.91
CMD-002215,2025-11-20,Carrosserie Moderne,FUS-028100,Boîte fusibles relais,5,17.6
CMD-002215,2025-11-20,Garage Royal,FLT-031402,Filtre à air moteur,4,26.67
CMD-002216,2026-05-27,Carrosserie Moderne,ALT-001778,Alternateur 12V 140A,6,242.99
CMD-002216,2026-05-27,Garage du Centre,SEN-002690,Capteur ABS,5,49.02
CMD-002216,2026-05-27,Atelier Mécanique 360,FUS-019025,Boîte fusibles relais,7,16.14
CMD-002216,2026-05-27,Auto-Réparation ABC,ALT-007205,Alternateur 12V 140A,8,250.82
CMD-002217,2026-08-01,Auto Clinic,ROT-015403,Disque de frein ventilé,8,107.88
CMD-002217,2026-08-01,Garage Tremblay,ALT-007061,Alternateur 12V 140A,2,289.42
CMD-002217,2026-08-01,Carrosserie Moderne,SPK-031992,Bougie allumage iridium,7,20.18
CMD-002217,2026-08-01,Auto-Réparation ABC,ROT-007220,Disque de frein ventilé,3,116.26
CMD-002218,2026-03-21,Atelier Mécanique 360,ROT-015403,Disque de frein ventilé,6,107.88
CMD-002218,2026-03-21,Garage Tremblay,EXH-007271,Silencieux échappement,8,390.56
CMD-002218,2026-03-21,Auto Clinic,SPK-031992,Bougie allumage iridium,5,20.18
CMD-002219,2026-04-06,Auto Clinic,ROT-038207,Disque de frein ventilé,4,92.77
CMD-002219,2026-04-06,Mécanique Rapide Inc.,ROT-021710,Disque de frein ventilé,3,128.69
CMD-002219,2026-04-06,Mécanique Rapide Inc.,FLT-026606,Filtre à air moteur,8,14.88
CMD-002220,2026-05-19,Garage Royal,BRK-038495,Jeu plaquettes AV,8,72.46
CMD-002220,2026-05-19,Garage Royal,EXH-034377,Silencieux échappement,4,268.92
CMD-002220,2026-05-19,Centre Auto Plus,ALT-002471,Alternateur 12V 140A,4,269.92
CMD-002220,2026-05-19,Pneus & Mécanique Pro,ROT-015403,Disque de frein ventilé,1,107.88
CMD-002220,2026-05-19,Pneus & Mécanique Pro,FLT-017708,Filtre à air moteur,5,29.61
CMD-002221,2025-11-12,Garage du Centre,BLB-037992,Ampoule LED H7,5,27.13
CMD-002221,2025-11-12,Centre Auto Plus,ROT-015403,Disque de frein ventilé,7,107.88
CMD-002222,2026-06-29,Garage Tremblay,SPK-003219,Bougie allumage iridium,5,16.07
CMD-002222,2026-06-29,Mécanique Rapide Inc.,SPK-047981,Bougie allumage iridium,2,24.04
CMD-002222,2026-06-29,Centre Auto Plus,BRK-017720,Jeu plaquettes AV,1,85.77
CMD-002222,2026-06-29,Garage du Centre,RAD-049573,Radiateur refroidissement,3,215.12
CMD-002223,2026-05-06,Garage Royal,ALT-014998,Alternateur 12V 140A,4,268.21
CMD-002223,2026-05-06,Garage du Centre,ROT-015403,Disque de frein ventilé,2,107.88
CMD-002224,2025-11-11,Garage Royal,ROT-006864,Disque de frein ventilé,6,105.15
CMD-002224,2025-11-11,Auto-Réparation ABC,BRK-003411,Jeu plaquettes AV,2,78.75
CMD-002224,2025-11-11,Garage du Centre,SPK-047981,Bougie allumage iridium,1,24.04
CMD-002224,2025-11-11,Mécanique Rapide Inc.,FUS-039684,Boîte fusibles relais,2,14.91
CMD-002225,2026-08-30,Atelier Mécanique 360,STR-023248,Jambe de force suspension,4,244.06
CMD-002225,2026-08-30,Garage du Centre,FLT-033743,Filtre à air moteur,6,39.16
CMD-002225,2026-08-30,Garage Royal,ALT-001078,Alternateur 12V 140A,4,235.28
CMD-002225,2026-08-30,Mécanique Rapide Inc.,STR-026554,Jambe de force suspension,8,124.06
CMD-002226,2026-04-19,Mécanique Rapide Inc.,BRK-048251,Jeu plaquettes AV,7,89.61
CMD-002226,2026-04-19,Carrosserie Moderne,SPK-003219,Bougie allumage iridium,3,16.07
CMD-002226,2026-04-19,Auto Clinic,FLT-005484,Filtre à air moteur,3,34.9
CMD-002226,2026-04-19,Carrosserie Moderne,ROT-025009,Disque de frein ventilé,4,157.96
CMD-002226,2026-04-19,Auto-Réparation ABC,BMP-028097,Pare-chocs AV primaire,8,523.46
CMD-002227,2026-01-08,Garage du Centre,FLT-011683,Filtre à air moteur,6,37.71
CMD-002227,2026-01-08,Auto Clinic,FUS-041719,Boîte fusibles relais,7,14.8
CMD-002228,2026-06-22,Auto-Réparation ABC,ROT-015403,Disque de frein ventilé,4,107.88
CMD-002228,2026-06-22,Garage Royal,ALT-007061,Alternateur 12V 140A,6,289.42
CMD-002228,2026-06-22,Centre Auto Plus,FLT-026010,Filtre à air moteur,1,32.68
CMD-002228,2026-06-22,Garage du Centre,ROT-007220,Disque de frein ventilé,8,116.26
CMD-002228,2026-06-22,Carrosserie Moderne,SPK-031992,Bougie allumage iridium,8,20.18
CMD-002229,2025-12-13,Auto Clinic,FUS-000867,Boîte fusibles relais,8,12.79
CMD-002229,2025-12-13,Pneus & Mécanique Pro,FUS-028100,Boîte fusibles relais,8,17.6
CMD-002229,2025-12-13,Auto Clinic,BRK-038699,Jeu plaquettes AV,2,92.39
CMD-002229,2025-12-13,Garage du Centre,ROT-034002,Disque de frein ventilé,2,177.99
CMD-002230,2026-02-03,Auto Clinic,ROT-015403,Disque de frein ventilé,6,107.88
CMD-002230,2026-02-03,Garage Royal,SPK-031992,Bougie allumage iridium,8,20.18
CMD-002231,2025-11-13,Pneus & Mécanique Pro,ROT-007220,Disque de frein ventilé,8,116.26
CMD-002231,2025-11-13,Carrosserie Moderne,SPK-031992,Bougie allumage iridium,8,20.18
CMD-002232,2025-12-02,Pneus & Mécanique Pro,FLT-032536,Filtre à air moteur,3,26.71
CMD-002232,2025-12-02,Mécanique Rapide Inc.,FLT-029423,Filtre à air moteur,2,40.89
CMD-002232,2025-12-02,Centre Auto Plus,BRK-000665,Jeu plaquettes AV,8,57.77
CMD-002233,2026-06-24,Atelier Mécanique 360,ALT-047362,Alternateur 12V 140A,3,328.64
CMD-002233,2026-06-24,Carrosserie Moderne,BRK-005978,Jeu plaquettes AV,7,65.1
CMD-002233,2026-06-24,Carrosserie Moderne,SEN-034457,Capteur ABS,1,50.82
CMD-002234,2025-10-17,Garage du Centre,ROT-001359,Disque de frein ventilé,6,180.58
CMD-002234,2025-10-17,Auto-Réparation ABC,ROT-048335,Disque de frein ventilé,6,168.29
CMD-002235,2026-08-14,Garage du Centre,SPK-003219,Bougie allumage iridium,4,16.07
CMD-002236,2025-11-03,Garage du Centre,RAD-042341,Radiateur refroidissement,3,227.46
CMD-002236,2025-11-03,Centre Auto Plus,ALT-036410,Alternateur 12V 140A,7,244.03
CMD-002236,2025-11-03,Auto Clinic,BRK-002545,Jeu plaquettes AV,7,48.87
CMD-002237,2025-12-12,Atelier Mécanique 360,FUS-025154,Boîte fusibles relais,2,23.1
CMD-002238,2025-10-30,Centre Auto Plus,SPK-025943,Bougie allumage iridium,7,22.81
CMD-002238,2025-10-30,Centre Auto Plus,BLB-019537,Ampoule LED H7,6,18.7
CMD-002239,2026-08-13,Garage Tremblay,BRK-047004,Jeu plaquettes AV,3,91.9
CMD-002240,2025-12-04,Garage Royal,BLB-028682,Ampoule LED H7,6,36.03
CMD-002240,2025-12-04,Auto Clinic,FUS-028100,Boîte fusibles relais,2,17.6
CMD-002241,2026-03-30,Garage Royal,FUS-028100,Boîte fusibles relais,8,17.6
CMD-002241,2026-03-30,Pneus & Mécanique Pro,ALT-008600,Alternateur 12V 140A,5,411.15
CMD-002242,2025-09-13,Garage Tremblay,FUS-026474,Boîte fusibles relais,1,18.89
CMD-002243,2025-12-21,Carrosserie Moderne,FUS-025154,Boîte fusibles relais,7,23.1
CMD-002244,2026-08-04,Garage Tremblay,SPK-003219,Bougie allumage iridium,5,16.07
CMD-002244,2026-08-04,Centre Auto Plus,ALT-025474,Alternateur 12V 140A,6,369.75
CMD-002244,2026-08-04,Garage Royal,FLT-005484,Filtre à air moteur,6,34.9
CMD-002244,2026-08-04,Pneus & Mécanique Pro,BRK-048251,Jeu plaquettes AV,7,89.61
CMD-002244,2026-08-04,Auto-Réparation ABC,ROT-025009,Disque de frein ventilé,2,157.96
CMD-002245,2026-04-04,Centre Auto Plus,SEN-045054,Capteur ABS,4,56.01
CMD-002245,2026-04-04,Garage du Centre,ROT-044210,Disque de frein ventilé,6,175.19
CMD-002246,2026-02-12,Centre Auto Plus,FUS-025154,Boîte fusibles relais,1,23.1
CMD-002247,2026-03-11,Mécanique Rapide Inc.,FUS-026474,Boîte fusibles relais,3,18.89
CMD-002248,2026-01-01,Pneus & Mécanique Pro,FUS-028100,Boîte fusibles relais,2,17.6
CMD-002248,2026-01-01,Auto Clinic,FLT-009287,Filtre à air moteur,4,36.05
CMD-002248,2026-01-01,Garage du Centre,SEN-004309,Capteur ABS,5,41.19
CMD-002248,2026-01-01,Garage Royal,ALT-008600,Alternateur 12V 140A,6,411.15
CMD-002249,2026-06-15,Atelier Mécanique 360,BLB-020402,Ampoule LED H7,1,19.04
CMD-002249,2026-06-15,Atelier Mécanique 360,BRK-044618,Jeu plaquettes AV,8,48.42
CMD-002250,2025-12-30,Carrosserie Moderne,FUS-028100,Boîte fusibles relais,6,17.6
CMD-002251,2026-06-29,Mécanique Rapide Inc.,FLT-011683,Filtre à air moteur,7,37.71
CMD-002251,2026-06-29,Garage du Centre,BRK-032885,Jeu plaquettes AV,1,54.07
CMD-002251,2026-06-29,Auto Clinic,BRK-042035,Jeu plaquettes AV,2,57.16
CMD-002251,2026-06-29,Auto Clinic,BRK-043609,Jeu plaquettes AV,5,47.15
CMD-002251,2026-06-29,Garage Royal,FUS-041719,Boîte fusibles relais,6,14.8
CMD-002252,2026-04-26,Garage du Centre,ALT-001778,Alternateur 12V 140A,1,242.99
CMD-002252,2026-04-26,Centre Auto Plus,FUS-019025,Boîte fusibles relais,3,16.14
CMD-002252,2026-04-26,Atelier Mécanique 360,SEN-002690,Capteur ABS,4,49.02
CMD-002252,2026-04-26,Garage Royal,BRK-013237,Jeu plaquettes AV,6,53.16
CMD-002252,2026-04-26,Pneus & Mécanique Pro,BMP-048102,Pare-chocs AV primaire,8,212.63
CMD-002253,2026-05-16,Garage Tremblay,ROT-015403,Disque de frein ventilé,2,107.88
CMD-002253,2026-05-16,Garage du Centre,FUS-028100,Boîte fusibles relais,1,17.6
CMD-002254,2026-05-08,Carrosserie Moderne,BRK-017720,Jeu plaquettes AV,1,85.77
CMD-002254,2026-05-08,Garage Royal,SPK-043767,Bougie allumage iridium,6,15.6
CMD-002254,2026-05-08,Auto-Réparation ABC,BRK-038699,Jeu plaquettes AV,5,92.39
CMD-002254,2026-05-08,Auto Clinic,STR-026017,Jambe de force suspension,1,131.28
CMD-002255,2026-03-16,Garage du Centre,FUS-037465,Boîte fusibles relais,6,13.4
CMD-002255,2026-03-16,Atelier Mécanique 360,BRK-003031,Jeu plaquettes AV,5,102.24
CMD-002255,2026-03-16,Auto-Réparation ABC,ALT-010794,Alternateur 12V 140A,1,367.23
CMD-002255,2026-03-16,Carrosserie Moderne,FLT-042228,Filtre à air moteur,7,38.95
CMD-002256,2026-04-12,Carrosserie Moderne,FLT-011683,Filtre à air moteur,4,37.71
CMD-002256,2026-04-12,Garage du Centre,BRK-043609,Jeu plaquettes AV,7,47.15
CMD-002256,2026-04-12,Garage du Centre,ALT-040335,Alternateur 12V 140A,7,368.08
CMD-002256,2026-04-12,Mécanique Rapide Inc.,BRK-042035,Jeu plaquettes AV,5,57.16
CMD-002256,2026-04-12,Mécanique Rapide Inc.,BRK-032885,Jeu plaquettes AV,1,54.07
CMD-002257,2026-07-17,Auto Clinic,FUS-028100,Boîte fusibles relais,4,17.6
CMD-002257,2026-07-17,Centre Auto Plus,BLB-037992,Ampoule LED H7,5,27.13
CMD-002257,2026-07-17,Atelier Mécanique 360,BMP-037287,Pare-chocs AV primaire,6,323.55
CMD-002257,2026-07-17,Atelier Mécanique 360,BRK-017720,Jeu plaquettes AV,2,85.77
CMD-002257,2026-07-17,Auto-Réparation ABC,FUS-025154,Boîte fusibles relais,5,23.1
CMD-002258,2025-10-05,Auto Clinic,FUS-025154,Boîte fusibles relais,6,23.1
CMD-002258,2025-10-05,Carrosserie Moderne,RAD-035768,Radiateur refroidissement,1,177.87
CMD-002258,2025-10-05,Garage Tremblay,EXH-049698,Silencieux échappement,7,345.09
CMD-002258,2025-10-05,Auto Clinic,RAD-011217,Radiateur refroidissement,1,217.88
CMD-002258,2025-10-05,Garage Tremblay,ALT-002471,Alternateur 12V 140A,6,269.92
CMD-002259,2025-11-23,Carrosserie Moderne,ROT-001359,Disque de frein ventilé,4,180.58
CMD-002259,2025-11-23,Pneus & Mécanique Pro,ALT-001078,Alternateur 12V 140A,2,235.28
CMD-002259,2025-11-23,Garage Royal,FLT-017690,Filtre à air moteur,2,23.9
CMD-002259,2025-11-23,Pneus & Mécanique Pro,FUS-025154,Boîte fusibles relais,2,23.1
CMD-002259,2025-11-23,Mécanique Rapide Inc.,ROT-015403,Disque de frein ventilé,2,107.88
CMD-002260,2025-12-26,Garage du Centre,BMP-037254,Pare-chocs AV primaire,1,283.13
CMD-002260,2025-12-26,Garage Tremblay,RAD-006901,Radiateur refroidissement,4,215.86
CMD-002261,2026-06-24,Auto Clinic,FUS-025154,Boîte fusibles relais,2,23.1
CMD-002262,2025-12-14,Carrosserie Moderne,FLT-043239,Filtre à air moteur,6,27.52
CMD-002262,2025-12-14,Atelier Mécanique 360,RAD-025660,Radiateur refroidissement,7,165.29
CMD-002263,2026-08-25,Centre Auto Plus,ROT-047623,Disque de frein ventilé,8,191.56
CMD-002263,2026-08-25,Garage du Centre,STR-037922,Jambe de force suspension,2,181.79
CMD-002263,2026-08-25,Mécanique Rapide Inc.,BMP-006087,Pare-chocs AV primaire,4,519.77
CMD-002263,2026-08-25,Garage Royal,FLT-040963,Filtre à air moteur,3,23.2
CMD-002264,2026-08-23,Garage Tremblay,FLT-011683,Filtre à air moteur,7,37.71
CMD-002264,2026-08-23,Auto Clinic,FUS-041719,Boîte fusibles relais,4,14.8
CMD-002264,2026-08-23,Garage du Centre,ALT-040335,Alternateur 12V 140A,4,368.08
CMD-002265,2026-06-23,Mécanique Rapide Inc.,FUS-028100,Boîte fusibles relais,6,17.6
CMD-002265,2026-06-23,Pneus & Mécanique Pro,ALT-008600,Alternateur 12V 140A,4,411.15
CMD-002266,2026-07-11,Centre Auto Plus,ROT-015403,Disque de frein ventilé,2,107.88
CMD-002266,2026-07-11,Pneus & Mécanique Pro,ALT-033658,Alternateur 12V 140A,5,254.43
CMD-002266,2026-07-11,Garage du Centre,FUS-028100,Boîte fusibles relais,3,17.6
CMD-002267,2025-10-18,Auto-Réparation ABC,FUS-028100,Boîte fusibles relais,1,17.6
CMD-002267,2025-10-18,Auto-Réparation ABC,ALT-033658,Alternateur 12V 140A,4,254.43
CMD-002267,2025-10-18,Auto-Réparation ABC,FUS-003501,Boîte fusibles relais,7,22.29
CMD-002267,2025-10-18,Garage Royal,ALT-001778,Alternateur 12V 140A,2,242.99
CMD-002267,2025-10-18,Mécanique Rapide Inc.,ALT-027632,Alternateur 12V 140A,6,313.91
CMD-002268,2026-08-29,Atelier Mécanique 360,FLT-011683,Filtre à air moteur,8,37.71
CMD-002268,2026-08-29,Mécanique Rapide Inc.,BRK-042035,Jeu plaquettes AV,7,57.16
CMD-002268,2026-08-29,Garage Tremblay,FUS-041719,Boîte fusibles relais,6,14.8
CMD-002269,2025-12-14,Atelier Mécanique 360,ROT-015403,Disque de frein ventilé,8,107.88
CMD-002269,2025-12-14,Pneus & Mécanique Pro,SEN-034457,Capteur ABS,1,50.82
CMD-002269,2025-12-14,Pneus & Mécanique Pro,BLB-037992,Ampoule LED H7,3,27.13
CMD-002270,2026-08-26,Carrosserie Moderne,FUS-027893,Boîte fusibles relais,4,20.0
CMD-002270,2026-08-26,Atelier Mécanique 360,RAD-025491,Radiateur refroidissement,3,220.59
CMD-002271,2026-03-12,Garage Royal,BRK-047004,Jeu plaquettes AV,8,91.9
CMD-002271,2026-03-12,Garage du Centre,BMP-031963,Pare-chocs AV primaire,2,274.27
CMD-002271,2026-03-12,Garage Tremblay,FLT-015733,Filtre à air moteur,3,33.71
CMD-002272,2026-02-12,Garage du Centre,SPK-032001,Bougie allumage iridium,8,18.07
CMD-002272,2026-02-12,Auto-Réparation ABC,BLB-048086,Ampoule LED H7,7,40.86
CMD-002272,2026-02-12,Garage Tremblay,ALT-006276,Alternateur 12V 140A,7,220.23
CMD-002272,2026-02-12,Centre Auto Plus,FUS-003501,Boîte fusibles relais,6,22.29
CMD-002273,2025-12-12,Atelier Mécanique 360,ROT-015403,Disque de frein ventilé,3,107.88
CMD-002273,2025-12-12,Auto-Réparation ABC,FLT-026010,Filtre à air moteur,5,32.68
CMD-002273,2025-12-12,Garage du Centre,ROT-007220,Disque de frein ventilé,5,116.26
CMD-002273,2025-12-12,Auto-Réparation ABC,SPK-031992,Bougie allumage iridium,8,20.18
CMD-002274,2025-12-06,Centre Auto Plus,FUS-025154,Boîte fusibles relais,4,23.1
CMD-002274,2025-12-06,Garage Tremblay,RAD-011217,Radiateur refroidissement,2,217.88
CMD-002274,2025-12-06,Pneus & Mécanique Pro,BRK-020584,Jeu plaquettes AV,5,57.06
CMD-002274,2025-12-06,Auto-Réparation ABC,ALT-002471,Alternateur 12V 140A,8,269.92
CMD-002275,2026-08-15,Garage Tremblay,ROT-015403,Disque de frein ventilé,5,107.88
CMD-002275,2026-08-15,Auto Clinic,BRK-040876,Jeu plaquettes AV,4,77.0
CMD-002275,2026-08-15,Auto Clinic,FLT-017708,Filtre à air moteur,5,29.61
CMD-002275,2026-08-15,Auto Clinic,FUS-028100,Boîte fusibles relais,3,17.6
CMD-002276,2026-05-27,Garage du Centre,FUS-025154,Boîte fusibles relais,4,23.1
CMD-002276,2026-05-27,Auto Clinic,EXH-049698,Silencieux échappement,4,345.09
CMD-002276,2026-05-27,Mécanique Rapide Inc.,ALT-002471,Alternateur 12V 140A,4,269.92
CMD-002277,2026-04-29,Garage du Centre,FUS-028100,Boîte fusibles relais,7,17.6
CMD-002278,2026-07-06,Garage Tremblay,ALT-007996,Alternateur 12V 140A,2,220.97
CMD-002278,2026-07-06,Carrosserie Moderne,STR-026554,Jambe de force suspension,6,124.06
CMD-002278,2026-07-06,Garage du Centre,ALT-001078,Alternateur 12V 140A,6,235.28
CMD-002278,2026-07-06,Garage du Centre,STR-023248,Jambe de force suspension,5,244.06
CMD-002278,2026-07-06,Pneus & Mécanique Pro,BMP-019552,Pare-chocs AV primaire,7,368.75
CMD-002279,2025-11-20,Garage du Centre,FLT-040963,Filtre à air moteur,5,23.2
CMD-002279,2025-11-20,Garage Tremblay,SEN-003185,Capteur ABS,3,59.42
CMD-002279,2025-11-20,Auto-Réparation ABC,ROT-047623,Disque de frein ventilé,4,191.56
CMD-002279,2025-11-20,Mécanique Rapide Inc.,BMP-006087,Pare-chocs AV primaire,2,519.77
CMD-002279,2025-11-20,Mécanique Rapide Inc.,STR-037922,Jambe de force suspension,4,181.79
CMD-002280,2025-10-21,Garage du Centre,FUS-025154,Boîte fusibles relais,1,23.1
CMD-002280,2025-10-21,Centre Auto Plus,BRK-020584,Jeu plaquettes AV,5,57.06
CMD-002280,2025-10-21,Auto Clinic,RAD-035768,Radiateur refroidissement,2,177.87
CMD-002280,2025-10-21,Garage du Centre,ALT-002471,Alternateur 12V 140A,6,269.92
CMD-002280,2025-10-21,Atelier Mécanique 360,RAD-011217,Radiateur refroidissement,4,217.88
CMD-002281,2025-09-28,Garage Tremblay,SEN-046955,Capteur ABS,7,35.73
CMD-002281,2025-09-28,Atelier Mécanique 360,ROT-031547,Disque de frein ventilé,7,189.51
CMD-002282,2026-04-23,Centre Auto Plus,FUS-026474,Boîte fusibles relais,2,18.89
CMD-002282,2026-04-23,Pneus & Mécanique Pro,RAD-008323,Radiateur refroidissement,5,225.29
CMD-002283,2026-08-22,Centre Auto Plus,ROT-015403,Disque de frein ventilé,7,107.88
CMD-002283,2026-08-22,Mécanique Rapide Inc.,ALT-007061,Alternateur 12V 140A,1,289.42
CMD-002283,2026-08-22,Carrosserie Moderne,EXH-007271,Silencieux échappement,8,390.56
CMD-002283,2026-08-22,Atelier Mécanique 360,SPK-031992,Bougie allumage iridium,6,20.18
CMD-002284,2026-04-10,Centre Auto Plus,ALT-001778,Alternateur 12V 140A,3,242.99
CMD-002284,2026-04-10,Auto Clinic,BRK-013237,Jeu plaquettes AV,1,53.16
CMD-002284,2026-04-10,Auto Clinic,BMP-048102,Pare-chocs AV primaire,2,212.63
CMD-002284,2026-04-10,Auto Clinic,SEN-002690,Capteur ABS,6,49.02
CMD-002284,2026-04-10,Auto-Réparation ABC,FUS-019025,Boîte fusibles relais,1,16.14
CMD-002285,2026-09-01,Pneus & Mécanique Pro,ROT-015403,Disque de frein ventilé,1,107.88
CMD-002285,2026-09-01,Garage Tremblay,BRK-017720,Jeu plaquettes AV,8,85.77
CMD-002285,2026-09-01,Auto-Réparation ABC,BRK-047004,Jeu plaquettes AV,1,91.9
CMD-002285,2026-09-01,Garage du Centre,ROT-036267,Disque de frein ventilé,5,107.69
CMD-002285,2026-09-01,Mécanique Rapide Inc.,ROT-021710,Disque de frein ventilé,3,128.69
CMD-002286,2026-07-01,Pneus & Mécanique Pro,ROT-015403,Disque de frein ventilé,1,107.88
CMD-002286,2026-07-01,Auto Clinic,EXH-007271,Silencieux échappement,3,390.56
CMD-002286,2026-07-01,Pneus & Mécanique Pro,SPK-031992,Bougie allumage iridium,7,20.18
CMD-002287,2026-07-14,Mécanique Rapide Inc.,FUS-025154,Boîte fusibles relais,7,23.1
CMD-002288,2025-10-18,Garage Tremblay,FLT-011683,Filtre à air moteur,4,37.71
CMD-002289,2026-08-18,Garage Tremblay,BRK-006205,Jeu plaquettes AV,2,53.37
CMD-002289,2026-08-18,Atelier Mécanique 360,ROT-006864,Disque de frein ventilé,1,105.15
CMD-002289,2026-08-18,Garage Tremblay,ROT-015403,Disque de frein ventilé,5,107.88
CMD-002289,2026-08-18,Pneus & Mécanique Pro,BRK-005978,Jeu plaquettes AV,7,65.1
CMD-002290,2026-04-27,Carrosserie Moderne,ROT-015403,Disque de frein ventilé,8,107.88
CMD-002291,2025-09-22,Auto-Réparation ABC,ROT-015403,Disque de frein ventilé,8,107.88
CMD-002292,2026-02-13,Atelier Mécanique 360,FUS-028100,Boîte fusibles relais,8,17.6
CMD-002292,2026-02-13,Auto-Réparation ABC,FLT-031402,Filtre à air moteur,6,26.67
CMD-002292,2026-02-13,Auto Clinic,SEN-004309,Capteur ABS,6,41.19
CMD-002292,2026-02-13,Garage Royal,ALT-008600,Alternateur 12V 140A,2,411.15
CMD-002292,2026-02-13,Auto-Réparation ABC,ROT-018669,Disque de frein ventilé,8,124.93
CMD-002293,2026-07-23,Auto Clinic,FUS-028100,Boîte fusibles relais,7,17.6
CMD-002294,2026-05-26,Auto-Réparation ABC,SPK-032001,Bougie allumage iridium,5,18.07
CMD-002294,2026-05-26,Auto Clinic,ALT-013448,Alternateur 12V 140A,8,388.21
CMD-002295,2026-03-18,Auto-Réparation ABC,BLB-020402,Ampoule LED H7,6,19.04
CMD-002296,2026-02-11,Pneus & Mécanique Pro,FUS-025154,Boîte fusibles relais,2,23.1
CMD-002297,2026-07-16,Auto-Réparation ABC,FUS-026474,Boîte fusibles relais,7,18.89
CMD-002297,2026-07-16,Atelier Mécanique 360,BRK-001937,Jeu plaquettes AV,5,88.96
CMD-002297,2026-07-16,Atelier Mécanique 360,BLB-028682,Ampoule LED H7,6,36.03
CMD-002298,2026-01-02,Atelier Mécanique 360,ROT-015403,Disque de frein ventilé,6,107.88
CMD-002299,2026-02-17,Garage Royal,BLB-047201,Ampoule LED H7,8,28.87
CMD-002299,2026-02-17,Auto-Réparation ABC,FLT-028324,Filtre à air moteur,4,18.75
CMD-002299,2026-02-17,Garage Tremblay,FUS-037574,Boîte fusibles relais,1,22.82
CMD-002300,2026-07-14,Centre Auto Plus,ROT-015403,Disque de frein ventilé,4,107.88
CMD-002300,2026-07-14,Auto Clinic,BRK-009571,Jeu plaquettes AV,5,55.23
CMD-002301,2025-10-19,Atelier Mécanique 360,FLT-011683,Filtre à air moteur,5,37.71
CMD-002302,2025-12-23,Centre Auto Plus,SEN-043446,Capteur ABS,4,71.18
CMD-002302,2025-12-23,Atelier Mécanique 360,FUS-025154,Boîte fusibles relais,3,23.1
CMD-002303,2025-10-02,Garage Royal,ROT-015403,Disque de frein ventilé,8,107.88
CMD-002303,2025-10-02,Garage du Centre,EXH-007271,Silencieux échappement,7,390.56
CMD-002303,2025-10-02,Garage du Centre,FLT-026010,Filtre à air moteur,3,32.68
CMD-002303,2025-10-02,Pneus & Mécanique Pro,SPK-031992,Bougie allumage iridium,1,20.18
CMD-002303,2025-10-02,Auto Clinic,ALT-007061,Alternateur 12V 140A,5,289.42
CMD-002304,2025-10-31,Pneus & Mécanique Pro,BRK-017720,Jeu plaquettes AV,5,85.77
CMD-002304,2025-10-31,Garage du Centre,SPK-043295,Bougie allumage iridium,6,13.79
CMD-002304,2025-10-31,Pneus & Mécanique Pro,ALT-015059,Alternateur 12V 140A,8,396.5
CMD-002304,2025-10-31,Centre Auto Plus,ROT-034722,Disque de frein ventilé,7,168.29
CMD-002304,2025-10-31,Garage du Centre,BRK-038699,Jeu plaquettes AV,1,92.39
CMD-002305,2026-02-18,Garage Royal,FLT-010535,Filtre à air moteur,8,15.65
CMD-002305,2026-02-18,Atelier Mécanique 360,BRK-044381,Jeu plaquettes AV,1,48.66
CMD-002306,2025-11-12,Centre Auto Plus,FUS-025154,Boîte fusibles relais,5,23.1
CMD-002307,2026-06-20,Auto Clinic,BRK-047004,Jeu plaquettes AV,2,91.9
CMD-002308,2025-10-12,Garage Royal,FUS-025154,Boîte fusibles relais,6,23.1
CMD-002308,2025-10-12,Auto Clinic,ALT-011901,Alternateur 12V 140A,2,437.77
CMD-002308,2025-10-12,Centre Auto Plus,RAD-008323,Radiateur refroidissement,7,225.29
CMD-002309,2025-10-04,Mécanique Rapide Inc.,ALT-001778,Alternateur 12V 140A,7,242.99
CMD-002309,2025-10-04,Carrosserie Moderne,BMP-048102,Pare-chocs AV primaire,1,212.63
CMD-002310,2026-05-22,Garage Royal,SPK-003219,Bougie allumage iridium,3,16.07
CMD-002310,2026-05-22,Auto Clinic,ROT-015403,Disque de frein ventilé,5,107.88
CMD-002310,2026-05-22,Carrosserie Moderne,ALT-033658,Alternateur 12V 140A,6,254.43
CMD-002310,2026-05-22,Mécanique Rapide Inc.,BLB-020402,Ampoule LED H7,1,19.04
CMD-002310,2026-05-22,Garage Tremblay,BRK-000665,Jeu plaquettes AV,8,57.77
CMD-002311,2026-04-07,Mécanique Rapide Inc.,BRK-044381,Jeu plaquettes AV,8,48.66
CMD-002311,2026-04-07,Garage Tremblay,FLT-010535,Filtre à air moteur,6,15.65
CMD-002312,2026-08-28,Carrosserie Moderne,ROT-015403,Disque de frein ventilé,2,107.88
CMD-002312,2026-08-28,Garage du Centre,FLT-022405,Filtre à air moteur,1,24.33
CMD-002312,2026-08-28,Garage Royal,ROT-006864,Disque de frein ventilé,2,105.15
CMD-002312,2026-08-28,Mécanique Rapide Inc.,ALT-035530,Alternateur 12V 140A,1,238.74
CMD-002313,2026-07-31,Auto Clinic,ROT-015403,Disque de frein ventilé,1,107.88
CMD-002313,2026-07-31,Pneus & Mécanique Pro,ALT-007061,Alternateur 12V 140A,5,289.42
CMD-002313,2026-07-31,Atelier Mécanique 360,EXH-007271,Silencieux échappement,5,390.56
CMD-002313,2026-07-31,Auto Clinic,SPK-031992,Bougie allumage iridium,3,20.18
CMD-002314,2025-12-15,Atelier Mécanique 360,ROT-015403,Disque de frein ventilé,4,107.88
CMD-002314,2025-12-15,Carrosserie Moderne,ROT-007220,Disque de frein ventilé,4,116.26
CMD-002314,2025-12-15,Garage Tremblay,SPK-031992,Bougie allumage iridium,4,20.18
CMD-002315,2026-04-22,Mécanique Rapide Inc.,FLT-044878,Filtre à air moteur,7,36.42
CMD-002315,2026-04-22,Mécanique Rapide Inc.,BLB-037992,Ampoule LED H7,7,27.13
CMD-002316,2026-02-22,Garage Royal,EXH-034377,Silencieux échappement,7,268.92
CMD-002316,2026-02-22,Garage Tremblay,ROT-018008,Disque de frein ventilé,1,101.69
CMD-002316,2026-02-22,Auto Clinic,FLT-019590,Filtre à air moteur,6,19.27
CMD-002317,2026-06-25,Garage du Centre,FUS-026474,Boîte fusibles relais,6,18.89
CMD-002318,2026-02-19,Auto-Réparation ABC,RAD-008323,Radiateur refroidissement,5,225.29
CMD-002318,2026-02-19,Atelier Mécanique 360,ROT-015403,Disque de frein ventilé,2,107.88
CMD-002318,2026-02-19,Garage Royal,SEN-013569,Capteur ABS,1,42.76
CMD-002319,2026-02-05,Garage Royal,ALT-001778,Alternateur 12V 140A,1,242.99
CMD-002320,2025-12-05,Auto Clinic,FLT-011683,Filtre à air moteur,7,37.71
CMD-002320,2025-12-05,Pneus & Mécanique Pro,FUS-025154,Boîte fusibles relais,4,23.1
CMD-002321,2026-06-09,Garage du Centre,ROT-015403,Disque de frein ventilé,7,107.88
CMD-002321,2026-06-09,Auto Clinic,EXH-007271,Silencieux échappement,3,390.56
CMD-002321,2026-06-09,Mécanique Rapide Inc.,FLT-026010,Filtre à air moteur,5,32.68
CMD-002322,2025-09-15,Garage Royal,BRK-017720,Jeu plaquettes AV,2,85.77
CMD-002323,2025-12-11,Carrosserie Moderne,FUS-037465,Boîte fusibles relais,7,13.4
CMD-002323,2025-12-11,Garage Tremblay,ALT-010794,Alternateur 12V 140A,6,367.23
CMD-002324,2026-03-04,Atelier Mécanique 360,SPK-032001,Bougie allumage iridium,1,18.07
CMD-002325,2026-08-18,Atelier Mécanique 360,STR-031193,Jambe de force suspension,2,214.77
CMD-002325,2026-08-18,Carrosserie Moderne,ROT-015403,Disque de frein ventilé,7,107.88
CMD-002325,2026-08-18,Mécanique Rapide Inc.,EXH-033547,Silencieux échappement,5,322.76
CMD-002325,2026-08-18,Garage Royal,ROT-006864,Disque de frein ventilé,2,105.15
CMD-002325,2026-08-18,Garage du Centre,BMP-018500,Pare-chocs AV primaire,6,451.96
CMD-002326,2026-03-10,Garage Royal,SPK-032001,Bougie allumage iridium,2,18.07
CMD-002326,2026-03-10,Garage du Centre,ALT-006276,Alternateur 12V 140A,1,220.23
CMD-002326,2026-03-10,Auto-Réparation ABC,ALT-013448,Alternateur 12V 140A,5,388.21
CMD-002327,2025-11-03,Pneus & Mécanique Pro,BRK-017720,Jeu plaquettes AV,3,85.77
CMD-002327,2025-11-03,Atelier Mécanique 360,ROT-034722,Disque de frein ventilé,6,168.29
CMD-002327,2025-11-03,Pneus & Mécanique Pro,SPK-043295,Bougie allumage iridium,1,13.79
CMD-002327,2025-11-03,Carrosserie Moderne,ALT-015059,Alternateur 12V 140A,5,396.5
CMD-002328,2025-09-08,Centre Auto Plus,ROT-015403,Disque de frein ventilé,7,107.88
CMD-002328,2025-09-08,Carrosserie Moderne,ALT-007061,Alternateur 12V 140A,3,289.42
CMD-002328,2025-09-08,Atelier Mécanique 360,FLT-026010,Filtre à air moteur,6,32.68
CMD-002328,2025-09-08,Garage du Centre,EXH-007271,Silencieux échappement,3,390.56
CMD-002329,2026-06-22,Pneus & Mécanique Pro,BRK-047004,Jeu plaquettes AV,8,91.9
CMD-002330,2026-08-09,Garage Royal,SPK-047981,Bougie allumage iridium,2,24.04
CMD-002330,2026-08-09,Pneus & Mécanique Pro,BLB-040946,Ampoule LED H7,7,29.33
CMD-002330,2026-08-09,Garage Tremblay,FUS-039684,Boîte fusibles relais,7,14.91
CMD-002330,2026-08-09,Atelier Mécanique 360,FUS-016622,Boîte fusibles relais,3,18.49
CMD-002331,2025-11-12,Carrosserie Moderne,ALT-001778,Alternateur 12V 140A,7,242.99
CMD-002331,2025-11-12,Garage du Centre,ALT-007205,Alternateur 12V 140A,1,250.82
CMD-002331,2025-11-12,Atelier Mécanique 360,FUS-019025,Boîte fusibles relais,5,16.14
CMD-002332,2025-12-14,Auto-Réparation ABC,FUS-028100,Boîte fusibles relais,2,17.6
CMD-002332,2025-12-14,Garage du Centre,SEN-004309,Capteur ABS,3,41.19
CMD-002332,2025-12-14,Mécanique Rapide Inc.,FLT-031402,Filtre à air moteur,6,26.67
CMD-002332,2025-12-14,Garage Tremblay,ALT-008600,Alternateur 12V 140A,7,411.15
CMD-002332,2025-12-14,Auto Clinic,ROT-018669,Disque de frein ventilé,4,124.93
CMD-002333,2026-06-17,Carrosserie Moderne,ROT-006864,Disque de frein ventilé,7,105.15
CMD-002333,2026-06-17,Centre Auto Plus,BRK-003411,Jeu plaquettes AV,4,78.75
CMD-002333,2026-06-17,Atelier Mécanique 360,BLB-040946,Ampoule LED H7,3,29.33
CMD-002333,2026-06-17,Carrosserie Moderne,SPK-047981,Bougie allumage iridium,6,24.04
CMD-002333,2026-06-17,Centre Auto Plus,FUS-016622,Boîte fusibles relais,6,18.49
CMD-002334,2026-02-24,Auto Clinic,BRK-047004,Jeu plaquettes AV,2,91.9
CMD-002334,2026-02-24,Atelier Mécanique 360,BMP-031963,Pare-chocs AV primaire,1,274.27
CMD-002334,2026-02-24,Auto-Réparation ABC,FLT-026629,Filtre à air moteur,8,21.34
CMD-002334,2026-02-24,Centre Auto Plus,FLT-010048,Filtre à air moteur,2,32.49
CMD-002334,2026-02-24,Atelier Mécanique 360,BLB-043006,Ampoule LED H7,2,29.61
CMD-002335,2026-02-20,Mécanique Rapide Inc.,FUS-028100,Boîte fusibles relais,1,17.6
CMD-002335,2026-02-20,Mécanique Rapide Inc.,ALT-008600,Alternateur 12V 140A,3,411.15
CMD-002336,2025-10-09,Atelier Mécanique 360,FLT-033743,Filtre à air moteur,8,39.16
CMD-002337,2026-02-03,Garage Royal,BRK-047004,Jeu plaquettes AV,1,91.9
CMD-002337,2026-02-03,Mécanique Rapide Inc.,FLT-026629,Filtre à air moteur,6,21.34
CMD-002337,2026-02-03,Garage Tremblay,FLT-010048,Filtre à air moteur,4,32.49
CMD-002337,2026-02-03,Auto-Réparation ABC,FLT-015733,Filtre à air moteur,6,33.71
CMD-002337,2026-02-03,Centre Auto Plus,BLB-043006,Ampoule LED H7,4,29.61
CMD-002338,2025-09-23,Auto-Réparation ABC,BLB-020402,Ampoule LED H7,2,19.04
CMD-002338,2025-09-23,Auto-Réparation ABC,STR-026017,Jambe de force suspension,5,131.28
CMD-002339,2025-12-14,Atelier Mécanique 360,ROT-015403,Disque de frein ventilé,3,107.88
CMD-002339,2025-12-14,Carrosserie Moderne,FLT-026010,Filtre à air moteur,3,32.68
CMD-002340,2026-07-09,Garage Royal,SEN-015192,Capteur ABS,2,38.69
CMD-002340,2026-07-09,Atelier Mécanique 360,FUS-028100,Boîte fusibles relais,6,17.6
CMD-002340,2026-07-09,Atelier Mécanique 360,BRK-006205,Jeu plaquettes AV,1,53.37
CMD-002341,2026-08-21,Carrosserie Moderne,FUS-025154,Boîte fusibles relais,8,23.1
CMD-002341,2026-08-21,Centre Auto Plus,BRK-020584,Jeu plaquettes AV,3,57.06
CMD-002341,2026-08-21,Auto Clinic,RAD-011217,Radiateur refroidissement,5,217.88
CMD-002341,2026-08-21,Garage Royal,ALT-002471,Alternateur 12V 140A,6,269.92
CMD-002341,2026-08-21,Mécanique Rapide Inc.,RAD-035768,Radiateur refroidissement,7,177.87
CMD-002342,2025-12-26,Atelier Mécanique 360,SPK-032001,Bougie allumage iridium,3,18.07
CMD-002342,2025-12-26,Auto-Réparation ABC,ROT-015403,Disque de frein ventilé,5,107.88
CMD-002342,2025-12-26,Garage Royal,SEN-038683,Capteur ABS,4,70.76
CMD-002343,2025-10-18,Garage Tremblay,FUS-028100,Boîte fusibles relais,2,17.6
CMD-002343,2025-10-18,Pneus & Mécanique Pro,ALT-008600,Alternateur 12V 140A,1,411.15
CMD-002343,2025-10-18,Auto-Réparation ABC,FLT-031402,Filtre à air moteur,3,26.67
CMD-002343,2025-10-18,Auto Clinic,FLT-009287,Filtre à air moteur,1,36.05
CMD-002344,2026-02-05,Auto Clinic,FUS-028100,Boîte fusibles relais,3,17.6
CMD-002344,2026-02-05,Centre Auto Plus,FLT-009287,Filtre à air moteur,6,36.05
CMD-002344,2026-02-05,Pneus & Mécanique Pro,ROT-018669,Disque de frein ventilé,8,124.93
CMD-002344,2026-02-05,Atelier Mécanique 360,ALT-008600,Alternateur 12V 140A,1,411.15
CMD-002344,2026-02-05,Garage du Centre,SEN-004309,Capteur ABS,5,41.19
CMD-002345,2025-09-26,Carrosserie Moderne,BRK-017720,Jeu plaquettes AV,2,85.77
CMD-002345,2025-09-26,Mécanique Rapide Inc.,ROT-034722,Disque de frein ventilé,5,168.29
CMD-002345,2025-09-26,Garage du Centre,SPK-043295,Bougie allumage iridium,2,13.79
CMD-002346,2025-09-21,Pneus & Mécanique Pro,FUS-026474,Boîte fusibles relais,7,18.89
CMD-002346,2025-09-21,Auto-Réparation ABC,FLT-012359,Filtre à air moteur,6,36.15
CMD-002346,2025-09-21,Pneus & Mécanique Pro,ALT-021132,Alternateur 12V 140A,5,376.48
CMD-002346,2025-09-21,Garage Royal,BRK-001937,Jeu plaquettes AV,5,88.96
CMD-002347,2025-11-25,Auto Clinic,FUS-028100,Boîte fusibles relais,8,17.6
CMD-002347,2025-11-25,Garage Tremblay,FLT-031402,Filtre à air moteur,4,26.67
CMD-002347,2025-11-25,Mécanique Rapide Inc.,ALT-008600,Alternateur 12V 140A,8,411.15
CMD-002347,2025-11-25,Garage Tremblay,ROT-018669,Disque de frein ventilé,7,124.93
CMD-002348,2025-12-28,Mécanique Rapide Inc.,ALT-049278,Alternateur 12V 140A,1,423.05
CMD-002348,2025-12-28,Garage du Centre,FLT-011683,Filtre à air moteur,7,37.71
CMD-002348,2025-12-28,Carrosserie Moderne,BRK-017720,Jeu plaquettes AV,5,85.77
CMD-002348,2025-12-28,Carrosserie Moderne,BLB-020402,Ampoule LED H7,7,19.04
CMD-002349,2026-05-06,Auto Clinic,BRK-006205,Jeu plaquettes AV,2,53.37
CMD-002350,2026-07-09,Mécanique Rapide Inc.,ALT-001778,Alternateur 12V 140A,6,242.99
CMD-002350,2026-07-09,Auto-Réparation ABC,BRK-013237,Jeu plaquettes AV,6,53.16
CMD-002350,2026-07-09,Garage Royal,SEN-002690,Capteur ABS,8,49.02
CMD-002351,2025-11-03,Garage Tremblay,SEN-006021,Capteur ABS,8,31.48
CMD-002351,2025-11-03,Pneus & Mécanique Pro,BRK-044381,Jeu plaquettes AV,4,48.66
CMD-002351,2025-11-03,Garage du Centre,FUS-003395,Boîte fusibles relais,3,17.5
CMD-002352,2026-01-27,Garage du Centre,ROT-015403,Disque de frein ventilé,3,107.88
CMD-002352,2026-01-27,Garage Royal,SPK-031992,Bougie allumage iridium,1,20.18
CMD-002352,2026-01-27,Carrosserie Moderne,ROT-007220,Disque de frein ventilé,6,116.26
CMD-002352,2026-01-27,Garage Royal,EXH-007271,Silencieux échappement,5,390.56
CMD-002353,2026-02-03,Atelier Mécanique 360,ROT-015403,Disque de frein ventilé,2,107.88
CMD-002353,2026-02-03,Mécanique Rapide Inc.,FLT-011683,Filtre à air moteur,3,37.71
CMD-002353,2026-02-03,Centre Auto Plus,FUS-028100,Boîte fusibles relais,6,17.6
CMD-002353,2026-02-03,Pneus & Mécanique Pro,STR-023248,Jambe de force suspension,5,244.06
CMD-002354,2026-06-03,Centre Auto Plus,ROT-015403,Disque de frein ventilé,6,107.88
CMD-002355,2025-10-27,Atelier Mécanique 360,SPK-003219,Bougie allumage iridium,6,16.07
CMD-002355,2025-10-27,Auto Clinic,FLT-005484,Filtre à air moteur,7,34.9
CMD-002355,2025-10-27,Centre Auto Plus,ALT-025474,Alternateur 12V 140A,3,369.75
CMD-002356,2025-11-29,Atelier Mécanique 360,ROT-015403,Disque de frein ventilé,3,107.88
CMD-002357,2026-08-16,Carrosserie Moderne,ALT-001778,Alternateur 12V 140A,6,242.99
CMD-002357,2026-08-16,Mécanique Rapide Inc.,ROT-015403,Disque de frein ventilé,8,107.88
CMD-002357,2026-08-16,Auto Clinic,FUS-025154,Boîte fusibles relais,5,23.1
CMD-002357,2026-08-16,Garage du Centre,FUS-028100,Boîte fusibles relais,2,17.6
CMD-002357,2026-08-16,Mécanique Rapide Inc.,SPK-032001,Bougie allumage iridium,6,18.07
CMD-002358,2026-04-18,Auto-Réparation ABC,FUS-025154,Boîte fusibles relais,4,23.1
CMD-002358,2026-04-18,Garage Royal,ALT-002471,Alternateur 12V 140A,4,269.92
CMD-002358,2026-04-18,Mécanique Rapide Inc.,RAD-011217,Radiateur refroidissement,1,217.88
CMD-002359,2026-05-18,Auto Clinic,FUS-028100,Boîte fusibles relais,5,17.6
CMD-002359,2026-05-18,Carrosserie Moderne,FLT-040053,Filtre à air moteur,6,17.01
CMD-002359,2026-05-18,Garage Tremblay,SPK-034162,Bougie allumage iridium,5,15.54
CMD-002360,2025-10-15,Pneus & Mécanique Pro,SPK-032001,Bougie allumage iridium,7,18.07
CMD-002360,2025-10-15,Garage du Centre,ALT-013448,Alternateur 12V 140A,1,388.21
CMD-002360,2025-10-15,Garage Tremblay,ROT-036267,Disque de frein ventilé,7,107.69
CMD-002360,2025-10-15,Garage du Centre,FUS-003501,Boîte fusibles relais,2,22.29
CMD-002361,2025-09-17,Carrosserie Moderne,ROT-015403,Disque de frein ventilé,8,107.88
CMD-002361,2025-09-17,Atelier Mécanique 360,EXH-047688,Silencieux échappement,8,255.52
CMD-002361,2025-09-17,Auto-Réparation ABC,FUS-028100,Boîte fusibles relais,4,17.6
CMD-002361,2025-09-17,Garage du Centre,FLT-022405,Filtre à air moteur,6,24.33
CMD-002361,2025-09-17,Garage Tremblay,SEN-006021,Capteur ABS,8,31.48
CMD-002362,2026-04-02,Mécanique Rapide Inc.,ROT-015403,Disque de frein ventilé,2,107.88
CMD-002362,2026-04-02,Carrosserie Moderne,ROT-014289,Disque de frein ventilé,5,122.32
CMD-002362,2026-04-02,Mécanique Rapide Inc.,FUS-028100,Boîte fusibles relais,1,17.6
CMD-002363,2026-07-08,Atelier Mécanique 360,ALT-049926,Alternateur 12V 140A,5,306.59
CMD-002363,2026-07-08,Atelier Mécanique 360,FUS-025154,Boîte fusibles relais,6,23.1
CMD-002363,2026-07-08,Auto-Réparation ABC,SEN-043446,Capteur ABS,2,71.18
CMD-002364,2025-11-11,Carrosserie Moderne,BMP-018500,Pare-chocs AV primaire,6,451.96
CMD-002364,2025-11-11,Garage Tremblay,SPK-020617,Bougie allumage iridium,8,12.63
CMD-002364,2025-11-11,Auto Clinic,ROT-037875,Disque de frein ventilé,5,177.18
CMD-002364,2025-11-11,Garage du Centre,FUS-036362,Boîte fusibles relais,4,20.34
CMD-002365,2025-10-26,Carrosserie Moderne,SEN-014947,Capteur ABS,1,51.13
CMD-002365,2025-10-26,Mécanique Rapide Inc.,FLT-043239,Filtre à air moteur,6,27.52
CMD-002365,2025-10-26,Auto Clinic,SEN-015192,Capteur ABS,7,38.69
CMD-002366,2026-04-06,Mécanique Rapide Inc.,BRK-017720,Jeu plaquettes AV,7,85.77
CMD-002367,2026-02-19,Auto Clinic,ALT-001778,Alternateur 12V 140A,3,242.99
CMD-002367,2026-02-19,Atelier Mécanique 360,BRK-013237,Jeu plaquettes AV,4,53.16
CMD-002367,2026-02-19,Auto Clinic,SEN-002690,Capteur ABS,7,49.02
CMD-002368,2026-06-20,Auto Clinic,SPK-003219,Bougie allumage iridium,6,16.07
CMD-002369,2026-07-26,Garage du Centre,FLT-011683,Filtre à air moteur,7,37.71
CMD-002370,2026-06-22,Auto-Réparation ABC,EXH-034377,Silencieux échappement,3,268.92
CMD-002370,2026-06-22,Centre Auto Plus,ALT-043817,Alternateur 12V 140A,4,318.1
CMD-002370,2026-06-22,Centre Auto Plus,FLT-019590,Filtre à air moteur,2,19.27
CMD-002370,2026-06-22,Garage Royal,ROT-018008,Disque de frein ventilé,2,101.69
CMD-002371,2026-08-13,Garage Royal,FLT-011683,Filtre à air moteur,6,37.71
CMD-002371,2026-08-13,Auto Clinic,SEN-043446,Capteur ABS,4,71.18
CMD-002371,2026-08-13,Auto Clinic,FUS-025154,Boîte fusibles relais,8,23.1
CMD-002372,2026-04-20,Garage du Centre,ROT-015403,Disque de frein ventilé,7,107.88
CMD-002372,2026-04-20,Auto Clinic,FLT-026010,Filtre à air moteur,5,32.68
CMD-002372,2026-04-20,Garage Tremblay,ALT-007061,Alternateur 12V 140A,2,289.42
CMD-002372,2026-04-20,Auto-Réparation ABC,EXH-007271,Silencieux échappement,7,390.56
CMD-002373,2026-06-24,Mécanique Rapide Inc.,FLT-011683,Filtre à air moteur,4,37.71
CMD-002374,2026-01-01,Garage du Centre,BMP-006001,Pare-chocs AV primaire,4,264.54
CMD-002374,2026-01-01,Auto-Réparation ABC,EXH-002023,Silencieux échappement,2,218.66
CMD-002374,2026-01-01,Auto Clinic,SPK-034162,Bougie allumage iridium,7,15.54
CMD-002374,2026-01-01,Atelier Mécanique 360,FUS-037574,Boîte fusibles relais,2,22.82
CMD-002374,2026-01-01,Auto Clinic,ROT-015403,Disque de frein ventilé,5,107.88
CMD-002375,2026-07-30,Auto-Réparation ABC,FUS-028100,Boîte fusibles relais,3,17.6
CMD-002375,2026-07-30,Mécanique Rapide Inc.,ALT-008600,Alternateur 12V 140A,5,411.15
CMD-002375,2026-07-30,Centre Auto Plus,ROT-018669,Disque de frein ventilé,5,124.93
CMD-002375,2026-07-30,Garage Tremblay,SEN-004309,Capteur ABS,8,41.19
CMD-002375,2026-07-30,Pneus & Mécanique Pro,FLT-031402,Filtre à air moteur,3,26.67
CMD-002376,2025-11-20,Auto-Réparation ABC,ROT-044210,Disque de frein ventilé,1,175.19
CMD-002376,2025-11-20,Auto Clinic,FUS-027893,Boîte fusibles relais,3,20.0
CMD-002376,2025-11-20,Centre Auto Plus,FLT-028324,Filtre à air moteur,5,18.75
CMD-002376,2025-11-20,Mécanique Rapide Inc.,SEN-045054,Capteur ABS,5,56.01
CMD-002376,2025-11-20,Mécanique Rapide Inc.,FUS-037574,Boîte fusibles relais,1,22.82
CMD-002377,2026-01-23,Garage Tremblay,ROT-015403,Disque de frein ventilé,7,107.88
CMD-002377,2026-01-23,Atelier Mécanique 360,FUS-025154,Boîte fusibles relais,4,23.1
CMD-002377,2026-01-23,Garage Royal,BRK-008094,Jeu plaquettes AV,6,95.24
CMD-002377,2026-01-23,Centre Auto Plus,ALT-007996,Alternateur 12V 140A,7,220.97
CMD-002378,2026-04-29,Auto Clinic,FUS-025154,Boîte fusibles relais,5,23.1
CMD-002378,2026-04-29,Centre Auto Plus,RAD-035768,Radiateur refroidissement,5,177.87
CMD-002378,2026-04-29,Garage du Centre,BRK-020584,Jeu plaquettes AV,8,57.06
CMD-002378,2026-04-29,Auto Clinic,EXH-049698,Silencieux échappement,5,345.09
CMD-002378,2026-04-29,Garage Royal,ALT-002471,Alternateur 12V 140A,3,269.92
CMD-002379,2026-08-14,Auto Clinic,ROT-015403,Disque de frein ventilé,7,107.88
CMD-002379,2026-08-14,Centre Auto Plus,FUS-037574,Boîte fusibles relais,5,22.82
CMD-002379,2026-08-14,Mécanique Rapide Inc.,BLB-037992,Ampoule LED H7,3,27.13
CMD-002379,2026-08-14,Auto Clinic,FLT-012359,Filtre à air moteur,5,36.15
CMD-002380,2026-08-15,Garage du Centre,SPK-003219,Bougie allumage iridium,8,16.07
CMD-002381,2025-10-10,Auto Clinic,ROT-015403,Disque de frein ventilé,3,107.88
CMD-002382,2026-08-17,Mécanique Rapide Inc.,BRK-047004,Jeu plaquettes AV,1,91.9
CMD-002382,2026-08-17,Centre Auto Plus,FLT-026629,Filtre à air moteur,4,21.34
CMD-002382,2026-08-17,Centre Auto Plus,BLB-043006,Ampoule LED H7,1,29.61
CMD-002382,2026-08-17,Atelier Mécanique 360,FLT-015733,Filtre à air moteur,4,33.71
CMD-002382,2026-08-17,Garage Tremblay,FLT-010048,Filtre à air moteur,5,32.49
CMD-002383,2026-05-14,Garage du Centre,ROT-015403,Disque de frein ventilé,1,107.88
CMD-002383,2026-05-14,Garage Tremblay,SPK-031992,Bougie allumage iridium,5,20.18
CMD-002383,2026-05-14,Garage Royal,EXH-007271,Silencieux échappement,2,390.56
CMD-002384,2026-04-03,Carrosserie Moderne,ROT-015403,Disque de frein ventilé,4,107.88
CMD-002384,2026-04-03,Pneus & Mécanique Pro,FUS-028100,Boîte fusibles relais,4,17.6
CMD-002384,2026-04-03,Mécanique Rapide Inc.,FUS-025154,Boîte fusibles relais,1,23.1
CMD-002385,2025-10-10,Pneus & Mécanique Pro,BMP-018500,Pare-chocs AV primaire,1,451.96
CMD-002385,2025-10-10,Carrosserie Moderne,BRK-003736,Jeu plaquettes AV,7,83.33
CMD-002385,2025-10-10,Pneus & Mécanique Pro,ROT-037875,Disque de frein ventilé,6,177.18
CMD-002385,2025-10-10,Garage Tremblay,FUS-036362,Boîte fusibles relais,4,20.34
CMD-002386,2026-08-02,Garage Royal,FUS-028100,Boîte fusibles relais,1,17.6
CMD-002386,2026-08-02,Garage Royal,FLT-031402,Filtre à air moteur,3,26.67
CMD-002386,2026-08-02,Atelier Mécanique 360,FLT-009287,Filtre à air moteur,5,36.05
CMD-002386,2026-08-02,Garage Royal,SEN-004309,Capteur ABS,2,41.19
CMD-002387,2025-12-20,Mécanique Rapide Inc.,ALT-001778,Alternateur 12V 140A,5,242.99
CMD-002387,2025-12-20,Garage du Centre,SEN-002690,Capteur ABS,5,49.02
CMD-002387,2025-12-20,Garage du Centre,BRK-013237,Jeu plaquettes AV,1,53.16
CMD-002387,2025-12-20,Mécanique Rapide Inc.,BMP-048102,Pare-chocs AV primaire,1,212.63
CMD-002387,2025-12-20,Carrosserie Moderne,FUS-019025,Boîte fusibles relais,2,16.14
CMD-002388,2026-03-26,Centre Auto Plus,ROT-015403,Disque de frein ventilé,3,107.88
CMD-002388,2026-03-26,Carrosserie Moderne,ALT-007061,Alternateur 12V 140A,1,289.42
CMD-002389,2026-04-30,Pneus & Mécanique Pro,SPK-044783,Bougie allumage iridium,3,24.23
CMD-002389,2026-04-30,Pneus & Mécanique Pro,FUS-005948,Boîte fusibles relais,8,21.5
CMD-002389,2026-04-30,Mécanique Rapide Inc.,SPK-042345,Bougie allumage iridium,8,19.89
CMD-002389,2026-04-30,Garage Royal,FLT-043239,Filtre à air moteur,7,27.52
CMD-002390,2025-12-10,Auto Clinic,ALT-001778,Alternateur 12V 140A,7,242.99
CMD-002390,2025-12-10,Carrosserie Moderne,ALT-007205,Alternateur 12V 140A,1,250.82
CMD-002390,2025-12-10,Garage du Centre,FUS-019025,Boîte fusibles relais,3,16.14
CMD-002390,2025-12-10,Auto Clinic,BMP-048102,Pare-chocs AV primaire,1,212.63
CMD-002391,2026-01-13,Auto Clinic,EXH-007271,Silencieux échappement,1,390.56
CMD-002392,2025-10-20,Atelier Mécanique 360,ROT-017022,Disque de frein ventilé,3,145.87
CMD-002392,2025-10-20,Pneus & Mécanique Pro,BRK-024683,Jeu plaquettes AV,4,107.39
CMD-002392,2025-10-20,Auto-Réparation ABC,SEN-006586,Capteur ABS,3,39.57
CMD-002392,2025-10-20,Garage Tremblay,BRK-024935,Jeu plaquettes AV,4,109.95
CMD-002392,2025-10-20,Auto Clinic,ALT-000386,Alternateur 12V 140A,6,227.9
CMD-002393,2026-08-21,Garage du Centre,SPK-003219,Bougie allumage iridium,2,16.07
CMD-002393,2026-08-21,Auto-Réparation ABC,BRK-048251,Jeu plaquettes AV,4,89.61
CMD-002393,2026-08-21,Mécanique Rapide Inc.,ALT-025474,Alternateur 12V 140A,1,369.75
CMD-002393,2026-08-21,Pneus & Mécanique Pro,ROT-025009,Disque de frein ventilé,2,157.96
CMD-002394,2026-04-25,Garage Tremblay,BMP-037287,Pare-chocs AV primaire,3,323.55
CMD-002395,2026-06-12,Garage du Centre,ROT-006864,Disque de frein ventilé,1,105.15
CMD-002395,2026-06-12,Atelier Mécanique 360,BLB-040946,Ampoule LED H7,7,29.33
CMD-002395,2026-06-12,Auto-Réparation ABC,FUS-016622,Boîte fusibles relais,1,18.49
CMD-002396,2026-02-26,Centre Auto Plus,ALT-001778,Alternateur 12V 140A,4,242.99
CMD-002396,2026-02-26,Garage du Centre,BRK-013237,Jeu plaquettes AV,6,53.16
CMD-002396,2026-02-26,Garage du Centre,BMP-048102,Pare-chocs AV primaire,1,212.63
CMD-002396,2026-02-26,Mécanique Rapide Inc.,FUS-019025,Boîte fusibles relais,7,16.14
CMD-002397,2026-05-07,Garage du Centre,SPK-003219,Bougie allumage iridium,3,16.07
CMD-002397,2026-05-07,Atelier Mécanique 360,ALT-025474,Alternateur 12V 140A,5,369.75
CMD-002397,2026-05-07,Auto Clinic,BRK-048251,Jeu plaquettes AV,1,89.61
CMD-002397,2026-05-07,Auto-Réparation ABC,FLT-005484,Filtre à air moteur,8,34.9
CMD-002398,2026-01-02,Garage Tremblay,ROT-015403,Disque de frein ventilé,2,107.88
CMD-002399,2025-12-22,Atelier Mécanique 360,ROT-015403,Disque de frein ventilé,3,107.88
CMD-002400,2026-04-08,Garage Tremblay,ROT-014289,Disque de frein ventilé,8,122.32
CMD-002400,2026-04-08,Garage du Centre,SEN-008012,Capteur ABS,2,33.57
CMD-002400,2026-04-08,Garage Royal,BLB-007509,Ampoule LED H7,5,34.03
CMD-002400,2026-04-08,Auto Clinic,FUS-009657,Boîte fusibles relais,2,23.65
CMD-002400,2026-04-08,Garage du Centre,FLT-032848,Filtre à air moteur,6,16.69
CMD-002401,2025-09-16,Mécanique Rapide Inc.,SPK-032001,Bougie allumage iridium,6,18.07
CMD-002401,2025-09-16,Mécanique Rapide Inc.,ALT-013448,Alternateur 12V 140A,3,388.21
CMD-002401,2025-09-16,Garage Tremblay,ALT-006276,Alternateur 12V 140A,8,220.23
CMD-002401,2025-09-16,Pneus & Mécanique Pro,FUS-003501,Boîte fusibles relais,7,22.29
CMD-002401,2025-09-16,Carrosserie Moderne,ROT-036267,Disque de frein ventilé,6,107.69
CMD-002402,2026-06-30,Mécanique Rapide Inc.,ROT-006864,Disque de frein ventilé,3,105.15
CMD-002402,2026-06-30,Garage Tremblay,FUS-039684,Boîte fusibles relais,4,14.91
CMD-002403,2026-02-04,Auto-Réparation ABC,ALT-001778,Alternateur 12V 140A,6,242.99
CMD-002404,2025-11-23,Carrosserie Moderne,ALT-001778,Alternateur 12V 140A,4,242.99
CMD-002404,2025-11-23,Garage du Centre,ALT-007205,Alternateur 12V 140A,6,250.82
CMD-002404,2025-11-23,Pneus & Mécanique Pro,BMP-048102,Pare-chocs AV primaire,6,212.63
CMD-002404,2025-11-23,Pneus & Mécanique Pro,BRK-013237,Jeu plaquettes AV,4,53.16
CMD-002404,2025-11-23,Garage Royal,SEN-002690,Capteur ABS,6,49.02
CMD-002405,2026-02-11,Auto Clinic,FUS-028100,Boîte fusibles relais,7,17.6
CMD-002405,2026-02-11,Atelier Mécanique 360,FLT-009287,Filtre à air moteur,5,36.05
CMD-002406,2025-09-23,Auto-Réparation ABC,ROT-015403,Disque de frein ventilé,2,107.88
CMD-002406,2025-09-23,Auto Clinic,SEN-043446,Capteur ABS,7,71.18
CMD-002406,2025-09-23,Mécanique Rapide Inc.,FUS-018600,Boîte fusibles relais,3,15.09
CMD-002406,2025-09-23,Centre Auto Plus,ROT-021710,Disque de frein ventilé,3,128.69
CMD-002407,2026-04-03,Auto-Réparation ABC,FUS-026474,Boîte fusibles relais,2,18.89
CMD-002407,2026-04-03,Auto Clinic,FLT-012359,Filtre à air moteur,1,36.15
CMD-002407,2026-04-03,Garage Royal,SEN-038683,Capteur ABS,6,70.76
CMD-002407,2026-04-03,Centre Auto Plus,ALT-021132,Alternateur 12V 140A,8,376.48
CMD-002407,2026-04-03,Garage du Centre,BRK-001937,Jeu plaquettes AV,3,88.96
CMD-002408,2026-06-04,Pneus & Mécanique Pro,FLT-043239,Filtre à air moteur,3,27.52
CMD-002408,2026-06-04,Mécanique Rapide Inc.,RAD-025660,Radiateur refroidissement,7,165.29
CMD-002409,2026-02-10,Pneus & Mécanique Pro,ROT-015403,Disque de frein ventilé,3,107.88
CMD-002409,2026-02-10,Garage Tremblay,FLT-026010,Filtre à air moteur,4,32.68
CMD-002409,2026-02-10,Garage du Centre,SPK-031992,Bougie allumage iridium,7,20.18
CMD-002409,2026-02-10,Garage Royal,ROT-007220,Disque de frein ventilé,3,116.26
CMD-002409,2026-02-10,Carrosserie Moderne,ALT-007061,Alternateur 12V 140A,3,289.42
CMD-002410,2025-12-02,Garage Royal,ROT-015403,Disque de frein ventilé,6,107.88
CMD-002411,2026-01-05,Mécanique Rapide Inc.,FUS-025154,Boîte fusibles relais,6,23.1
CMD-002411,2026-01-05,Mécanique Rapide Inc.,ALT-002471,Alternateur 12V 140A,1,269.92
CMD-002412,2025-11-03,Centre Auto Plus,BRK-006205,Jeu plaquettes AV,5,53.37
CMD-002412,2025-11-03,Centre Auto Plus,SEN-046955,Capteur ABS,1,35.73
CMD-002413,2025-12-01,Centre Auto Plus,ALT-043817,Alternateur 12V 140A,4,318.1
CMD-002413,2025-12-01,Auto Clinic,ROT-015403,Disque de frein ventilé,4,107.88
CMD-002413,2025-12-01,Atelier Mécanique 360,RAD-025491,Radiateur refroidissement,3,220.59
CMD-002413,2025-12-01,Garage Tremblay,FUS-028100,Boîte fusibles relais,1,17.6
CMD-002413,2025-12-01,Garage Tremblay,EXH-034377,Silencieux échappement,4,268.92
CMD-002414,2026-02-07,Garage Tremblay,BRK-043609,Jeu plaquettes AV,2,47.15
CMD-002415,2026-01-20,Centre Auto Plus,BRK-001937,Jeu plaquettes AV,8,88.96
CMD-002415,2026-01-20,Auto Clinic,BRK-048251,Jeu plaquettes AV,6,89.61
CMD-002415,2026-01-20,Centre Auto Plus,ROT-015403,Disque de frein ventilé,5,107.88
CMD-002416,2025-11-19,Pneus & Mécanique Pro,FUS-025154,Boîte fusibles relais,3,23.1
CMD-002416,2025-11-19,Auto Clinic,ROT-015403,Disque de frein ventilé,7,107.88
CMD-002416,2025-11-19,Auto Clinic,ALT-001778,Alternateur 12V 140A,6,242.99
CMD-002417,2026-08-02,Garage du Centre,BRK-002545,Jeu plaquettes AV,2,48.87
CMD-002417,2026-08-02,Atelier Mécanique 360,ALT-049278,Alternateur 12V 140A,8,423.05
CMD-002417,2026-08-02,Carrosserie Moderne,ALT-036410,Alternateur 12V 140A,4,244.03
CMD-002418,2026-08-30,Auto Clinic,FUS-025154,Boîte fusibles relais,2,23.1
CMD-002418,2026-08-30,Garage du Centre,RAD-011217,Radiateur refroidissement,1,217.88
CMD-002418,2026-08-30,Centre Auto Plus,RAD-035768,Radiateur refroidissement,7,177.87
CMD-002419,2026-04-23,Carrosserie Moderne,FUS-028100,Boîte fusibles relais,7,17.6
CMD-002420,2026-02-09,Carrosserie Moderne,FUS-028100,Boîte fusibles relais,4,17.6
CMD-002420,2026-02-09,Garage Tremblay,FLT-009287,Filtre à air moteur,5,36.05
CMD-002420,2026-02-09,Garage Royal,ROT-018669,Disque de frein ventilé,1,124.93
CMD-002421,2026-06-15,Garage Royal,BRK-017720,Jeu plaquettes AV,7,85.77
CMD-002422,2026-05-17,Carrosserie Moderne,FUS-026474,Boîte fusibles relais,2,18.89
CMD-002422,2026-05-17,Mécanique Rapide Inc.,BLB-028682,Ampoule LED H7,8,36.03
CMD-002422,2026-05-17,Atelier Mécanique 360,SEN-038683,Capteur ABS,2,70.76
CMD-002423,2026-08-05,Garage du Centre,FUS-025154,Boîte fusibles relais,6,23.1
CMD-002423,2026-08-05,Atelier Mécanique 360,BRK-020584,Jeu plaquettes AV,3,57.06
CMD-002423,2026-08-05,Carrosserie Moderne,RAD-035768,Radiateur refroidissement,2,177.87
CMD-002423,2026-08-05,Pneus & Mécanique Pro,EXH-049698,Silencieux échappement,2,345.09
CMD-002424,2026-04-30,Mécanique Rapide Inc.,SEN-013569,Capteur ABS,8,42.76
CMD-002424,2026-04-30,Pneus & Mécanique Pro,BRK-014503,Jeu plaquettes AV,1,88.03
CMD-002424,2026-04-30,Carrosserie Moderne,ROT-027668,Disque de frein ventilé,8,139.0
CMD-002425,2026-02-11,Pneus & Mécanique Pro,BLB-037992,Ampoule LED H7,3,27.13
CMD-002425,2026-02-11,Pneus & Mécanique Pro,FLT-040963,Filtre à air moteur,2,23.2
CMD-002425,2026-02-11,Mécanique Rapide Inc.,BLB-028682,Ampoule LED H7,2,36.03
CMD-002426,2025-11-14,Carrosserie Moderne,EXH-007271,Silencieux échappement,2,390.56
CMD-002427,2025-10-06,Garage Tremblay,ROT-015403,Disque de frein ventilé,8,107.88
CMD-002428,2025-11-19,Garage Royal,BRK-048251,Jeu plaquettes AV,6,89.61
CMD-002428,2025-11-19,Pneus & Mécanique Pro,BLB-037992,Ampoule LED H7,7,27.13
CMD-002428,2025-11-19,Atelier Mécanique 360,FUS-028100,Boîte fusibles relais,4,17.6
CMD-002429,2025-09-22,Mécanique Rapide Inc.,FUS-025154,Boîte fusibles relais,8,23.1
CMD-002429,2025-09-22,Auto-Réparation ABC,ALT-002471,Alternateur 12V 140A,7,269.92
CMD-002429,2025-09-22,Garage du Centre,EXH-049698,Silencieux échappement,3,345.09
CMD-002429,2025-09-22,Mécanique Rapide Inc.,RAD-035768,Radiateur refroidissement,6,177.87
CMD-002430,2026-01-02,Carrosserie Moderne,FUS-026474,Boîte fusibles relais,8,18.89
CMD-002430,2026-01-02,Carrosserie Moderne,ROT-021710,Disque de frein ventilé,8,128.69
CMD-002430,2026-01-02,Pneus & Mécanique Pro,FLT-011683,Filtre à air moteur,8,37.71
CMD-002431,2026-07-11,Garage du Centre,BRK-047004,Jeu plaquettes AV,5,91.9
CMD-002431,2026-07-11,Garage Royal,BMP-031963,Pare-chocs AV primaire,4,274.27
CMD-002431,2026-07-11,Garage du Centre,FLT-015733,Filtre à air moteur,1,33.71
CMD-002432,2026-07-12,Atelier Mécanique 360,FLT-011683,Filtre à air moteur,7,37.71
CMD-002433,2026-07-09,Carrosserie Moderne,BLB-037992,Ampoule LED H7,8,27.13
CMD-002433,2026-07-09,Pneus & Mécanique Pro,FLT-044878,Filtre à air moteur,4,36.42
CMD-002434,2026-01-17,Mécanique Rapide Inc.,FUS-025154,Boîte fusibles relais,8,23.1
CMD-002434,2026-01-17,Garage Tremblay,FLT-011683,Filtre à air moteur,3,37.71
CMD-002434,2026-01-17,Auto Clinic,FUS-028100,Boîte fusibles relais,7,17.6
CMD-002434,2026-01-17,Pneus & Mécanique Pro,ALT-036410,Alternateur 12V 140A,1,244.03
CMD-002435,2026-03-10,Centre Auto Plus,BMP-018500,Pare-chocs AV primaire,8,451.96
CMD-002436,2025-10-10,Centre Auto Plus,FLT-026629,Filtre à air moteur,1,21.34
CMD-002436,2025-10-10,Garage du Centre,FLT-015733,Filtre à air moteur,2,33.71
CMD-002436,2025-10-10,Auto-Réparation ABC,BRK-047004,Jeu plaquettes AV,4,91.9
CMD-002436,2025-10-10,Atelier Mécanique 360,BLB-043006,Ampoule LED H7,2,29.61
CMD-002436,2025-10-10,Auto-Réparation ABC,BMP-031963,Pare-chocs AV primaire,7,274.27
CMD-002437,2026-01-27,Auto Clinic,FUS-025154,Boîte fusibles relais,4,23.1
CMD-002437,2026-01-27,Carrosserie Moderne,BRK-017720,Jeu plaquettes AV,7,85.77
CMD-002437,2026-01-27,Pneus & Mécanique Pro,BRK-008094,Jeu plaquettes AV,6,95.24
CMD-002437,2026-01-27,Centre Auto Plus,FUS-028100,Boîte fusibles relais,6,17.6
CMD-002437,2026-01-27,Mécanique Rapide Inc.,ROT-015403,Disque de frein ventilé,8,107.88
CMD-002438,2025-10-24,Pneus & Mécanique Pro,BLB-018376,Ampoule LED H7,1,20.53
CMD-002438,2025-10-24,Garage du Centre,FLT-040053,Filtre à air moteur,1,17.01
CMD-002439,2025-12-01,Centre Auto Plus,ROT-015403,Disque de frein ventilé,7,107.88
CMD-002439,2025-12-01,Pneus & Mécanique Pro,BLB-007509,Ampoule LED H7,5,34.03
CMD-002439,2025-12-01,Auto Clinic,FUS-025154,Boîte fusibles relais,4,23.1
CMD-002439,2025-12-01,Garage Royal,FLT-044878,Filtre à air moteur,3,36.42
CMD-002439,2025-12-01,Garage du Centre,SEN-013569,Capteur ABS,4,42.76
CMD-002440,2026-05-10,Atelier Mécanique 360,ALT-027632,Alternateur 12V 140A,1,313.91
CMD-002440,2026-05-10,Garage Royal,ALT-033658,Alternateur 12V 140A,3,254.43
CMD-002440,2026-05-10,Garage Royal,EXH-006384,Silencieux échappement,2,357.03
CMD-002441,2026-08-13,Auto-Réparation ABC,FUS-028100,Boîte fusibles relais,5,17.6
CMD-002441,2026-08-13,Garage Royal,FLT-043239,Filtre à air moteur,7,27.52
CMD-002441,2026-08-13,Mécanique Rapide Inc.,BRK-006205,Jeu plaquettes AV,3,53.37
CMD-002441,2026-08-13,Centre Auto Plus,SEN-034457,Capteur ABS,1,50.82
CMD-002442,2026-04-22,Garage Tremblay,FUS-028100,Boîte fusibles relais,6,17.6
CMD-002442,2026-04-22,Mécanique Rapide Inc.,ALT-008600,Alternateur 12V 140A,3,411.15
CMD-002442,2026-04-22,Atelier Mécanique 360,FLT-031402,Filtre à air moteur,8,26.67
CMD-002442,2026-04-22,Pneus & Mécanique Pro,ROT-018669,Disque de frein ventilé,8,124.93
CMD-002443,2026-06-11,Garage du Centre,ROT-002797,Disque de frein ventilé,2,141.62
CMD-002443,2026-06-11,Garage Tremblay,FLT-028528,Filtre à air moteur,2,38.12
CMD-002443,2026-06-11,Garage Royal,BRK-035690,Jeu plaquettes AV,4,85.62
CMD-002443,2026-06-11,Garage du Centre,ALT-013343,Alternateur 12V 140A,5,241.48
CMD-002444,2026-08-01,Atelier Mécanique 360,FLT-011683,Filtre à air moteur,5,37.71
CMD-002444,2026-08-01,Auto Clinic,ALT-040335,Alternateur 12V 140A,1,368.08
CMD-002444,2026-08-01,Mécanique Rapide Inc.,FUS-041719,Boîte fusibles relais,3,14.8
CMD-002444,2026-08-01,Centre Auto Plus,BRK-043609,Jeu plaquettes AV,1,47.15
CMD-002445,2026-07-20,Pneus & Mécanique Pro,ROT-015638,Disque de frein ventilé,3,119.45
CMD-002445,2026-07-20,Garage du Centre,ALT-033658,Alternateur 12V 140A,4,254.43
CMD-002445,2026-07-20,Garage Tremblay,ROT-039102,Disque de frein ventilé,8,83.39
CMD-002445,2026-07-20,Garage Tremblay,ALT-027632,Alternateur 12V 140A,3,313.91
CMD-002445,2026-07-20,Mécanique Rapide Inc.,EXH-047688,Silencieux échappement,1,255.52
CMD-002446,2025-12-16,Auto Clinic,FUS-021849,Boîte fusibles relais,5,14.18
CMD-002446,2025-12-16,Atelier Mécanique 360,BRK-044381,Jeu plaquettes AV,5,48.66
CMD-002446,2025-12-16,Auto-Réparation ABC,FLT-010535,Filtre à air moteur,7,15.65
CMD-002446,2025-12-16,Garage Royal,SEN-006021,Capteur ABS,5,31.48
CMD-002446,2025-12-16,Garage Tremblay,FUS-003395,Boîte fusibles relais,6,17.5
CMD-002447,2026-03-13,Carrosserie Moderne,ROT-015403,Disque de frein ventilé,3,107.88
CMD-002448,2026-06-28,Garage du Centre,FUS-028100,Boîte fusibles relais,4,17.6
CMD-002449,2026-02-16,Garage du Centre,ROT-015403,Disque de frein ventilé,3,107.88
CMD-002449,2026-02-16,Garage du Centre,SPK-031992,Bougie allumage iridium,6,20.18
CMD-002449,2026-02-16,Garage Royal,EXH-007271,Silencieux échappement,5,390.56
CMD-002450,2026-01-13,Garage Royal,FUS-025154,Boîte fusibles relais,8,23.1
CMD-002450,2026-01-13,Mécanique Rapide Inc.,ROT-015403,Disque de frein ventilé,1,107.88
CMD-002450,2026-01-13,Auto-Réparation ABC,EXH-034377,Silencieux échappement,8,268.92
CMD-002451,2025-12-13,Garage Tremblay,ROT-043334,Disque de frein ventilé,5,133.36
CMD-002451,2025-12-13,Garage du Centre,BRK-048883,Jeu plaquettes AV,4,89.97
CMD-002451,2025-12-13,Garage du Centre,FLT-034378,Filtre à air moteur,6,20.46
CMD-002451,2025-12-13,Pneus & Mécanique Pro,SPK-043767,Bougie allumage iridium,4,15.6
CMD-002451,2025-12-13,Auto-Réparation ABC,EXH-002023,Silencieux échappement,8,218.66
CMD-002452,2026-02-17,Centre Auto Plus,FUS-028100,Boîte fusibles relais,2,17.6
CMD-002452,2026-02-17,Mécanique Rapide Inc.,FLT-031402,Filtre à air moteur,2,26.67
CMD-002452,2026-02-17,Garage Royal,ROT-018669,Disque de frein ventilé,8,124.93
CMD-002452,2026-02-17,Atelier Mécanique 360,ALT-008600,Alternateur 12V 140A,3,411.15
CMD-002452,2026-02-17,Carrosserie Moderne,FLT-009287,Filtre à air moteur,5,36.05
CMD-002453,2026-03-16,Carrosserie Moderne,BMP-018500,Pare-chocs AV primaire,2,451.96
CMD-002453,2026-03-16,Pneus & Mécanique Pro,SPK-020617,Bougie allumage iridium,5,12.63
CMD-002453,2026-03-16,Atelier Mécanique 360,FUS-036362,Boîte fusibles relais,3,20.34
CMD-002453,2026-03-16,Pneus & Mécanique Pro,ROT-037875,Disque de frein ventilé,8,177.18
CMD-002454,2025-11-08,Mécanique Rapide Inc.,FUS-028100,Boîte fusibles relais,8,17.6
CMD-002454,2025-11-08,Garage Royal,FLT-031402,Filtre à air moteur,2,26.67
CMD-002454,2025-11-08,Auto Clinic,SEN-004309,Capteur ABS,7,41.19
CMD-002454,2025-11-08,Atelier Mécanique 360,FLT-009287,Filtre à air moteur,6,36.05
CMD-002454,2025-11-08,Centre Auto Plus,ROT-018669,Disque de frein ventilé,3,124.93
CMD-002455,2026-05-28,Garage du Centre,FUS-003501,Boîte fusibles relais,4,22.29
CMD-002456,2026-01-03,Atelier Mécanique 360,SPK-033608,Bougie allumage iridium,8,17.65
CMD-002457,2026-01-15,Carrosserie Moderne,ROT-015403,Disque de frein ventilé,8,107.88
CMD-002457,2026-01-15,Garage du Centre,EXH-007271,Silencieux échappement,7,390.56
CMD-002457,2026-01-15,Pneus & Mécanique Pro,ROT-007220,Disque de frein ventilé,2,116.26
CMD-002457,2026-01-15,Mécanique Rapide Inc.,SPK-031992,Bougie allumage iridium,3,20.18
CMD-002457,2026-01-15,Garage Tremblay,FLT-026010,Filtre à air moteur,4,32.68
CMD-002458,2026-01-26,Garage Royal,ROT-006864,Disque de frein ventilé,6,105.15
CMD-002458,2026-01-26,Pneus & Mécanique Pro,FUS-039684,Boîte fusibles relais,8,14.91
CMD-002458,2026-01-26,Garage du Centre,BLB-040946,Ampoule LED H7,1,29.33
CMD-002458,2026-01-26,Atelier Mécanique 360,BRK-003411,Jeu plaquettes AV,6,78.75
CMD-002459,2026-01-06,Centre Auto Plus,BLB-037992,Ampoule LED H7,4,27.13
CMD-002460,2026-08-18,Garage du Centre,ROT-015403,Disque de frein ventilé,8,107.88
CMD-002461,2026-03-19,Auto Clinic,FUS-025154,Boîte fusibles relais,7,23.1
CMD-002461,2026-03-19,Garage Tremblay,FLT-017690,Filtre à air moteur,7,23.9
CMD-002461,2026-03-19,Centre Auto Plus,FLT-028324,Filtre à air moteur,7,18.75
CMD-002461,2026-03-19,Garage Royal,ROT-015403,Disque de frein ventilé,8,107.88
CMD-002461,2026-03-19,Auto Clinic,STR-023248,Jambe de force suspension,2,244.06
CMD-002462,2026-06-02,Atelier Mécanique 360,FLT-032536,Filtre à air moteur,3,26.71
CMD-002462,2026-06-02,Atelier Mécanique 360,BMP-006001,Pare-chocs AV primaire,2,264.54
CMD-002462,2026-06-02,Carrosserie Moderne,FLT-029423,Filtre à air moteur,3,40.89
CMD-002462,2026-06-02,Garage Tremblay,RAD-008323,Radiateur refroidissement,5,225.29
CMD-002463,2026-08-18,Auto Clinic,ROT-015403,Disque de frein ventilé,8,107.88
CMD-002463,2026-08-18,Auto Clinic,FUS-037574,Boîte fusibles relais,1,22.82
CMD-002463,2026-08-18,Centre Auto Plus,BRK-047004,Jeu plaquettes AV,3,91.9
CMD-002463,2026-08-18,Centre Auto Plus,BLB-037992,Ampoule LED H7,7,27.13
CMD-002463,2026-08-18,Garage du Centre,BRK-032885,Jeu plaquettes AV,6,54.07
CMD-002464,2026-07-15,Garage Tremblay,BLB-037992,Ampoule LED H7,8,27.13
CMD-002465,2025-09-29,Carrosserie Moderne,ROT-015403,Disque de frein ventilé,5,107.88
CMD-002465,2025-09-29,Garage Royal,ALT-007061,Alternateur 12V 140A,3,289.42
CMD-002465,2025-09-29,Garage Tremblay,FLT-026010,Filtre à air moteur,6,32.68
CMD-002466,2026-08-18,Centre Auto Plus,ROT-015403,Disque de frein ventilé,8,107.88
CMD-002466,2026-08-18,Garage Tremblay,BRK-006205,Jeu plaquettes AV,8,53.37
CMD-002466,2026-08-18,Garage du Centre,FLT-043239,Filtre à air moteur,1,27.52
CMD-002466,2026-08-18,Atelier Mécanique 360,ALT-046126,Alternateur 12V 140A,1,421.09
CMD-002467,2025-09-07,Carrosserie Moderne,FUS-026474,Boîte fusibles relais,5,18.89
CMD-002467,2025-09-07,Mécanique Rapide Inc.,BLB-028682,Ampoule LED H7,8,36.03
CMD-002468,2026-01-07,Garage Royal,SPK-047981,Bougie allumage iridium,8,24.04
CMD-002469,2026-03-05,Mécanique Rapide Inc.,FUS-028100,Boîte fusibles relais,5,17.6
CMD-002469,2026-03-05,Garage du Centre,FUS-037465,Boîte fusibles relais,4,13.4
CMD-002470,2026-03-27,Carrosserie Moderne,FUS-025154,Boîte fusibles relais,2,23.1
CMD-002470,2026-03-27,Mécanique Rapide Inc.,ALT-002471,Alternateur 12V 140A,6,269.92
CMD-002470,2026-03-27,Garage Royal,RAD-011217,Radiateur refroidissement,8,217.88
CMD-002470,2026-03-27,Atelier Mécanique 360,BRK-020584,Jeu plaquettes AV,1,57.06
CMD-002471,2026-06-26,Garage du Centre,ALT-001778,Alternateur 12V 140A,1,242.99
CMD-002472,2025-09-09,Mécanique Rapide Inc.,FUS-028100,Boîte fusibles relais,8,17.6
CMD-002472,2025-09-09,Garage Royal,BRK-047004,Jeu plaquettes AV,5,91.9
CMD-002472,2025-09-09,Garage Royal,ROT-015403,Disque de frein ventilé,4,107.88
CMD-002472,2025-09-09,Mécanique Rapide Inc.,EXH-034377,Silencieux échappement,5,268.92
CMD-002473,2026-06-16,Centre Auto Plus,ALT-036410,Alternateur 12V 140A,7,244.03
CMD-002473,2026-06-16,Mécanique Rapide Inc.,ALT-049278,Alternateur 12V 140A,2,423.05
CMD-002473,2026-06-16,Auto-Réparation ABC,RAD-042341,Radiateur refroidissement,7,227.46
CMD-002474,2025-10-05,Mécanique Rapide Inc.,ROT-006864,Disque de frein ventilé,2,105.15
CMD-002475,2026-01-17,Atelier Mécanique 360,FUS-025154,Boîte fusibles relais,6,23.1
CMD-002475,2026-01-17,Mécanique Rapide Inc.,RAD-011217,Radiateur refroidissement,2,217.88
CMD-002475,2026-01-17,Pneus & Mécanique Pro,ALT-002471,Alternateur 12V 140A,2,269.92
CMD-002475,2026-01-17,Garage du Centre,EXH-049698,Silencieux échappement,5,345.09
CMD-002475,2026-01-17,Garage du Centre,BRK-020584,Jeu plaquettes AV,8,57.06
CMD-002476,2026-04-25,Auto Clinic,FUS-025154,Boîte fusibles relais,2,23.1
CMD-002476,2026-04-25,Garage du Centre,ALT-001778,Alternateur 12V 140A,4,242.99
CMD-002477,2026-03-18,Garage du Centre,SEN-019139,Capteur ABS,1,38.32
CMD-002477,2026-03-18,Auto-Réparation ABC,BRK-048679,Jeu plaquettes AV,2,67.21
CMD-002477,2026-03-18,Auto-Réparation ABC,BRK-008094,Jeu plaquettes AV,5,95.24
CMD-002478,2026-08-26,Centre Auto Plus,FUS-025154,Boîte fusibles relais,7,23.1
CMD-002478,2026-08-26,Mécanique Rapide Inc.,ALT-007061,Alternateur 12V 140A,4,289.42
CMD-002479,2026-05-30,Carrosserie Moderne,ROT-044210,Disque de frein ventilé,6,175.19
CMD-002479,2026-05-30,Centre Auto Plus,FUS-027893,Boîte fusibles relais,3,20.0
CMD-002480,2025-10-03,Auto-Réparation ABC,ALT-001778,Alternateur 12V 140A,6,242.99
CMD-002480,2025-10-03,Atelier Mécanique 360,SEN-002690,Capteur ABS,3,49.02
CMD-002480,2025-10-03,Auto-Réparation ABC,BRK-013237,Jeu plaquettes AV,2,53.16
CMD-002480,2025-10-03,Atelier Mécanique 360,ALT-007205,Alternateur 12V 140A,1,250.82
CMD-002481,2026-03-13,Atelier Mécanique 360,BRK-047004,Jeu plaquettes AV,1,91.9
CMD-002481,2026-03-13,Garage du Centre,BMP-031963,Pare-chocs AV primaire,7,274.27
CMD-002481,2026-03-13,Garage Royal,FLT-010048,Filtre à air moteur,6,32.49
CMD-002481,2026-03-13,Atelier Mécanique 360,FLT-015733,Filtre à air moteur,6,33.71
CMD-002481,2026-03-13,Atelier Mécanique 360,FLT-026629,Filtre à air moteur,1,21.34
CMD-002482,2026-01-16,Auto-Réparation ABC,SEN-006021,Capteur ABS,8,31.48
CMD-002482,2026-01-16,Pneus & Mécanique Pro,BRK-044381,Jeu plaquettes AV,3,48.66
CMD-002482,2026-01-16,Auto-Réparation ABC,ALT-011421,Alternateur 12V 140A,4,394.92
CMD-002482,2026-01-16,Mécanique Rapide Inc.,FLT-010535,Filtre à air moteur,1,15.65
CMD-002483,2026-02-18,Carrosserie Moderne,FUS-025154,Boîte fusibles relais,2,23.1
CMD-002483,2026-02-18,Carrosserie Moderne,EXH-049698,Silencieux échappement,5,345.09
CMD-002484,2026-07-12,Garage du Centre,SPK-032001,Bougie allumage iridium,1,18.07
CMD-002484,2026-07-12,Atelier Mécanique 360,ALT-006276,Alternateur 12V 140A,6,220.23
CMD-002484,2026-07-12,Pneus & Mécanique Pro,ROT-036267,Disque de frein ventilé,7,107.69
CMD-002484,2026-07-12,Atelier Mécanique 360,BLB-048086,Ampoule LED H7,4,40.86
CMD-002485,2026-02-09,Garage du Centre,FUS-004135,Boîte fusibles relais,3,14.53
CMD-002485,2026-02-09,Pneus & Mécanique Pro,ROT-007220,Disque de frein ventilé,5,116.26
CMD-002485,2026-02-09,Carrosserie Moderne,SEN-006021,Capteur ABS,7,31.48
CMD-002485,2026-02-09,Atelier Mécanique 360,ALT-001778,Alternateur 12V 140A,7,242.99
CMD-002485,2026-02-09,Carrosserie Moderne,RAD-011217,Radiateur refroidissement,8,217.88
CMD-002486,2026-09-05,Garage du Centre,FLT-026606,Filtre à air moteur,2,14.88
CMD-002486,2026-09-05,Atelier Mécanique 360,ALT-036394,Alternateur 12V 140A,6,433.19
CMD-002486,2026-09-05,Mécanique Rapide Inc.,ROT-038207,Disque de frein ventilé,4,92.77
CMD-002487,2025-12-25,Pneus & Mécanique Pro,FUS-021849,Boîte fusibles relais,8,14.18
CMD-002488,2026-08-31,Pneus & Mécanique Pro,BLB-020402,Ampoule LED H7,1,19.04
CMD-002488,2026-08-31,Pneus & Mécanique Pro,SEN-020721,Capteur ABS,1,59.04
CMD-002488,2026-08-31,Centre Auto Plus,STR-026017,Jambe de force suspension,2,131.28
CMD-002488,2026-08-31,Garage Tremblay,FUS-004135,Boîte fusibles relais,7,14.53
CMD-002488,2026-08-31,Atelier Mécanique 360,FLT-017690,Filtre à air moteur,1,23.9
CMD-002489,2026-05-17,Garage Tremblay,FLT-017708,Filtre à air moteur,3,29.61
CMD-002490,2026-04-20,Carrosserie Moderne,FUS-025154,Boîte fusibles relais,6,23.1
CMD-002490,2026-04-20,Centre Auto Plus,ROT-015403,Disque de frein ventilé,6,107.88
CMD-002490,2026-04-20,Garage du Centre,FLT-026629,Filtre à air moteur,3,21.34
CMD-002491,2026-01-06,Pneus & Mécanique Pro,FUS-028100,Boîte fusibles relais,6,17.6
CMD-002492,2025-11-27,Auto-Réparation ABC,ROT-015403,Disque de frein ventilé,3,107.88
CMD-002492,2025-11-27,Auto Clinic,FUS-025154,Boîte fusibles relais,6,23.1
CMD-002492,2025-11-27,Pneus & Mécanique Pro,FUS-028100,Boîte fusibles relais,8,17.6
CMD-002492,2025-11-27,Carrosserie Moderne,BMP-037287,Pare-chocs AV primaire,8,323.55
CMD-002492,2025-11-27,Auto Clinic,EXH-034377,Silencieux échappement,4,268.92
CMD-002493,2026-06-07,Pneus & Mécanique Pro,ROT-015403,Disque de frein ventilé,1,107.88
CMD-002493,2026-06-07,Garage du Centre,ROT-007220,Disque de frein ventilé,5,116.26
CMD-002494,2026-06-18,Garage du Centre,SPK-025943,Bougie allumage iridium,4,22.81
CMD-002494,2026-06-18,Pneus & Mécanique Pro,RAD-042341,Radiateur refroidissement,5,227.46
CMD-002494,2026-06-18,Atelier Mécanique 360,ROT-015403,Disque de frein ventilé,4,107.88
CMD-002494,2026-06-18,Auto Clinic,BRK-017720,Jeu plaquettes AV,6,85.77
CMD-002495,2025-12-05,Garage du Centre,SEN-015192,Capteur ABS,8,38.69
CMD-002495,2025-12-05,Garage Royal,FUS-025154,Boîte fusibles relais,5,23.1
CMD-002495,2025-12-05,Auto Clinic,FLT-017708,Filtre à air moteur,2,29.61
CMD-002495,2025-12-05,Atelier Mécanique 360,RAD-042341,Radiateur refroidissement,4,227.46
CMD-002495,2025-12-05,Centre Auto Plus,ALT-001778,Alternateur 12V 140A,3,242.99
CMD-002496,2026-04-19,Mécanique Rapide Inc.,SEN-004309,Capteur ABS,6,41.19
CMD-002496,2026-04-19,Centre Auto Plus,ALT-008600,Alternateur 12V 140A,7,411.15
CMD-002497,2026-02-02,Auto Clinic,BRK-048883,Jeu plaquettes AV,6,89.97
CMD-002497,2026-02-02,Pneus & Mécanique Pro,ROT-043334,Disque de frein ventilé,3,133.36
CMD-002498,2025-11-30,Garage du Centre,SEN-043446,Capteur ABS,5,71.18
CMD-002498,2025-11-30,Mécanique Rapide Inc.,ROT-001359,Disque de frein ventilé,1,180.58
CMD-002498,2025-11-30,Pneus & Mécanique Pro,BRK-036956,Jeu plaquettes AV,8,85.25
CMD-002498,2025-11-30,Garage Royal,EXH-033760,Silencieux échappement,8,201.19
CMD-002499,2026-08-24,Pneus & Mécanique Pro,ROT-015403,Disque de frein ventilé,5,107.88
CMD-002500,2025-10-17,Centre Auto Plus,ROT-015403,Disque de frein ventilé,6,107.88
CMD-002500,2025-10-17,Garage du Centre,SPK-031992,Bougie allumage iridium,3,20.18
CMD-002500,2025-10-17,Auto Clinic,FLT-026010,Filtre à air moteur,3,32.68
CMD-002501,2026-02-17,Garage du Centre,ROT-015403,Disque de frein ventilé,3,107.88
CMD-002501,2026-02-17,Atelier Mécanique 360,SPK-031992,Bougie allumage iridium,8,20.18
CMD-002502,2026-03-16,Auto Clinic,BLB-007509,Ampoule LED H7,4,34.03
CMD-002503,2026-08-27,Garage du Centre,FLT-010048,Filtre à air moteur,6,32.49
CMD-002503,2026-08-27,Garage Tremblay,BLB-043006,Ampoule LED H7,2,29.61
CMD-002503,2026-08-27,Pneus & Mécanique Pro,FLT-015733,Filtre à air moteur,7,33.71
CMD-002504,2026-05-16,Auto-Réparation ABC,ROT-034722,Disque de frein ventilé,3,168.29
CMD-002504,2026-05-16,Garage du Centre,BRK-038699,Jeu plaquettes AV,6,92.39
CMD-002505,2025-10-13,Atelier Mécanique 360,ROT-015403,Disque de frein ventilé,1,107.88
CMD-002505,2025-10-13,Garage Tremblay,FLT-026010,Filtre à air moteur,3,32.68
CMD-002505,2025-10-13,Garage Tremblay,EXH-007271,Silencieux échappement,4,390.56
CMD-002505,2025-10-13,Carrosserie Moderne,ROT-007220,Disque de frein ventilé,8,116.26
CMD-002505,2025-10-13,Auto Clinic,ALT-007061,Alternateur 12V 140A,2,289.42
CMD-002506,2025-11-02,Pneus & Mécanique Pro,ROT-021710,Disque de frein ventilé,3,128.69
CMD-002507,2025-09-28,Garage Tremblay,ROT-015403,Disque de frein ventilé,8,107.88
CMD-002507,2025-09-28,Garage du Centre,FLT-026010,Filtre à air moteur,1,32.68
CMD-002507,2025-09-28,Garage du Centre,EXH-007271,Silencieux échappement,2,390.56
CMD-002508,2025-11-24,Garage du Centre,FUS-028100,Boîte fusibles relais,5,17.6
CMD-002508,2025-11-24,Centre Auto Plus,ALT-003156,Alternateur 12V 140A,8,452.21
CMD-002508,2025-11-24,Garage Royal,FUS-026474,Boîte fusibles relais,8,18.89
CMD-002508,2025-11-24,Mécanique Rapide Inc.,RAD-011217,Radiateur refroidissement,8,217.88
CMD-002508,2025-11-24,Mécanique Rapide Inc.,ALT-007205,Alternateur 12V 140A,5,250.82
CMD-002509,2025-12-14,Auto-Réparation ABC,FLT-011683,Filtre à air moteur,5,37.71
CMD-002509,2025-12-14,Garage Tremblay,ROT-015403,Disque de frein ventilé,3,107.88
CMD-002509,2025-12-14,Centre Auto Plus,ROT-006864,Disque de frein ventilé,6,105.15
CMD-002510,2025-12-22,Carrosserie Moderne,ROT-015403,Disque de frein ventilé,7,107.88
CMD-002511,2026-04-09,Garage Royal,FUS-025154,Boîte fusibles relais,7,23.1
CMD-002512,2026-07-21,Pneus & Mécanique Pro,RAD-038113,Radiateur refroidissement,2,210.9
CMD-002512,2026-07-21,Mécanique Rapide Inc.,BLB-037992,Ampoule LED H7,1,27.13
CMD-002512,2026-07-21,Carrosserie Moderne,ROT-015403,Disque de frein ventilé,8,107.88
CMD-002512,2026-07-21,Carrosserie Moderne,SEN-043446,Capteur ABS,1,71.18
CMD-002512,2026-07-21,Auto Clinic,SPK-003219,Bougie allumage iridium,6,16.07
CMD-002513,2026-02-22,Garage Tremblay,ROT-021710,Disque de frein ventilé,3,128.69
CMD-002513,2026-02-22,Carrosserie Moderne,FLT-026606,Filtre à air moteur,2,14.88
CMD-002514,2026-07-22,Auto Clinic,ROT-006864,Disque de frein ventilé,4,105.15
CMD-002514,2026-07-22,Pneus & Mécanique Pro,BRK-003411,Jeu plaquettes AV,3,78.75
CMD-002514,2026-07-22,Garage du Centre,SPK-047981,Bougie allumage iridium,2,24.04
CMD-002514,2026-07-22,Garage du Centre,FUS-016622,Boîte fusibles relais,8,18.49
CMD-002515,2025-09-08,Garage Royal,FUS-028100,Boîte fusibles relais,3,17.6
CMD-002515,2025-09-08,Mécanique Rapide Inc.,FLT-009287,Filtre à air moteur,3,36.05
CMD-002515,2025-09-08,Mécanique Rapide Inc.,ALT-008600,Alternateur 12V 140A,2,411.15
CMD-002515,2025-09-08,Garage du Centre,ROT-018669,Disque de frein ventilé,5,124.93
CMD-002516,2026-07-13,Garage Tremblay,SPK-032001,Bougie allumage iridium,2,18.07
CMD-002516,2026-07-13,Pneus & Mécanique Pro,ALT-006276,Alternateur 12V 140A,5,220.23
CMD-002516,2026-07-13,Garage Tremblay,BLB-048086,Ampoule LED H7,4,40.86
CMD-002516,2026-07-13,Pneus & Mécanique Pro,FUS-003501,Boîte fusibles relais,4,22.29
CMD-002517,2025-11-12,Pneus & Mécanique Pro,ALT-000386,Alternateur 12V 140A,2,227.9
CMD-002517,2025-11-12,Pneus & Mécanique Pro,BRK-017720,Jeu plaquettes AV,4,85.77
CMD-002517,2025-11-12,Atelier Mécanique 360,FUS-025154,Boîte fusibles relais,6,23.1
CMD-002518,2026-07-07,Garage du Centre,EXH-034377,Silencieux échappement,8,268.92
CMD-002518,2026-07-07,Mécanique Rapide Inc.,ALT-043817,Alternateur 12V 140A,2,318.1
CMD-002519,2025-12-04,Pneus & Mécanique Pro,BMP-037287,Pare-chocs AV primaire,6,323.55
CMD-002519,2025-12-04,Mécanique Rapide Inc.,ALT-013343,Alternateur 12V 140A,3,241.48
CMD-002519,2025-12-04,Carrosserie Moderne,ROT-002797,Disque de frein ventilé,8,141.62
CMD-002519,2025-12-04,Mécanique Rapide Inc.,SEN-006132,Capteur ABS,2,40.66
CMD-002520,2026-02-23,Centre Auto Plus,ALT-006276,Alternateur 12V 140A,7,220.23
CMD-002520,2026-02-23,Atelier Mécanique 360,FUS-025154,Boîte fusibles relais,5,23.1
CMD-002521,2026-01-27,Garage Tremblay,BRK-047004,Jeu plaquettes AV,4,91.9
CMD-002521,2026-01-27,Carrosserie Moderne,FLT-015733,Filtre à air moteur,7,33.71
CMD-002521,2026-01-27,Auto Clinic,FLT-010048,Filtre à air moteur,5,32.49
CMD-002521,2026-01-27,Garage Tremblay,BLB-043006,Ampoule LED H7,5,29.61
CMD-002522,2026-03-25,Garage Royal,ALT-001778,Alternateur 12V 140A,3,242.99
CMD-002522,2026-03-25,Atelier Mécanique 360,ALT-007205,Alternateur 12V 140A,3,250.82
CMD-002523,2026-02-14,Mécanique Rapide Inc.,ROT-015403,Disque de frein ventilé,6,107.88
CMD-002523,2026-02-14,Auto Clinic,FLT-026010,Filtre à air moteur,6,32.68
CMD-002524,2026-07-23,Garage Tremblay,ROT-015403,Disque de frein ventilé,1,107.88
CMD-002524,2026-07-23,Atelier Mécanique 360,FLT-026010,Filtre à air moteur,7,32.68
CMD-002525,2026-01-29,Mécanique Rapide Inc.,FUS-028100,Boîte fusibles relais,3,17.6
CMD-002525,2026-01-29,Garage Royal,FUS-025154,Boîte fusibles relais,6,23.1
CMD-002525,2026-01-29,Auto-Réparation ABC,ROT-015403,Disque de frein ventilé,7,107.88
CMD-002525,2026-01-29,Garage Tremblay,BMP-019552,Pare-chocs AV primaire,8,368.75
CMD-002526,2025-09-23,Pneus & Mécanique Pro,SPK-043767,Bougie allumage iridium,7,15.6
CMD-002526,2025-09-23,Auto Clinic,ROT-015403,Disque de frein ventilé,8,107.88
CMD-002526,2025-09-23,Garage du Centre,BRK-017720,Jeu plaquettes AV,1,85.77
CMD-002527,2026-03-14,Mécanique Rapide Inc.,ROT-015403,Disque de frein ventilé,4,107.88
CMD-002527,2026-03-14,Auto Clinic,FLT-026010,Filtre à air moteur,2,32.68
CMD-002527,2026-03-14,Auto-Réparation ABC,EXH-007271,Silencieux échappement,7,390.56
CMD-002527,2026-03-14,Auto Clinic,SPK-031992,Bougie allumage iridium,6,20.18
CMD-002527,2026-03-14,Atelier Mécanique 360,ALT-007061,Alternateur 12V 140A,6,289.42
CMD-002528,2026-01-25,Mécanique Rapide Inc.,ROT-015403,Disque de frein ventilé,5,107.88
CMD-002528,2026-01-25,Auto Clinic,ROT-007220,Disque de frein ventilé,1,116.26
CMD-002529,2026-03-14,Carrosserie Moderne,ROT-015403,Disque de frein ventilé,1,107.88
CMD-002529,2026-03-14,Centre Auto Plus,FLT-011683,Filtre à air moteur,6,37.71
CMD-002530,2025-12-31,Garage Tremblay,BRK-017720,Jeu plaquettes AV,2,85.77
CMD-002530,2025-12-31,Auto Clinic,ROT-034722,Disque de frein ventilé,6,168.29
CMD-002530,2025-12-31,Garage Tremblay,BRK-038699,Jeu plaquettes AV,2,92.39
CMD-002530,2025-12-31,Carrosserie Moderne,SPK-043295,Bougie allumage iridium,2,13.79
CMD-002531,2026-06-28,Atelier Mécanique 360,ROT-015403,Disque de frein ventilé,1,107.88
CMD-002531,2026-06-28,Auto-Réparation ABC,ROT-017022,Disque de frein ventilé,7,145.87
CMD-002531,2026-06-28,Garage Tremblay,FLT-011683,Filtre à air moteur,6,37.71
CMD-002531,2026-06-28,Centre Auto Plus,EXH-006384,Silencieux échappement,7,357.03
CMD-002531,2026-06-28,Atelier Mécanique 360,FUS-026474,Boîte fusibles relais,3,18.89
CMD-002532,2025-11-14,Carrosserie Moderne,FLT-011683,Filtre à air moteur,7,37.71
CMD-002532,2025-11-14,Garage du Centre,BRK-032885,Jeu plaquettes AV,1,54.07
CMD-002532,2025-11-14,Auto-Réparation ABC,BRK-043609,Jeu plaquettes AV,4,47.15
CMD-002532,2025-11-14,Pneus & Mécanique Pro,ALT-040335,Alternateur 12V 140A,4,368.08
CMD-002532,2025-11-14,Auto Clinic,BRK-042035,Jeu plaquettes AV,3,57.16
CMD-002533,2026-01-14,Pneus & Mécanique Pro,ALT-027632,Alternateur 12V 140A,5,313.91
CMD-002533,2026-01-14,Mécanique Rapide Inc.,SEN-006021,Capteur ABS,6,31.48
CMD-002533,2026-01-14,Pneus & Mécanique Pro,ROT-015403,Disque de frein ventilé,5,107.88
CMD-002534,2025-12-04,Atelier Mécanique 360,RAD-008323,Radiateur refroidissement,7,225.29
CMD-002534,2025-12-04,Centre Auto Plus,FLT-001618,Filtre à air moteur,5,29.58
CMD-002534,2025-12-04,Garage du Centre,FLT-029423,Filtre à air moteur,4,40.89
CMD-002535,2026-06-09,Garage du Centre,ROT-015403,Disque de frein ventilé,7,107.88
CMD-002535,2026-06-09,Carrosserie Moderne,ALT-007061,Alternateur 12V 140A,7,289.42
CMD-002536,2026-08-20,Centre Auto Plus,BRK-047004,Jeu plaquettes AV,7,91.9
CMD-002537,2026-07-09,Auto Clinic,EXH-049698,Silencieux échappement,7,345.09
CMD-002538,2026-01-02,Auto Clinic,ROT-006864,Disque de frein ventilé,2,105.15
CMD-002539,2025-11-28,Centre Auto Plus,FUS-028100,Boîte fusibles relais,2,17.6
CMD-002539,2025-11-28,Auto-Réparation ABC,FLT-011683,Filtre à air moteur,5,37.71
CMD-002539,2025-11-28,Garage Royal,ROT-015403,Disque de frein ventilé,2,107.88
CMD-002539,2025-11-28,Garage du Centre,BRK-047004,Jeu plaquettes AV,7,91.9
CMD-002540,2025-09-18,Mécanique Rapide Inc.,RAD-042341,Radiateur refroidissement,6,227.46
CMD-002541,2025-11-18,Auto Clinic,ROT-006864,Disque de frein ventilé,8,105.15
CMD-002541,2025-11-18,Garage du Centre,FUS-016622,Boîte fusibles relais,5,18.49
CMD-002541,2025-11-18,Carrosserie Moderne,BRK-003411,Jeu plaquettes AV,1,78.75
CMD-002541,2025-11-18,Auto-Réparation ABC,SPK-047981,Bougie allumage iridium,4,24.04
CMD-002542,2026-01-17,Garage du Centre,FLT-011683,Filtre à air moteur,7,37.71
CMD-002542,2026-01-17,Centre Auto Plus,BRK-043609,Jeu plaquettes AV,7,47.15
CMD-002542,2026-01-17,Garage Royal,BRK-032885,Jeu plaquettes AV,5,54.07
CMD-002542,2026-01-17,Auto Clinic,BRK-042035,Jeu plaquettes AV,1,57.16
CMD-002543,2025-11-19,Garage Tremblay,BRK-017720,Jeu plaquettes AV,7,85.77
CMD-002543,2025-11-19,Carrosserie Moderne,BRK-038699,Jeu plaquettes AV,5,92.39
CMD-002543,2025-11-19,Garage du Centre,ROT-034722,Disque de frein ventilé,8,168.29
CMD-002544,2025-10-27,Mécanique Rapide Inc.,BRK-036192,Jeu plaquettes AV,2,67.56
CMD-002544,2025-10-27,Pneus & Mécanique Pro,BRK-033340,Jeu plaquettes AV,7,62.87
CMD-002544,2025-10-27,Garage Royal,SEN-002566,Capteur ABS,8,37.92
CMD-002544,2025-10-27,Mécanique Rapide Inc.,ALT-026012,Alternateur 12V 140A,6,371.93
CMD-002544,2025-10-27,Garage Royal,ROT-001967,Disque de frein ventilé,7,82.24
CMD-002545,2025-10-22,Garage du Centre,ROT-015403,Disque de frein ventilé,2,107.88
CMD-002546,2025-11-20,Garage du Centre,FLT-022405,Filtre à air moteur,5,24.33
CMD-002546,2025-11-20,Auto-Réparation ABC,FLT-033743,Filtre à air moteur,3,39.16
CMD-002547,2026-05-07,Auto-Réparation ABC,BRK-040876,Jeu plaquettes AV,4,77.0
CMD-002547,2026-05-07,Auto-Réparation ABC,BRK-008094,Jeu plaquettes AV,1,95.24
CMD-002547,2026-05-07,Garage Tremblay,ALT-003156,Alternateur 12V 140A,3,452.21
CMD-002547,2026-05-07,Pneus & Mécanique Pro,BRK-009571,Jeu plaquettes AV,4,55.23
CMD-002548,2026-05-31,Carrosserie Moderne,FUS-025154,Boîte fusibles relais,6,23.1
CMD-002548,2026-05-31,Atelier Mécanique 360,RAD-011217,Radiateur refroidissement,4,217.88
CMD-002548,2026-05-31,Garage du Centre,EXH-049698,Silencieux échappement,6,345.09
CMD-002549,2025-11-17,Garage du Centre,FLT-026629,Filtre à air moteur,3,21.34
CMD-002549,2025-11-17,Auto-Réparation ABC,SEN-006021,Capteur ABS,4,31.48
CMD-002549,2025-11-17,Pneus & Mécanique Pro,FUS-028100,Boîte fusibles relais,4,17.6
CMD-002549,2025-11-17,Carrosserie Moderne,BRK-006205,Jeu plaquettes AV,3,53.37
CMD-002549,2025-11-17,Garage Royal,ROT-015403,Disque de frein ventilé,2,107.88
CMD-002550,2025-10-03,Garage Tremblay,ROT-031547,Disque de frein ventilé,2,189.51
CMD-002551,2026-05-18,Pneus & Mécanique Pro,FLT-029423,Filtre à air moteur,2,40.89
CMD-002552,2026-04-25,Pneus & Mécanique Pro,ROT-015403,Disque de frein ventilé,4,107.88
CMD-002552,2026-04-25,Garage du Centre,FLT-011683,Filtre à air moteur,8,37.71
CMD-002552,2026-04-25,Garage Royal,FUS-025154,Boîte fusibles relais,4,23.1
CMD-002553,2026-07-12,Garage Tremblay,FUS-028100,Boîte fusibles relais,7,17.6
CMD-002553,2026-07-12,Auto-Réparation ABC,ALT-043817,Alternateur 12V 140A,5,318.1
CMD-002553,2026-07-12,Atelier Mécanique 360,ROT-015403,Disque de frein ventilé,1,107.88
CMD-002553,2026-07-12,Atelier Mécanique 360,BRK-025898,Jeu plaquettes AV,7,75.12
CMD-002554,2025-11-04,Garage Tremblay,FUS-025154,Boîte fusibles relais,8,23.1
CMD-002554,2025-11-04,Garage du Centre,RAD-011217,Radiateur refroidissement,2,217.88
CMD-002555,2026-05-04,Auto-Réparation ABC,FLT-011683,Filtre à air moteur,4,37.71
CMD-002555,2026-05-04,Auto Clinic,BRK-043609,Jeu plaquettes AV,8,47.15
CMD-002555,2026-05-04,Auto Clinic,FUS-041719,Boîte fusibles relais,2,14.8
CMD-002555,2026-05-04,Garage Tremblay,BRK-032885,Jeu plaquettes AV,8,54.07
CMD-002556,2025-12-16,Garage Tremblay,BRK-042035,Jeu plaquettes AV,4,57.16
CMD-002557,2026-07-08,Carrosserie Moderne,SEN-035482,Capteur ABS,8,44.17
CMD-002557,2026-07-08,Mécanique Rapide Inc.,ROT-015403,Disque de frein ventilé,4,107.88
CMD-002557,2026-07-08,Garage Tremblay,BLB-037992,Ampoule LED H7,6,27.13
CMD-002557,2026-07-08,Auto-Réparation ABC,RAD-011217,Radiateur refroidissement,1,217.88
CMD-002557,2026-07-08,Garage du Centre,BRK-006205,Jeu plaquettes AV,1,53.37
CMD-002558,2025-11-16,Atelier Mécanique 360,FUS-028100,Boîte fusibles relais,5,17.6
CMD-002558,2025-11-16,Garage Royal,ALT-008600,Alternateur 12V 140A,4,411.15
CMD-002558,2025-11-16,Garage Royal,FLT-009287,Filtre à air moteur,8,36.05
CMD-002558,2025-11-16,Garage Royal,ROT-018669,Disque de frein ventilé,2,124.93
CMD-002559,2026-01-08,Centre Auto Plus,ROT-015403,Disque de frein ventilé,1,107.88
CMD-002559,2026-01-08,Garage Royal,SPK-031992,Bougie allumage iridium,2,20.18
CMD-002560,2026-03-28,Atelier Mécanique 360,FLT-011683,Filtre à air moteur,5,37.71
CMD-002560,2026-03-28,Garage Royal,ALT-040335,Alternateur 12V 140A,6,368.08
CMD-002560,2026-03-28,Auto-Réparation ABC,BRK-043609,Jeu plaquettes AV,8,47.15
CMD-002561,2026-05-12,Pneus & Mécanique Pro,ALT-001778,Alternateur 12V 140A,8,242.99
CMD-002561,2026-05-12,Carrosserie Moderne,SEN-015192,Capteur ABS,4,38.69
CMD-002562,2026-02-02,Garage Tremblay,RAD-042341,Radiateur refroidissement,2,227.46
CMD-002562,2026-02-02,Carrosserie Moderne,BRK-047004,Jeu plaquettes AV,4,91.9
CMD-002562,2026-02-02,Auto-Réparation ABC,ROT-015403,Disque de frein ventilé,6,107.88
CMD-002562,2026-02-02,Centre Auto Plus,RAD-008323,Radiateur refroidissement,6,225.29
CMD-002562,2026-02-02,Atelier Mécanique 360,BRK-017720,Jeu plaquettes AV,2,85.77
CMD-002563,2026-09-01,Garage Tremblay,RAD-049573,Radiateur refroidissement,2,215.12
CMD-002563,2026-09-01,Auto Clinic,ALT-001778,Alternateur 12V 140A,6,242.99
CMD-002563,2026-09-01,Garage Royal,ROT-015403,Disque de frein ventilé,1,107.88
CMD-002564,2026-08-05,Auto-Réparation ABC,FUS-028100,Boîte fusibles relais,7,17.6
CMD-002564,2026-08-05,Garage Tremblay,BRK-006205,Jeu plaquettes AV,2,53.37
CMD-002565,2026-05-13,Auto Clinic,FLT-011683,Filtre à air moteur,2,37.71
CMD-002566,2026-06-18,Garage Tremblay,BRK-006205,Jeu plaquettes AV,4,53.37
CMD-002567,2026-03-01,Carrosserie Moderne,FUS-028100,Boîte fusibles relais,1,17.6
CMD-002567,2026-03-01,Carrosserie Moderne,ALT-047362,Alternateur 12V 140A,6,328.64
CMD-002567,2026-03-01,Garage Royal,ROT-015403,Disque de frein ventilé,1,107.88
CMD-002568,2025-12-01,Garage du Centre,FUS-028100,Boîte fusibles relais,8,17.6
CMD-002568,2025-12-01,Atelier Mécanique 360,ALT-001778,Alternateur 12V 140A,6,242.99
CMD-002568,2025-12-01,Centre Auto Plus,ROT-007220,Disque de frein ventilé,5,116.26
CMD-002569,2026-07-05,Centre Auto Plus,FUS-025154,Boîte fusibles relais,1,23.1
CMD-002569,2026-07-05,Garage Tremblay,ROT-015403,Disque de frein ventilé,8,107.88
CMD-002570,2026-05-17,Garage Royal,FUS-025154,Boîte fusibles relais,2,23.1
CMD-002570,2026-05-17,Garage Tremblay,ALT-002471,Alternateur 12V 140A,2,269.92
CMD-002570,2026-05-17,Auto Clinic,RAD-011217,Radiateur refroidissement,6,217.88
CMD-002570,2026-05-17,Atelier Mécanique 360,RAD-035768,Radiateur refroidissement,4,177.87
CMD-002570,2026-05-17,Pneus & Mécanique Pro,BRK-020584,Jeu plaquettes AV,7,57.06
CMD-002571,2026-08-10,Garage du Centre,EXH-047688,Silencieux échappement,3,255.52
CMD-002571,2026-08-10,Centre Auto Plus,ROT-039102,Disque de frein ventilé,4,83.39
CMD-002572,2025-09-09,Garage Royal,STR-031193,Jambe de force suspension,2,214.77
CMD-002573,2026-07-17,Auto Clinic,ALT-001778,Alternateur 12V 140A,4,242.99
CMD-002573,2026-07-17,Auto Clinic,ALT-007205,Alternateur 12V 140A,5,250.82
CMD-002573,2026-07-17,Auto-Réparation ABC,FUS-019025,Boîte fusibles relais,6,16.14
CMD-002574,2025-11-18,Auto Clinic,EXH-033547,Silencieux échappement,2,322.76
CMD-002574,2025-11-18,Auto-Réparation ABC,BRK-005234,Jeu plaquettes AV,4,96.79
CMD-002574,2025-11-18,Atelier Mécanique 360,ALT-049926,Alternateur 12V 140A,6,306.59
CMD-002574,2025-11-18,Auto-Réparation ABC,STR-031193,Jambe de force suspension,8,214.77
CMD-002574,2025-11-18,Garage Royal,BLB-030464,Ampoule LED H7,7,31.77
CMD-002575,2026-08-15,Centre Auto Plus,ALT-001778,Alternateur 12V 140A,1,242.99
CMD-002575,2026-08-15,Carrosserie Moderne,FUS-019025,Boîte fusibles relais,3,16.14
CMD-002575,2026-08-15,Centre Auto Plus,BRK-013237,Jeu plaquettes AV,7,53.16
CMD-002576,2025-12-06,Auto-Réparation ABC,FLT-032848,Filtre à air moteur,6,16.69
CMD-002576,2025-12-06,Garage Tremblay,SEN-008012,Capteur ABS,4,33.57
CMD-002577,2026-03-22,Pneus & Mécanique Pro,SEN-002386,Capteur ABS,2,37.38
CMD-002577,2026-03-22,Garage du Centre,BLB-037992,Ampoule LED H7,8,27.13
CMD-002577,2026-03-22,Auto-Réparation ABC,FUS-026474,Boîte fusibles relais,5,18.89
CMD-002577,2026-03-22,Garage Tremblay,FUS-028100,Boîte fusibles relais,3,17.6
CMD-002577,2026-03-22,Carrosserie Moderne,STR-023248,Jambe de force suspension,2,244.06
CMD-002578,2025-10-05,Pneus & Mécanique Pro,BLB-037992,Ampoule LED H7,8,27.13
CMD-002578,2025-10-05,Garage du Centre,RAD-049573,Radiateur refroidissement,2,215.12
CMD-002579,2025-09-18,Atelier Mécanique 360,FUS-037574,Boîte fusibles relais,6,22.82
CMD-002579,2025-09-18,Centre Auto Plus,ROT-017022,Disque de frein ventilé,3,145.87
CMD-002579,2025-09-18,Carrosserie Moderne,EXH-034377,Silencieux échappement,6,268.92
CMD-002579,2025-09-18,Garage Royal,BMP-031963,Pare-chocs AV primaire,5,274.27
CMD-002580,2025-12-29,Garage du Centre,SEN-046955,Capteur ABS,2,35.73
CMD-002581,2026-05-25,Garage du Centre,BRK-038495,Jeu plaquettes AV,3,72.46
CMD-002581,2026-05-25,Garage du Centre,ALT-049278,Alternateur 12V 140A,6,423.05
CMD-002581,2026-05-25,Garage Royal,BRK-002545,Jeu plaquettes AV,4,48.87
CMD-002581,2026-05-25,Garage du Centre,SEN-049426,Capteur ABS,4,58.54
CMD-002582,2025-12-09,Auto Clinic,BRK-043609,Jeu plaquettes AV,2,47.15
CMD-002582,2025-12-09,Centre Auto Plus,ALT-001778,Alternateur 12V 140A,1,242.99
CMD-002582,2025-12-09,Garage Royal,FUS-028100,Boîte fusibles relais,7,17.6
CMD-002583,2026-05-11,Centre Auto Plus,ROT-006864,Disque de frein ventilé,2,105.15
CMD-002583,2026-05-11,Garage Tremblay,BRK-017720,Jeu plaquettes AV,3,85.77
CMD-002583,2026-05-11,Centre Auto Plus,FUS-028100,Boîte fusibles relais,4,17.6
CMD-002583,2026-05-11,Atelier Mécanique 360,ROT-015403,Disque de frein ventilé,8,107.88
CMD-002583,2026-05-11,Carrosserie Moderne,FUS-025154,Boîte fusibles relais,1,23.1
CMD-002584,2026-03-01,Pneus & Mécanique Pro,SEN-045054,Capteur ABS,4,56.01
CMD-002584,2026-03-01,Auto Clinic,BLB-047201,Ampoule LED H7,2,28.87
CMD-002584,2026-03-01,Auto-Réparation ABC,FUS-037574,Boîte fusibles relais,8,22.82
CMD-002584,2026-03-01,Auto Clinic,FUS-027893,Boîte fusibles relais,2,20.0
CMD-002584,2026-03-01,Auto Clinic,FLT-028324,Filtre à air moteur,5,18.75
CMD-002585,2026-06-25,Centre Auto Plus,EXH-034377,Silencieux échappement,2,268.92
CMD-002585,2026-06-25,Auto Clinic,FLT-015733,Filtre à air moteur,3,33.71
CMD-002586,2026-07-25,Carrosserie Moderne,ALT-006276,Alternateur 12V 140A,1,220.23
CMD-002586,2026-07-25,Centre Auto Plus,SPK-032001,Bougie allumage iridium,3,18.07
CMD-002586,2026-07-25,Garage du Centre,ALT-013448,Alternateur 12V 140A,1,388.21
CMD-002587,2026-06-12,Garage Royal,EXH-033547,Silencieux échappement,2,322.76
CMD-002587,2026-06-12,Garage Royal,STR-031193,Jambe de force suspension,1,214.77
CMD-002587,2026-06-12,Centre Auto Plus,ALT-049926,Alternateur 12V 140A,1,306.59
CMD-002587,2026-06-12,Carrosserie Moderne,BLB-030464,Ampoule LED H7,7,31.77
CMD-002588,2025-11-25,Pneus & Mécanique Pro,ROT-015403,Disque de frein ventilé,5,107.88
CMD-002588,2025-11-25,Auto-Réparation ABC,FUS-028100,Boîte fusibles relais,8,17.6
CMD-002588,2025-11-25,Mécanique Rapide Inc.,BRK-017720,Jeu plaquettes AV,8,85.77
CMD-002588,2025-11-25,Atelier Mécanique 360,FLT-005484,Filtre à air moteur,2,34.9
CMD-002589,2026-01-19,Carrosserie Moderne,BRK-006205,Jeu plaquettes AV,7,53.37
CMD-002589,2026-01-19,Centre Auto Plus,ROT-034002,Disque de frein ventilé,2,177.99
CMD-002589,2026-01-19,Mécanique Rapide Inc.,BRK-037405,Jeu plaquettes AV,3,45.88
CMD-002589,2026-01-19,Centre Auto Plus,ROT-031547,Disque de frein ventilé,5,189.51
CMD-002589,2026-01-19,Garage Royal,ALT-037590,Alternateur 12V 140A,6,461.54
CMD-002590,2026-06-23,Atelier Mécanique 360,ROT-015403,Disque de frein ventilé,5,107.88
CMD-002590,2026-06-23,Garage Tremblay,EXH-007271,Silencieux échappement,1,390.56
CMD-002591,2026-08-27,Auto Clinic,FUS-028100,Boîte fusibles relais,5,17.6
CMD-002591,2026-08-27,Mécanique Rapide Inc.,ROT-018669,Disque de frein ventilé,3,124.93
CMD-002591,2026-08-27,Auto-Réparation ABC,FLT-009287,Filtre à air moteur,3,36.05
CMD-002591,2026-08-27,Garage Royal,SEN-004309,Capteur ABS,3,41.19
CMD-002591,2026-08-27,Garage Royal,FLT-031402,Filtre à air moteur,2,26.67
CMD-002592,2025-10-21,Garage du Centre,FUS-028100,Boîte fusibles relais,6,17.6
CMD-002592,2025-10-21,Auto-Réparation ABC,FLT-031402,Filtre à air moteur,7,26.67
CMD-002592,2025-10-21,Atelier Mécanique 360,FLT-009287,Filtre à air moteur,6,36.05
CMD-002593,2025-10-07,Centre Auto Plus,STR-023248,Jambe de force suspension,4,244.06
CMD-002593,2025-10-07,Auto Clinic,ALT-006276,Alternateur 12V 140A,2,220.23
CMD-002594,2026-01-10,Atelier Mécanique 360,ROT-015403,Disque de frein ventilé,8,107.88
CMD-002594,2026-01-10,Garage du Centre,EXH-007271,Silencieux échappement,5,390.56
CMD-002594,2026-01-10,Centre Auto Plus,SPK-031992,Bougie allumage iridium,8,20.18
CMD-002594,2026-01-10,Atelier Mécanique 360,FLT-026010,Filtre à air moteur,2,32.68
CMD-002595,2026-02-27,Garage Tremblay,BRK-038495,Jeu plaquettes AV,6,72.46
CMD-002595,2026-02-27,Garage Tremblay,ROT-015403,Disque de frein ventilé,6,107.88
CMD-002595,2026-02-27,Mécanique Rapide Inc.,FLT-011683,Filtre à air moteur,5,37.71
CMD-002596,2026-05-10,Garage Tremblay,ROT-015403,Disque de frein ventilé,6,107.88
CMD-002596,2026-05-10,Atelier Mécanique 360,EXH-007271,Silencieux échappement,5,390.56
CMD-002596,2026-05-10,Centre Auto Plus,FLT-026010,Filtre à air moteur,2,32.68
CMD-002596,2026-05-10,Garage Tremblay,ALT-007061,Alternateur 12V 140A,4,289.42
CMD-002596,2026-05-10,Garage Royal,ROT-007220,Disque de frein ventilé,6,116.26
CMD-002597,2026-08-26,Garage Tremblay,FUS-028100,Boîte fusibles relais,8,17.6
CMD-002597,2026-08-26,Carrosserie Moderne,BRK-017720,Jeu plaquettes AV,5,85.77
CMD-002597,2026-08-26,Auto-Réparation ABC,BLB-037992,Ampoule LED H7,6,27.13
CMD-002598,2025-10-20,Pneus & Mécanique Pro,BRK-047004,Jeu plaquettes AV,6,91.9
CMD-002598,2025-10-20,Garage du Centre,FUS-025154,Boîte fusibles relais,2,23.1
CMD-002598,2025-10-20,Carrosserie Moderne,FUS-026474,Boîte fusibles relais,2,18.89
CMD-002598,2025-10-20,Centre Auto Plus,RAD-038113,Radiateur refroidissement,6,210.9
CMD-002598,2025-10-20,Auto-Réparation ABC,ROT-006864,Disque de frein ventilé,8,105.15
CMD-002599,2026-06-10,Pneus & Mécanique Pro,ROT-015403,Disque de frein ventilé,7,107.88
CMD-002599,2026-06-10,Garage du Centre,SPK-031992,Bougie allumage iridium,8,20.18
CMD-002600,2025-10-23,Carrosserie Moderne,SEN-006021,Capteur ABS,8,31.48
CMD-002600,2025-10-23,Atelier Mécanique 360,FUS-021849,Boîte fusibles relais,2,14.18
CMD-002600,2025-10-23,Carrosserie Moderne,BRK-044381,Jeu plaquettes AV,4,48.66
CMD-002600,2025-10-23,Atelier Mécanique 360,FLT-010535,Filtre à air moteur,7,15.65
CMD-002600,2025-10-23,Centre Auto Plus,ALT-011421,Alternateur 12V 140A,8,394.92
CMD-002601,2025-09-20,Garage Royal,ROT-015403,Disque de frein ventilé,7,107.88
CMD-002601,2025-09-20,Garage Tremblay,SPK-047981,Bougie allumage iridium,7,24.04
CMD-002602,2025-10-14,Garage Tremblay,BLB-037992,Ampoule LED H7,1,27.13
CMD-002602,2025-10-14,Garage Tremblay,FUS-025154,Boîte fusibles relais,8,23.1
CMD-002602,2025-10-14,Garage Royal,ALT-033658,Alternateur 12V 140A,7,254.43
CMD-002603,2025-12-26,Garage Tremblay,BRK-017720,Jeu plaquettes AV,7,85.77
CMD-002604,2026-08-09,Garage Royal,BRK-017720,Jeu plaquettes AV,7,85.77
CMD-002605,2025-09-18,Auto-Réparation ABC,ALT-033658,Alternateur 12V 140A,8,254.43
CMD-002605,2025-09-18,Atelier Mécanique 360,FUS-025154,Boîte fusibles relais,2,23.1
CMD-002606,2025-09-19,Auto Clinic,FUS-028100,Boîte fusibles relais,4,17.6
CMD-002606,2025-09-19,Garage Royal,ROT-018669,Disque de frein ventilé,8,124.93
CMD-002606,2025-09-19,Atelier Mécanique 360,SEN-004309,Capteur ABS,2,41.19
CMD-002607,2026-03-27,Garage du Centre,ROT-015403,Disque de frein ventilé,3,107.88
CMD-002607,2026-03-27,Pneus & Mécanique Pro,FUS-028100,Boîte fusibles relais,7,17.6
CMD-002608,2025-09-17,Garage Tremblay,SPK-013663,Bougie allumage iridium,2,30.57
CMD-002608,2025-09-17,Garage du Centre,FLT-026629,Filtre à air moteur,7,21.34
CMD-002608,2025-09-17,Centre Auto Plus,ROT-014558,Disque de frein ventilé,5,191.2
CMD-002609,2026-08-14,Carrosserie Moderne,FUS-025154,Boîte fusibles relais,6,23.1
CMD-002609,2026-08-14,Atelier Mécanique 360,EXH-049698,Silencieux échappement,4,345.09
CMD-002609,2026-08-14,Auto-Réparation ABC,ALT-002471,Alternateur 12V 140A,1,269.92
CMD-002610,2025-11-11,Garage Royal,RAD-008323,Radiateur refroidissement,8,225.29
CMD-002611,2026-08-09,Atelier Mécanique 360,ROT-015403,Disque de frein ventilé,7,107.88
CMD-002611,2026-08-09,Garage du Centre,EXH-007271,Silencieux échappement,3,390.56
CMD-002611,2026-08-09,Pneus & Mécanique Pro,ROT-007220,Disque de frein ventilé,7,116.26
CMD-002611,2026-08-09,Garage du Centre,ALT-007061,Alternateur 12V 140A,6,289.42
CMD-002611,2026-08-09,Carrosserie Moderne,FLT-026010,Filtre à air moteur,7,32.68
CMD-002612,2026-03-05,Carrosserie Moderne,FUS-025154,Boîte fusibles relais,8,23.1
CMD-002612,2026-03-05,Centre Auto Plus,ROT-015403,Disque de frein ventilé,5,107.88
CMD-002612,2026-03-05,Pneus & Mécanique Pro,BRK-047004,Jeu plaquettes AV,4,91.9
CMD-002613,2026-03-07,Garage Tremblay,FUS-026474,Boîte fusibles relais,1,18.89
CMD-002613,2026-03-07,Auto-Réparation ABC,SEN-038683,Capteur ABS,8,70.76
CMD-002613,2026-03-07,Pneus & Mécanique Pro,FLT-012359,Filtre à air moteur,2,36.15
CMD-002613,2026-03-07,Mécanique Rapide Inc.,BLB-028682,Ampoule LED H7,8,36.03
CMD-002614,2026-08-06,Garage Tremblay,FUS-026474,Boîte fusibles relais,1,18.89
CMD-002615,2026-07-10,Pneus & Mécanique Pro,SEN-006021,Capteur ABS,4,31.48
CMD-002615,2026-07-10,Mécanique Rapide Inc.,ALT-001778,Alternateur 12V 140A,6,242.99
CMD-002616,2026-02-08,Carrosserie Moderne,ALT-001778,Alternateur 12V 140A,1,242.99
CMD-002616,2026-02-08,Carrosserie Moderne,BRK-013237,Jeu plaquettes AV,4,53.16
CMD-002616,2026-02-08,Garage Tremblay,SEN-002690,Capteur ABS,7,49.02
CMD-002616,2026-02-08,Auto-Réparation ABC,FUS-019025,Boîte fusibles relais,6,16.14
CMD-002616,2026-02-08,Garage Royal,ALT-007205,Alternateur 12V 140A,7,250.82
CMD-002617,2026-07-13,Centre Auto Plus,ROT-015403,Disque de frein ventilé,7,107.88
CMD-002617,2026-07-13,Carrosserie Moderne,ROT-007220,Disque de frein ventilé,3,116.26
CMD-002617,2026-07-13,Garage Tremblay,SPK-031992,Bougie allumage iridium,4,20.18
CMD-002618,2025-09-08,Pneus & Mécanique Pro,FUS-028100,Boîte fusibles relais,5,17.6
CMD-002618,2025-09-08,Auto Clinic,FLT-009287,Filtre à air moteur,1,36.05
CMD-002619,2026-08-31,Auto Clinic,BRK-038495,Jeu plaquettes AV,8,72.46
CMD-002619,2026-08-31,Garage Royal,SEN-049426,Capteur ABS,8,58.54
CMD-002619,2026-08-31,Atelier Mécanique 360,ALT-036410,Alternateur 12V 140A,7,244.03
CMD-002619,2026-08-31,Carrosserie Moderne,RAD-042341,Radiateur refroidissement,7,227.46
CMD-002619,2026-08-31,Garage Royal,BRK-002545,Jeu plaquettes AV,6,48.87
CMD-002620,2026-01-15,Auto-Réparation ABC,SEN-043446,Capteur ABS,7,71.18
CMD-002620,2026-01-15,Carrosserie Moderne,FUS-028100,Boîte fusibles relais,2,17.6
CMD-002620,2026-01-15,Garage Royal,ROT-015403,Disque de frein ventilé,5,107.88
CMD-002620,2026-01-15,Centre Auto Plus,SEN-031098,Capteur ABS,2,67.4
CMD-002620,2026-01-15,Pneus & Mécanique Pro,BLB-037992,Ampoule LED H7,7,27.13
CMD-002621,2026-04-15,Atelier Mécanique 360,EXH-034377,Silencieux échappement,7,268.92
CMD-002621,2026-04-15,Garage Royal,BRK-009718,Jeu plaquettes AV,6,49.14
CMD-002621,2026-04-15,Centre Auto Plus,ALT-043817,Alternateur 12V 140A,7,318.1
CMD-002621,2026-04-15,Mécanique Rapide Inc.,FLT-019590,Filtre à air moteur,8,19.27
CMD-002621,2026-04-15,Centre Auto Plus,ROT-018008,Disque de frein ventilé,3,101.69
CMD-002622,2025-11-16,Carrosserie Moderne,FLT-040963,Filtre à air moteur,5,23.2
CMD-002622,2025-11-16,Atelier Mécanique 360,ROT-047623,Disque de frein ventilé,7,191.56
CMD-002622,2025-11-16,Auto-Réparation ABC,STR-037922,Jambe de force suspension,5,181.79
CMD-002622,2025-11-16,Centre Auto Plus,SEN-003185,Capteur ABS,3,59.42
CMD-002622,2025-11-16,Auto Clinic,BMP-006087,Pare-chocs AV primaire,5,519.77
CMD-002623,2025-12-17,Garage du Centre,SPK-043767,Bougie allumage iridium,5,15.6
CMD-002623,2025-12-17,Mécanique Rapide Inc.,FLT-042719,Filtre à air moteur,8,21.49
CMD-002623,2025-12-17,Mécanique Rapide Inc.,BRK-048883,Jeu plaquettes AV,4,89.97
CMD-002623,2025-12-17,Carrosserie Moderne,ROT-043334,Disque de frein ventilé,8,133.36
CMD-002624,2025-11-11,Pneus & Mécanique Pro,ROT-015403,Disque de frein ventilé,1,107.88
CMD-002625,2026-04-20,Mécanique Rapide Inc.,ROT-015403,Disque de frein ventilé,6,107.88
CMD-002625,2026-04-20,Garage Tremblay,SPK-031992,Bougie allumage iridium,6,20.18
CMD-002625,2026-04-20,Centre Auto Plus,ALT-007061,Alternateur 12V 140A,3,289.42
CMD-002626,2026-07-02,Mécanique Rapide Inc.,ROT-015403,Disque de frein ventilé,4,107.88
CMD-002626,2026-07-02,Garage Royal,ALT-007061,Alternateur 12V 140A,1,289.42
CMD-002626,2026-07-02,Auto-Réparation ABC,EXH-007271,Silencieux échappement,7,390.56
CMD-002626,2026-07-02,Garage Tremblay,FLT-026010,Filtre à air moteur,2,32.68
CMD-002627,2026-03-09,Mécanique Rapide Inc.,BRK-017720,Jeu plaquettes AV,6,85.77
CMD-002628,2025-11-27,Garage Tremblay,FLT-011683,Filtre à air moteur,8,37.71
CMD-002628,2025-11-27,Garage du Centre,BRK-032885,Jeu plaquettes AV,6,54.07
CMD-002628,2025-11-27,Mécanique Rapide Inc.,BRK-043609,Jeu plaquettes AV,6,47.15
CMD-002629,2026-08-26,Garage Royal,ROT-015403,Disque de frein ventilé,7,107.88
CMD-002629,2026-08-26,Auto Clinic,FLT-026010,Filtre à air moteur,8,32.68
CMD-002629,2026-08-26,Auto-Réparation ABC,ROT-007220,Disque de frein ventilé,5,116.26
CMD-002630,2026-08-10,Atelier Mécanique 360,ROT-015403,Disque de frein ventilé,7,107.88
CMD-002630,2026-08-10,Garage Royal,ALT-001778,Alternateur 12V 140A,2,242.99
CMD-002631,2026-02-20,Garage Tremblay,ROT-015403,Disque de frein ventilé,4,107.88
CMD-002631,2026-02-20,Atelier Mécanique 360,SPK-003219,Bougie allumage iridium,8,16.07
CMD-002632,2025-10-15,Pneus & Mécanique Pro,BLB-037992,Ampoule LED H7,3,27.13
CMD-002632,2025-10-15,Centre Auto Plus,RAD-049573,Radiateur refroidissement,4,215.12
CMD-002632,2025-10-15,Carrosserie Moderne,STR-047020,Jambe de force suspension,1,143.22
CMD-002633,2026-07-08,Pneus & Mécanique Pro,BRK-047004,Jeu plaquettes AV,8,91.9
CMD-002633,2026-07-08,Mécanique Rapide Inc.,FLT-010048,Filtre à air moteur,7,32.49
CMD-002633,2026-07-08,Garage Royal,BLB-043006,Ampoule LED H7,4,29.61
CMD-002634,2026-01-26,Atelier Mécanique 360,FLT-011683,Filtre à air moteur,7,37.71
CMD-002634,2026-01-26,Garage Royal,BLB-020402,Ampoule LED H7,4,19.04
CMD-002634,2026-01-26,Auto-Réparation ABC,FUS-025154,Boîte fusibles relais,8,23.1
CMD-002634,2026-01-26,Pneus & Mécanique Pro,ALT-001778,Alternateur 12V 140A,3,242.99
CMD-002635,2026-06-29,Auto-Réparation ABC,BRK-017720,Jeu plaquettes AV,8,85.77
CMD-002635,2026-06-29,Pneus & Mécanique Pro,ROT-015403,Disque de frein ventilé,4,107.88
CMD-002635,2026-06-29,Auto-Réparation ABC,SEN-013569,Capteur ABS,7,42.76
CMD-002635,2026-06-29,Garage Tremblay,FUS-025154,Boîte fusibles relais,1,23.1
CMD-002635,2026-06-29,Atelier Mécanique 360,BMP-031963,Pare-chocs AV primaire,3,274.27
CMD-002636,2026-08-26,Garage Royal,FLT-034378,Filtre à air moteur,8,20.46
CMD-002637,2026-03-27,Mécanique Rapide Inc.,ROT-015403,Disque de frein ventilé,6,107.88
CMD-002637,2026-03-27,Auto-Réparation ABC,BRK-017720,Jeu plaquettes AV,2,85.77
CMD-002637,2026-03-27,Carrosserie Moderne,SEN-043446,Capteur ABS,8,71.18
CMD-002637,2026-03-27,Atelier Mécanique 360,ALT-001778,Alternateur 12V 140A,3,242.99
CMD-002638,2025-09-24,Garage du Centre,FLT-040963,Filtre à air moteur,4,23.2
CMD-002638,2025-09-24,Atelier Mécanique 360,SEN-026048,Capteur ABS,1,61.18
CMD-002638,2025-09-24,Centre Auto Plus,STR-037922,Jambe de force suspension,8,181.79
CMD-002638,2025-09-24,Auto Clinic,SEN-003185,Capteur ABS,6,59.42
CMD-002639,2025-11-02,Mécanique Rapide Inc.,ROT-015403,Disque de frein ventilé,4,107.88
CMD-002639,2025-11-02,Pneus & Mécanique Pro,FLT-011683,Filtre à air moteur,7,37.71
CMD-002639,2025-11-02,Centre Auto Plus,BMP-031963,Pare-chocs AV primaire,6,274.27
CMD-002639,2025-11-02,Auto-Réparation ABC,ROT-006864,Disque de frein ventilé,2,105.15
CMD-002640,2026-07-14,Auto-Réparation ABC,FUS-005948,Boîte fusibles relais,4,21.5
CMD-002640,2026-07-14,Centre Auto Plus,FLT-043239,Filtre à air moteur,3,27.52
CMD-002640,2026-07-14,Auto-Réparation ABC,FUS-040638,Boîte fusibles relais,3,8.95
CMD-002640,2026-07-14,Auto Clinic,SPK-044783,Bougie allumage iridium,4,24.23
CMD-002641,2026-05-11,Pneus & Mécanique Pro,SPK-043767,Bougie allumage iridium,7,15.6
CMD-002642,2026-01-30,Garage du Centre,FUS-028100,Boîte fusibles relais,7,17.6
CMD-002642,2026-01-30,Pneus & Mécanique Pro,FLT-031402,Filtre à air moteur,8,26.67
CMD-002643,2026-01-28,Atelier Mécanique 360,SEN-006021,Capteur ABS,3,31.48
CMD-002643,2026-01-28,Atelier Mécanique 360,ROT-015403,Disque de frein ventilé,1,107.88
CMD-002643,2026-01-28,Auto-Réparation ABC,RAD-042341,Radiateur refroidissement,3,227.46
CMD-002643,2026-01-28,Garage Tremblay,ALT-001778,Alternateur 12V 140A,4,242.99
CMD-002643,2026-01-28,Garage Royal,FUS-003501,Boîte fusibles relais,6,22.29
CMD-002644,2025-10-07,Centre Auto Plus,BRK-017720,Jeu plaquettes AV,8,85.77
CMD-002645,2025-12-02,Garage Tremblay,FUS-040638,Boîte fusibles relais,4,8.95
CMD-002645,2025-12-02,Garage Royal,BRK-047004,Jeu plaquettes AV,7,91.9
CMD-002645,2025-12-02,Auto-Réparation ABC,SEN-026353,Capteur ABS,8,42.53
CMD-002645,2025-12-02,Pneus & Mécanique Pro,FUS-016622,Boîte fusibles relais,8,18.49
CMD-002645,2025-12-02,Garage Royal,FUS-025154,Boîte fusibles relais,5,23.1
CMD-002646,2026-03-30,Mécanique Rapide Inc.,SEN-013569,Capteur ABS,2,42.76
CMD-002646,2026-03-30,Carrosserie Moderne,FUS-025154,Boîte fusibles relais,1,23.1
CMD-002647,2026-06-27,Atelier Mécanique 360,ALT-001778,Alternateur 12V 140A,2,242.99
CMD-002647,2026-06-27,Pneus & Mécanique Pro,FUS-019025,Boîte fusibles relais,2,16.14
CMD-002647,2026-06-27,Mécanique Rapide Inc.,BRK-013237,Jeu plaquettes AV,4,53.16
CMD-002647,2026-06-27,Auto-Réparation ABC,ALT-007205,Alternateur 12V 140A,8,250.82
CMD-002648,2025-10-15,Auto Clinic,ROT-015403,Disque de frein ventilé,3,107.88
CMD-002648,2025-10-15,Atelier Mécanique 360,FUS-005948,Boîte fusibles relais,2,21.5
CMD-002648,2025-10-15,Garage Tremblay,SPK-044783,Bougie allumage iridium,7,24.23
CMD-002648,2025-10-15,Garage Tremblay,FUS-025154,Boîte fusibles relais,3,23.1
CMD-002649,2026-02-09,Auto-Réparation ABC,ROT-017022,Disque de frein ventilé,8,145.87
CMD-002649,2026-02-09,Auto-Réparation ABC,FUS-028100,Boîte fusibles relais,1,17.6
CMD-002649,2026-02-09,Centre Auto Plus,BLB-037992,Ampoule LED H7,2,27.13
CMD-002649,2026-02-09,Carrosserie Moderne,ROT-007220,Disque de frein ventilé,1,116.26
CMD-002649,2026-02-09,Auto-Réparation ABC,BRK-024683,Jeu plaquettes AV,1,107.39
CMD-002650,2025-09-06,Atelier Mécanique 360,FUS-028100,Boîte fusibles relais,1,17.6
CMD-002650,2025-09-06,Atelier Mécanique 360,ROT-018669,Disque de frein ventilé,8,124.93
CMD-002650,2025-09-06,Centre Auto Plus,ALT-008600,Alternateur 12V 140A,3,411.15
CMD-002651,2025-11-10,Auto Clinic,BRK-017720,Jeu plaquettes AV,8,85.77
CMD-002651,2025-11-10,Garage Royal,ALT-015059,Alternateur 12V 140A,7,396.5
CMD-002651,2025-11-10,Garage du Centre,SPK-043295,Bougie allumage iridium,4,13.79
CMD-002651,2025-11-10,Garage Tremblay,ROT-034722,Disque de frein ventilé,1,168.29
CMD-002652,2026-01-05,Mécanique Rapide Inc.,FLT-011683,Filtre à air moteur,4,37.71
CMD-002652,2026-01-05,Auto Clinic,FUS-025154,Boîte fusibles relais,5,23.1
CMD-002653,2025-11-17,Garage Tremblay,SEN-026048,Capteur ABS,6,61.18
CMD-002653,2025-11-17,Garage du Centre,SEN-003185,Capteur ABS,3,59.42
CMD-002653,2025-11-17,Mécanique Rapide Inc.,ROT-047623,Disque de frein ventilé,4,191.56
CMD-002653,2025-11-17,Garage Tremblay,FLT-040963,Filtre à air moteur,6,23.2
CMD-002653,2025-11-17,Centre Auto Plus,BMP-006087,Pare-chocs AV primaire,8,519.77
CMD-002654,2026-05-18,Pneus & Mécanique Pro,ROT-015403,Disque de frein ventilé,7,107.88
CMD-002654,2026-05-18,Auto Clinic,FLT-026010,Filtre à air moteur,2,32.68
CMD-002655,2026-08-22,Garage Royal,FLT-044878,Filtre à air moteur,4,36.42
CMD-002655,2026-08-22,Pneus & Mécanique Pro,BLB-037992,Ampoule LED H7,7,27.13
CMD-002655,2026-08-22,Centre Auto Plus,BRK-039296,Jeu plaquettes AV,3,70.01
CMD-002656,2025-11-21,Centre Auto Plus,FUS-028100,Boîte fusibles relais,6,17.6
CMD-002656,2025-11-21,Garage Royal,ROT-018669,Disque de frein ventilé,5,124.93
CMD-002656,2025-11-21,Mécanique Rapide Inc.,ALT-008600,Alternateur 12V 140A,7,411.15
CMD-002656,2025-11-21,Auto Clinic,FLT-031402,Filtre à air moteur,5,26.67
CMD-002656,2025-11-21,Auto Clinic,SEN-004309,Capteur ABS,5,41.19
CMD-002657,2025-11-29,Pneus & Mécanique Pro,FLT-031402,Filtre à air moteur,7,26.67
CMD-002658,2026-06-24,Pneus & Mécanique Pro,FLT-011683,Filtre à air moteur,2,37.71
CMD-002658,2026-06-24,Garage du Centre,BRK-042035,Jeu plaquettes AV,7,57.16
CMD-002658,2026-06-24,Carrosserie Moderne,BRK-032885,Jeu plaquettes AV,2,54.07
CMD-002658,2026-06-24,Centre Auto Plus,ALT-040335,Alternateur 12V 140A,7,368.08
CMD-002658,2026-06-24,Centre Auto Plus,BRK-043609,Jeu plaquettes AV,4,47.15
CMD-002659,2026-03-04,Garage du Centre,FUS-013874,Boîte fusibles relais,3,19.21
CMD-002659,2026-03-04,Carrosserie Moderne,SEN-013569,Capteur ABS,2,42.76
CMD-002659,2026-03-04,Mécanique Rapide Inc.,ROT-027668,Disque de frein ventilé,3,139.0
CMD-002659,2026-03-04,Carrosserie Moderne,BRK-014503,Jeu plaquettes AV,3,88.03
CMD-002659,2026-03-04,Auto Clinic,ALT-023526,Alternateur 12V 140A,1,300.63
CMD-002660,2026-03-03,Pneus & Mécanique Pro,FUS-028100,Boîte fusibles relais,2,17.6
CMD-002661,2025-09-20,Mécanique Rapide Inc.,ROT-015403,Disque de frein ventilé,8,107.88
CMD-002661,2025-09-20,Garage Royal,FLT-026010,Filtre à air moteur,7,32.68
CMD-002661,2025-09-20,Garage Royal,ROT-007220,Disque de frein ventilé,4,116.26
CMD-002662,2026-02-18,Atelier Mécanique 360,ALT-035530,Alternateur 12V 140A,6,238.74
CMD-002663,2025-09-23,Centre Auto Plus,BMP-018500,Pare-chocs AV primaire,5,451.96
CMD-002663,2025-09-23,Auto Clinic,FUS-028100,Boîte fusibles relais,6,17.6
CMD-002663,2025-09-23,Auto-Réparation ABC,SPK-003219,Bougie allumage iridium,2,16.07
CMD-002663,2025-09-23,Carrosserie Moderne,FLT-011683,Filtre à air moteur,3,37.71
CMD-002663,2025-09-23,Garage Tremblay,FUS-026474,Boîte fusibles relais,1,18.89
CMD-002664,2026-08-19,Garage Royal,ALT-033658,Alternateur 12V 140A,1,254.43
CMD-002664,2026-08-19,Pneus & Mécanique Pro,ALT-027632,Alternateur 12V 140A,8,313.91
CMD-002664,2026-08-19,Auto Clinic,ROT-015638,Disque de frein ventilé,1,119.45
CMD-002664,2026-08-19,Auto-Réparation ABC,EXH-006384,Silencieux échappement,8,357.03
CMD-002665,2026-03-19,Carrosserie Moderne,ROT-015403,Disque de frein ventilé,3,107.88
CMD-002665,2026-03-19,Carrosserie Moderne,RAD-011310,Radiateur refroidissement,5,240.6
CMD-002666,2026-02-06,Centre Auto Plus,BRK-017720,Jeu plaquettes AV,5,85.77
CMD-002666,2026-02-06,Auto Clinic,ROT-034722,Disque de frein ventilé,1,168.29
CMD-002666,2026-02-06,Centre Auto Plus,BRK-038699,Jeu plaquettes AV,1,92.39
CMD-002666,2026-02-06,Garage Tremblay,SPK-043295,Bougie allumage iridium,3,13.79
CMD-002666,2026-02-06,Garage du Centre,SEN-033632,Capteur ABS,7,68.9
CMD-002667,2026-03-28,Carrosserie Moderne,BRK-044618,Jeu plaquettes AV,6,48.42
CMD-002667,2026-03-28,Garage Tremblay,SPK-003219,Bougie allumage iridium,5,16.07
CMD-002667,2026-03-28,Garage du Centre,FLT-011683,Filtre à air moteur,3,37.71
CMD-002668,2026-07-02,Mécanique Rapide Inc.,STR-023248,Jambe de force suspension,1,244.06
CMD-002668,2026-07-02,Garage du Centre,ALT-001078,Alternateur 12V 140A,7,235.28
CMD-002668,2026-07-02,Auto Clinic,FLT-033743,Filtre à air moteur,5,39.16
CMD-002669,2025-10-31,Atelier Mécanique 360,BLB-043006,Ampoule LED H7,7,29.61
CMD-002670,2026-07-12,Auto Clinic,ALT-001778,Alternateur 12V 140A,2,242.99
CMD-002670,2026-07-12,Garage du Centre,BLB-037992,Ampoule LED H7,2,27.13
CMD-002671,2026-08-01,Auto-Réparation ABC,ROT-015403,Disque de frein ventilé,5,107.88
CMD-002671,2026-08-01,Centre Auto Plus,SPK-031992,Bougie allumage iridium,1,20.18
CMD-002672,2026-08-04,Centre Auto Plus,BLB-020402,Ampoule LED H7,7,19.04
CMD-002672,2026-08-04,Carrosserie Moderne,STR-026017,Jambe de force suspension,5,131.28
CMD-002673,2026-03-17,Garage du Centre,RAD-008323,Radiateur refroidissement,1,225.29
CMD-002673,2026-03-17,Auto-Réparation ABC,BRK-000665,Jeu plaquettes AV,7,57.77
CMD-002673,2026-03-17,Centre Auto Plus,BMP-006001,Pare-chocs AV primaire,4,264.54
CMD-002673,2026-03-17,Auto Clinic,FLT-001618,Filtre à air moteur,4,29.58
CMD-002673,2026-03-17,Auto-Réparation ABC,FLT-029423,Filtre à air moteur,3,40.89
CMD-002674,2026-04-05,Pneus & Mécanique Pro,FUS-025154,Boîte fusibles relais,5,23.1
CMD-002674,2026-04-05,Garage Royal,BRK-020584,Jeu plaquettes AV,8,57.06
CMD-002675,2025-09-18,Garage Royal,SPK-032001,Bougie allumage iridium,8,18.07
CMD-002675,2025-09-18,Auto-Réparation ABC,ALT-013448,Alternateur 12V 140A,4,388.21
CMD-002675,2025-09-18,Garage Tremblay,FUS-003501,Boîte fusibles relais,4,22.29
CMD-002675,2025-09-18,Mécanique Rapide Inc.,BLB-048086,Ampoule LED H7,4,40.86
CMD-002676,2026-06-30,Centre Auto Plus,FUS-037574,Boîte fusibles relais,4,22.82
CMD-002676,2026-06-30,Auto-Réparation ABC,FUS-028100,Boîte fusibles relais,4,17.6
CMD-002677,2025-11-12,Carrosserie Moderne,FUS-028100,Boîte fusibles relais,4,17.6
CMD-002677,2025-11-12,Garage du Centre,FLT-009287,Filtre à air moteur,2,36.05
CMD-002677,2025-11-12,Carrosserie Moderne,FLT-031402,Filtre à air moteur,4,26.67
CMD-002677,2025-11-12,Garage Tremblay,SEN-004309,Capteur ABS,1,41.19
CMD-002677,2025-11-12,Garage Tremblay,ROT-018669,Disque de frein ventilé,7,124.93
CMD-002678,2026-04-18,Auto Clinic,ROT-031547,Disque de frein ventilé,5,189.51
CMD-002679,2026-03-04,Mécanique Rapide Inc.,ROT-015403,Disque de frein ventilé,8,107.88
CMD-002679,2026-03-04,Mécanique Rapide Inc.,SPK-042345,Bougie allumage iridium,2,19.89
CMD-002680,2026-05-25,Pneus & Mécanique Pro,BRK-017720,Jeu plaquettes AV,6,85.77
CMD-002680,2026-05-25,Centre Auto Plus,SPK-043295,Bougie allumage iridium,8,13.79
CMD-002680,2026-05-25,Carrosserie Moderne,ALT-015059,Alternateur 12V 140A,7,396.5
CMD-002681,2026-04-09,Pneus & Mécanique Pro,BLB-034578,Ampoule LED H7,8,41.92
CMD-002682,2026-01-12,Carrosserie Moderne,BLB-037992,Ampoule LED H7,4,27.13
CMD-002682,2026-01-12,Auto Clinic,ALT-035681,Alternateur 12V 140A,6,394.53
CMD-002683,2025-10-05,Garage Tremblay,FUS-025154,Boîte fusibles relais,7,23.1
CMD-002683,2025-10-05,Atelier Mécanique 360,RAD-035768,Radiateur refroidissement,6,177.87
CMD-002684,2026-01-20,Garage Royal,FUS-028100,Boîte fusibles relais,4,17.6
CMD-002684,2026-01-20,Mécanique Rapide Inc.,BRK-047004,Jeu plaquettes AV,2,91.9
CMD-002684,2026-01-20,Mécanique Rapide Inc.,SEN-006021,Capteur ABS,1,31.48
CMD-002684,2026-01-20,Garage du Centre,ROT-015403,Disque de frein ventilé,7,107.88
CMD-002685,2026-08-05,Carrosserie Moderne,BRK-047004,Jeu plaquettes AV,8,91.9
CMD-002685,2026-08-05,Garage du Centre,BLB-043006,Ampoule LED H7,4,29.61
CMD-002685,2026-08-05,Atelier Mécanique 360,BMP-031963,Pare-chocs AV primaire,2,274.27
CMD-002685,2026-08-05,Centre Auto Plus,FLT-010048,Filtre à air moteur,5,32.49
CMD-002686,2026-07-31,Garage du Centre,SPK-043767,Bougie allumage iridium,4,15.6
CMD-002687,2025-09-05,Mécanique Rapide Inc.,ROT-021710,Disque de frein ventilé,1,128.69
CMD-002687,2025-09-05,Auto Clinic,ROT-038207,Disque de frein ventilé,6,92.77
CMD-002687,2025-09-05,Garage du Centre,FLT-026606,Filtre à air moteur,4,14.88
CMD-002688,2026-03-25,Centre Auto Plus,BRK-013237,Jeu plaquettes AV,2,53.16
CMD-002688,2026-03-25,Garage Tremblay,ALT-007205,Alternateur 12V 140A,3,250.82
CMD-002688,2026-03-25,Mécanique Rapide Inc.,FUS-019025,Boîte fusibles relais,4,16.14
CMD-002688,2026-03-25,Centre Auto Plus,SEN-002690,Capteur ABS,4,49.02
CMD-002688,2026-03-25,Garage Tremblay,BMP-048102,Pare-chocs AV primaire,8,212.63
CMD-002689,2026-04-21,Pneus & Mécanique Pro,ROT-015403,Disque de frein ventilé,4,107.88
CMD-002690,2026-05-06,Pneus & Mécanique Pro,ROT-015403,Disque de frein ventilé,7,107.88
CMD-002690,2026-05-06,Auto-Réparation ABC,EXH-007271,Silencieux échappement,2,390.56
CMD-002690,2026-05-06,Centre Auto Plus,FLT-026010,Filtre à air moteur,3,32.68
CMD-002691,2025-12-23,Centre Auto Plus,ALT-002471,Alternateur 12V 140A,8,269.92
CMD-002691,2025-12-23,Garage du Centre,ROT-015403,Disque de frein ventilé,7,107.88
CMD-002691,2025-12-23,Garage du Centre,BRK-017720,Jeu plaquettes AV,8,85.77
CMD-002691,2025-12-23,Auto Clinic,BRK-032885,Jeu plaquettes AV,1,54.07
CMD-002691,2025-12-23,Pneus & Mécanique Pro,ALT-001778,Alternateur 12V 140A,1,242.99
CMD-002692,2025-12-12,Garage du Centre,SEN-043446,Capteur ABS,7,71.18
CMD-002692,2025-12-12,Auto Clinic,FUS-025154,Boîte fusibles relais,8,23.1
CMD-002692,2025-12-12,Auto Clinic,RAD-038113,Radiateur refroidissement,3,210.9
CMD-002693,2026-03-17,Pneus & Mécanique Pro,BRK-017720,Jeu plaquettes AV,4,85.77
CMD-002693,2026-03-17,Garage du Centre,SEN-033632,Capteur ABS,4,68.9
CMD-002693,2026-03-17,Garage Royal,ROT-034722,Disque de frein ventilé,6,168.29
CMD-002693,2026-03-17,Carrosserie Moderne,BRK-038699,Jeu plaquettes AV,7,92.39
CMD-002694,2025-09-26,Pneus & Mécanique Pro,FUS-028100,Boîte fusibles relais,8,17.6
CMD-002694,2025-09-26,Atelier Mécanique 360,SEN-004309,Capteur ABS,2,41.19
CMD-002694,2025-09-26,Auto-Réparation ABC,ALT-008600,Alternateur 12V 140A,3,411.15
CMD-002694,2025-09-26,Garage Tremblay,FLT-031402,Filtre à air moteur,3,26.67
CMD-002695,2026-08-17,Pneus & Mécanique Pro,ROT-006864,Disque de frein ventilé,6,105.15
CMD-002695,2026-08-17,Auto Clinic,BRK-003411,Jeu plaquettes AV,8,78.75
CMD-002695,2026-08-17,Mécanique Rapide Inc.,SPK-047981,Bougie allumage iridium,1,24.04
CMD-002695,2026-08-17,Garage du Centre,BLB-040946,Ampoule LED H7,4,29.33
CMD-002696,2025-10-09,Carrosserie Moderne,FUS-028100,Boîte fusibles relais,7,17.6
CMD-002696,2025-10-09,Garage du Centre,ALT-008600,Alternateur 12V 140A,4,411.15
CMD-002696,2025-10-09,Carrosserie Moderne,FLT-009287,Filtre à air moteur,1,36.05
CMD-002696,2025-10-09,Mécanique Rapide Inc.,SEN-004309,Capteur ABS,8,41.19
CMD-002696,2025-10-09,Atelier Mécanique 360,FLT-031402,Filtre à air moteur,6,26.67
CMD-002697,2025-11-14,Atelier Mécanique 360,FUS-037574,Boîte fusibles relais,2,22.82
CMD-002697,2025-11-14,Garage Tremblay,SEN-045054,Capteur ABS,3,56.01
CMD-002697,2025-11-14,Garage du Centre,ROT-044210,Disque de frein ventilé,6,175.19
CMD-002697,2025-11-14,Atelier Mécanique 360,FLT-028324,Filtre à air moteur,2,18.75
CMD-002698,2025-11-11,Garage Royal,ALT-035530,Alternateur 12V 140A,3,238.74
CMD-002698,2025-11-11,Auto-Réparation ABC,BRK-033340,Jeu plaquettes AV,2,62.87
CMD-002698,2025-11-11,Pneus & Mécanique Pro,BLB-020402,Ampoule LED H7,5,19.04
CMD-002698,2025-11-11,Auto Clinic,ROT-001359,Disque de frein ventilé,5,180.58
CMD-002698,2025-11-11,Carrosserie Moderne,BRK-006205,Jeu plaquettes AV,5,53.37
CMD-002699,2026-06-23,Carrosserie Moderne,FUS-028100,Boîte fusibles relais,3,17.6
CMD-002699,2026-06-23,Garage Tremblay,BMP-037254,Pare-chocs AV primaire,7,283.13
CMD-002700,2025-11-23,Atelier Mécanique 360,SPK-047981,Bougie allumage iridium,2,24.04
CMD-002700,2025-11-23,Auto-Réparation ABC,ALT-046126,Alternateur 12V 140A,8,421.09
CMD-002700,2025-11-23,Auto-Réparation ABC,FLT-009287,Filtre à air moteur,4,36.05
CMD-002700,2025-11-23,Carrosserie Moderne,ROT-014558,Disque de frein ventilé,6,191.2
CMD-002700,2025-11-23,Auto Clinic,FUS-025154,Boîte fusibles relais,8,23.1
CMD-002701,2026-08-14,Garage Tremblay,FLT-011683,Filtre à air moteur,7,37.71
CMD-002701,2026-08-14,Garage Royal,ALT-040335,Alternateur 12V 140A,8,368.08
CMD-002701,2026-08-14,Auto-Réparation ABC,BRK-042035,Jeu plaquettes AV,1,57.16
CMD-002702,2025-10-12,Garage Tremblay,BRK-006205,Jeu plaquettes AV,6,53.37
CMD-002702,2025-10-12,Auto-Réparation ABC,EXH-034377,Silencieux échappement,6,268.92
CMD-002702,2025-10-12,Atelier Mécanique 360,ALT-001778,Alternateur 12V 140A,5,242.99
CMD-002702,2025-10-12,Mécanique Rapide Inc.,ROT-015403,Disque de frein ventilé,4,107.88
CMD-002703,2026-06-11,Centre Auto Plus,FLT-011683,Filtre à air moteur,2,37.71
CMD-002703,2026-06-11,Auto Clinic,ALT-040335,Alternateur 12V 140A,3,368.08
CMD-002704,2026-04-20,Mécanique Rapide Inc.,BRK-047004,Jeu plaquettes AV,5,91.9
CMD-002704,2026-04-20,Garage du Centre,BRK-005234,Jeu plaquettes AV,1,96.79
CMD-002704,2026-04-20,Garage Tremblay,FUS-005948,Boîte fusibles relais,4,21.5
CMD-002704,2026-04-20,Atelier Mécanique 360,BLB-018376,Ampoule LED H7,3,20.53
CMD-002705,2025-10-03,Atelier Mécanique 360,BRK-006205,Jeu plaquettes AV,1,53.37
CMD-002705,2025-10-03,Centre Auto Plus,FLT-011683,Filtre à air moteur,3,37.71
CMD-002705,2025-10-03,Auto Clinic,ALT-027632,Alternateur 12V 140A,8,313.91
CMD-002705,2025-10-03,Pneus & Mécanique Pro,ROT-015403,Disque de frein ventilé,2,107.88
CMD-002706,2026-06-08,Auto Clinic,BLB-037992,Ampoule LED H7,3,27.13
CMD-002706,2026-06-08,Auto-Réparation ABC,ALT-035681,Alternateur 12V 140A,7,394.53
CMD-002707,2026-04-23,Auto-Réparation ABC,RAD-008323,Radiateur refroidissement,8,225.29
CMD-002707,2026-04-23,Auto Clinic,ROT-027668,Disque de frein ventilé,2,139.0
CMD-002707,2026-04-23,Pneus & Mécanique Pro,ROT-015403,Disque de frein ventilé,6,107.88
CMD-002708,2026-06-11,Garage Tremblay,ROT-015403,Disque de frein ventilé,7,107.88
CMD-002708,2026-06-11,Garage Tremblay,FLT-011683,Filtre à air moteur,3,37.71
CMD-002708,2026-06-11,Auto Clinic,FUS-028100,Boîte fusibles relais,8,17.6
CMD-002708,2026-06-11,Auto Clinic,BRK-017720,Jeu plaquettes AV,7,85.77
CMD-002708,2026-06-11,Pneus & Mécanique Pro,EXH-033547,Silencieux échappement,1,322.76
CMD-002709,2026-04-02,Mécanique Rapide Inc.,BLB-037992,Ampoule LED H7,7,27.13
CMD-002709,2026-04-02,Carrosserie Moderne,SEN-015192,Capteur ABS,5,38.69
CMD-002709,2026-04-02,Garage Royal,BMP-037287,Pare-chocs AV primaire,6,323.55
CMD-002709,2026-04-02,Atelier Mécanique 360,BRK-017720,Jeu plaquettes AV,8,85.77
CMD-002710,2026-08-05,Carrosserie Moderne,FUS-028100,Boîte fusibles relais,2,17.6
CMD-002710,2026-08-05,Pneus & Mécanique Pro,ROT-018669,Disque de frein ventilé,3,124.93
CMD-002710,2026-08-05,Auto-Réparation ABC,ALT-008600,Alternateur 12V 140A,7,411.15
CMD-002710,2026-08-05,Auto-Réparation ABC,FLT-009287,Filtre à air moteur,8,36.05
CMD-002710,2026-08-05,Mécanique Rapide Inc.,FLT-031402,Filtre à air moteur,7,26.67
CMD-002711,2026-03-20,Pneus & Mécanique Pro,BRK-040876,Jeu plaquettes AV,3,77.0
CMD-002712,2026-07-31,Garage Tremblay,FUS-004135,Boîte fusibles relais,4,14.53
CMD-002712,2026-07-31,Centre Auto Plus,ALT-008600,Alternateur 12V 140A,2,411.15
CMD-002712,2026-07-31,Pneus & Mécanique Pro,STR-023248,Jambe de force suspension,1,244.06
CMD-002712,2026-07-31,Auto Clinic,FUS-028100,Boîte fusibles relais,6,17.6
CMD-002712,2026-07-31,Pneus & Mécanique Pro,ROT-015403,Disque de frein ventilé,5,107.88
CMD-002713,2025-09-21,Carrosserie Moderne,FUS-028100,Boîte fusibles relais,8,17.6
CMD-002713,2025-09-21,Atelier Mécanique 360,ROT-018669,Disque de frein ventilé,6,124.93
CMD-002713,2025-09-21,Auto Clinic,ALT-008600,Alternateur 12V 140A,7,411.15
CMD-002713,2025-09-21,Mécanique Rapide Inc.,FLT-031402,Filtre à air moteur,4,26.67
CMD-002714,2026-01-12,Carrosserie Moderne,ALT-001778,Alternateur 12V 140A,5,242.99
CMD-002715,2026-03-17,Carrosserie Moderne,ALT-001778,Alternateur 12V 140A,8,242.99
CMD-002716,2025-09-16,Centre Auto Plus,SEN-002566,Capteur ABS,7,37.92
CMD-002717,2026-01-28,Centre Auto Plus,BRK-008094,Jeu plaquettes AV,5,95.24
CMD-002717,2026-01-28,Atelier Mécanique 360,RAD-042341,Radiateur refroidissement,7,227.46
CMD-002717,2026-01-28,Carrosserie Moderne,FUS-028100,Boîte fusibles relais,5,17.6
CMD-002717,2026-01-28,Mécanique Rapide Inc.,ROT-007220,Disque de frein ventilé,1,116.26
CMD-002717,2026-01-28,Pneus & Mécanique Pro,ROT-015403,Disque de frein ventilé,5,107.88
CMD-002718,2025-11-10,Garage du Centre,ROT-015403,Disque de frein ventilé,6,107.88
CMD-002718,2025-11-10,Mécanique Rapide Inc.,SEN-006021,Capteur ABS,6,31.48
CMD-002718,2025-11-10,Garage Tremblay,RAD-008323,Radiateur refroidissement,1,225.29
CMD-002718,2025-11-10,Garage Tremblay,FLT-011683,Filtre à air moteur,8,37.71
CMD-002718,2025-11-10,Mécanique Rapide Inc.,FUS-028100,Boîte fusibles relais,2,17.6
CMD-002719,2025-09-30,Mécanique Rapide Inc.,FUS-021849,Boîte fusibles relais,5,14.18
CMD-002719,2025-09-30,Carrosserie Moderne,FUS-003395,Boîte fusibles relais,4,17.5
CMD-002719,2025-09-30,Garage du Centre,BRK-044381,Jeu plaquettes AV,3,48.66
CMD-002719,2025-09-30,Garage Royal,SEN-006021,Capteur ABS,7,31.48
CMD-002719,2025-09-30,Mécanique Rapide Inc.,ALT-011421,Alternateur 12V 140A,1,394.92
CMD-002720,2026-03-23,Garage Tremblay,ROT-015403,Disque de frein ventilé,2,107.88
CMD-002720,2026-03-23,Carrosserie Moderne,BLB-018376,Ampoule LED H7,6,20.53
CMD-002720,2026-03-23,Carrosserie Moderne,STR-031193,Jambe de force suspension,7,214.77
CMD-002720,2026-03-23,Mécanique Rapide Inc.,BRK-047004,Jeu plaquettes AV,8,91.9
CMD-002721,2026-04-11,Centre Auto Plus,ROT-021710,Disque de frein ventilé,6,128.69
CMD-002721,2026-04-11,Auto Clinic,ROT-001967,Disque de frein ventilé,7,82.24
CMD-002721,2026-04-11,Atelier Mécanique 360,ALT-003156,Alternateur 12V 140A,7,452.21
CMD-002721,2026-04-11,Atelier Mécanique 360,ROT-037068,Disque de frein ventilé,5,100.89
CMD-002722,2026-01-27,Auto-Réparation ABC,SEN-031098,Capteur ABS,3,67.4
CMD-002722,2026-01-27,Pneus & Mécanique Pro,FLT-019590,Filtre à air moteur,4,19.27
CMD-002722,2026-01-27,Auto-Réparation ABC,ALT-043817,Alternateur 12V 140A,4,318.1
CMD-002722,2026-01-27,Pneus & Mécanique Pro,BRK-009718,Jeu plaquettes AV,6,49.14
CMD-002723,2026-07-07,Auto Clinic,BLB-048086,Ampoule LED H7,6,40.86
CMD-002723,2026-07-07,Garage Tremblay,ROT-036267,Disque de frein ventilé,4,107.69
CMD-002724,2026-07-12,Centre Auto Plus,ROT-015403,Disque de frein ventilé,3,107.88
CMD-002724,2026-07-12,Carrosserie Moderne,ROT-007220,Disque de frein ventilé,1,116.26
CMD-002724,2026-07-12,Garage Tremblay,SPK-031992,Bougie allumage iridium,6,20.18
CMD-002724,2026-07-12,Carrosserie Moderne,EXH-007271,Silencieux échappement,3,390.56
CMD-002725,2025-12-18,Carrosserie Moderne,ROT-015403,Disque de frein ventilé,4,107.88
CMD-002725,2025-12-18,Atelier Mécanique 360,ROT-007220,Disque de frein ventilé,6,116.26
CMD-002726,2025-10-02,Carrosserie Moderne,FUS-037574,Boîte fusibles relais,1,22.82
CMD-002726,2025-10-02,Mécanique Rapide Inc.,FUS-027893,Boîte fusibles relais,2,20.0
CMD-002726,2025-10-02,Pneus & Mécanique Pro,BLB-047201,Ampoule LED H7,2,28.87
CMD-002726,2025-10-02,Auto-Réparation ABC,ROT-044210,Disque de frein ventilé,6,175.19
CMD-002727,2026-03-23,Garage Tremblay,ALT-001778,Alternateur 12V 140A,6,242.99
CMD-002727,2026-03-23,Mécanique Rapide Inc.,ROT-015403,Disque de frein ventilé,2,107.88
CMD-002727,2026-03-23,Pneus & Mécanique Pro,FLT-011683,Filtre à air moteur,5,37.71
CMD-002727,2026-03-23,Garage Royal,FUS-028100,Boîte fusibles relais,4,17.6
CMD-002727,2026-03-23,Pneus & Mécanique Pro,FUS-026474,Boîte fusibles relais,3,18.89
CMD-002728,2026-03-30,Auto-Réparation ABC,FUS-037574,Boîte fusibles relais,6,22.82
CMD-002729,2025-10-28,Pneus & Mécanique Pro,ROT-015403,Disque de frein ventilé,8,107.88
CMD-002729,2025-10-28,Auto-Réparation ABC,SPK-044783,Bougie allumage iridium,5,24.23
CMD-002729,2025-10-28,Garage du Centre,BRK-005978,Jeu plaquettes AV,1,65.1
CMD-002729,2025-10-28,Carrosserie Moderne,FLT-040963,Filtre à air moteur,3,23.2
CMD-002729,2025-10-28,Pneus & Mécanique Pro,SEN-046955,Capteur ABS,3,35.73
CMD-002730,2026-08-20,Auto Clinic,FLT-029423,Filtre à air moteur,2,40.89
CMD-002730,2026-08-20,Garage du Centre,RAD-008323,Radiateur refroidissement,3,225.29
CMD-002730,2026-08-20,Garage Royal,FLT-001618,Filtre à air moteur,5,29.58
CMD-002730,2026-08-20,Garage Tremblay,FLT-032536,Filtre à air moteur,1,26.71
CMD-002731,2026-03-04,Garage du Centre,ROT-015403,Disque de frein ventilé,7,107.88
CMD-002731,2026-03-04,Auto-Réparation ABC,STR-023248,Jambe de force suspension,2,244.06
CMD-002731,2026-03-04,Auto Clinic,SEN-043446,Capteur ABS,6,71.18
CMD-002731,2026-03-04,Pneus & Mécanique Pro,FLT-033743,Filtre à air moteur,3,39.16
CMD-002731,2026-03-04,Auto-Réparation ABC,FLT-017708,Filtre à air moteur,2,29.61
CMD-002732,2025-09-20,Auto-Réparation ABC,FUS-028100,Boîte fusibles relais,7,17.6
CMD-002732,2025-09-20,Auto-Réparation ABC,ALT-008600,Alternateur 12V 140A,8,411.15
CMD-002732,2025-09-20,Atelier Mécanique 360,FLT-009287,Filtre à air moteur,7,36.05
CMD-002732,2025-09-20,Garage Royal,FLT-031402,Filtre à air moteur,3,26.67
CMD-002733,2025-10-15,Garage Tremblay,FLT-040963,Filtre à air moteur,2,23.2
CMD-002733,2025-10-15,Garage du Centre,SEN-003185,Capteur ABS,4,59.42
CMD-002734,2025-12-06,Centre Auto Plus,BRK-008094,Jeu plaquettes AV,6,95.24
CMD-002734,2025-12-06,Carrosserie Moderne,BRK-009571,Jeu plaquettes AV,7,55.23
CMD-002734,2025-12-06,Auto-Réparation ABC,SEN-019139,Capteur ABS,6,38.32
CMD-002734,2025-12-06,Garage Tremblay,ALT-003156,Alternateur 12V 140A,7,452.21
CMD-002734,2025-12-06,Carrosserie Moderne,BRK-048679,Jeu plaquettes AV,8,67.21
CMD-002735,2026-06-06,Garage Royal,FUS-013874,Boîte fusibles relais,6,19.21
CMD-002735,2026-06-06,Auto Clinic,BRK-014503,Jeu plaquettes AV,3,88.03
CMD-002735,2026-06-06,Auto Clinic,ROT-027668,Disque de frein ventilé,2,139.0
CMD-002735,2026-06-06,Atelier Mécanique 360,SPK-017734,Bougie allumage iridium,3,20.39
CMD-002736,2026-01-01,Centre Auto Plus,ROT-047623,Disque de frein ventilé,6,191.56
CMD-002736,2026-01-01,Auto Clinic,FLT-040963,Filtre à air moteur,3,23.2
CMD-002736,2026-01-01,Pneus & Mécanique Pro,BMP-006087,Pare-chocs AV primaire,4,519.77
CMD-002737,2026-09-05,Centre Auto Plus,SPK-003219,Bougie allumage iridium,2,16.07
CMD-002737,2026-09-05,Centre Auto Plus,FUS-025154,Boîte fusibles relais,1,23.1
CMD-002737,2026-09-05,Garage Royal,ALT-033658,Alternateur 12V 140A,6,254.43
CMD-002738,2025-10-29,Garage Tremblay,SPK-047981,Bougie allumage iridium,6,24.04
CMD-002739,2026-03-17,Pneus & Mécanique Pro,FUS-028100,Boîte fusibles relais,2,17.6
CMD-002739,2026-03-17,Centre Auto Plus,FLT-044878,Filtre à air moteur,5,36.42
CMD-002740,2026-01-25,Mécanique Rapide Inc.,FUS-028100,Boîte fusibles relais,4,17.6
CMD-002740,2026-01-25,Pneus & Mécanique Pro,ROT-018669,Disque de frein ventilé,8,124.93
CMD-002741,2026-07-24,Auto Clinic,FUS-000867,Boîte fusibles relais,6,12.79
CMD-002741,2026-07-24,Garage Tremblay,FLT-017708,Filtre à air moteur,2,29.61
CMD-002741,2026-07-24,Garage du Centre,RAD-011310,Radiateur refroidissement,1,240.6
CMD-002741,2026-07-24,Garage Royal,SPK-034162,Bougie allumage iridium,7,15.54
CMD-002741,2026-07-24,Garage Royal,ROT-014715,Disque de frein ventilé,1,133.08
CMD-002742,2026-07-20,Garage Tremblay,BRK-043609,Jeu plaquettes AV,6,47.15
CMD-002742,2026-07-20,Pneus & Mécanique Pro,BMP-037287,Pare-chocs AV primaire,6,323.55
CMD-002742,2026-07-20,Garage du Centre,ROT-015403,Disque de frein ventilé,1,107.88
CMD-002742,2026-07-20,Garage Royal,ROT-043334,Disque de frein ventilé,7,133.36
CMD-002743,2025-09-25,Mécanique Rapide Inc.,SPK-013663,Bougie allumage iridium,4,30.57
CMD-002743,2025-09-25,Centre Auto Plus,SEN-026353,Capteur ABS,4,42.53
CMD-002744,2026-03-15,Garage Royal,BLB-048086,Ampoule LED H7,5,40.86
CMD-002744,2026-03-15,Auto Clinic,FUS-003501,Boîte fusibles relais,2,22.29
CMD-002745,2025-12-11,Garage du Centre,BRK-017720,Jeu plaquettes AV,7,85.77
CMD-002746,2025-09-24,Garage Royal,FUS-026474,Boîte fusibles relais,2,18.89
CMD-002746,2025-09-24,Centre Auto Plus,BLB-028682,Ampoule LED H7,4,36.03
CMD-002746,2025-09-24,Pneus & Mécanique Pro,BRK-001937,Jeu plaquettes AV,8,88.96
CMD-002746,2025-09-24,Carrosserie Moderne,SEN-038683,Capteur ABS,8,70.76
CMD-002747,2026-07-13,Garage Tremblay,FLT-026629,Filtre à air moteur,6,21.34
CMD-002748,2025-12-29,Garage Tremblay,BMP-048102,Pare-chocs AV primaire,3,212.63
CMD-002748,2025-12-29,Pneus & Mécanique Pro,ALT-001778,Alternateur 12V 140A,7,242.99
CMD-002749,2026-08-07,Centre Auto Plus,RAD-008323,Radiateur refroidissement,7,225.29
CMD-002749,2026-08-07,Garage Royal,BMP-006001,Pare-chocs AV primaire,1,264.54
CMD-002749,2026-08-07,Carrosserie Moderne,FLT-032536,Filtre à air moteur,5,26.71
CMD-002749,2026-08-07,Garage du Centre,BRK-000665,Jeu plaquettes AV,5,57.77
CMD-002750,2026-04-11,Garage Royal,SEN-043446,Capteur ABS,3,71.18
CMD-002750,2026-04-11,Garage Tremblay,BRK-036956,Jeu plaquettes AV,3,85.25
CMD-002751,2026-04-08,Garage Royal,ROT-015403,Disque de frein ventilé,5,107.88
CMD-002751,2026-04-08,Garage Royal,FLT-026010,Filtre à air moteur,6,32.68
CMD-002751,2026-04-08,Pneus & Mécanique Pro,ROT-007220,Disque de frein ventilé,5,116.26
CMD-002752,2026-07-31,Garage Tremblay,ROT-015403,Disque de frein ventilé,2,107.88
CMD-002752,2026-07-31,Atelier Mécanique 360,ALT-007061,Alternateur 12V 140A,4,289.42
CMD-002752,2026-07-31,Auto-Réparation ABC,EXH-007271,Silencieux échappement,4,390.56
CMD-002752,2026-07-31,Atelier Mécanique 360,ROT-007220,Disque de frein ventilé,7,116.26
CMD-002753,2026-06-10,Carrosserie Moderne,ROT-015403,Disque de frein ventilé,3,107.88
CMD-002753,2026-06-10,Atelier Mécanique 360,ROT-007220,Disque de frein ventilé,8,116.26
CMD-002753,2026-06-10,Garage Royal,EXH-007271,Silencieux échappement,7,390.56
CMD-002753,2026-06-10,Garage Tremblay,ALT-007061,Alternateur 12V 140A,7,289.42
CMD-002753,2026-06-10,Garage Royal,FLT-026010,Filtre à air moteur,8,32.68
CMD-002754,2026-09-03,Garage Tremblay,FUS-028100,Boîte fusibles relais,4,17.6
CMD-002754,2026-09-03,Centre Auto Plus,FLT-009287,Filtre à air moteur,7,36.05
CMD-002754,2026-09-03,Pneus & Mécanique Pro,SEN-004309,Capteur ABS,6,41.19
CMD-002754,2026-09-03,Atelier Mécanique 360,FLT-031402,Filtre à air moteur,3,26.67
CMD-002755,2026-05-10,Garage Royal,ROT-015403,Disque de frein ventilé,6,107.88
CMD-002756,2026-05-16,Carrosserie Moderne,SEN-006021,Capteur ABS,3,31.48
CMD-002756,2026-05-16,Garage Tremblay,BRK-044381,Jeu plaquettes AV,1,48.66
CMD-002756,2026-05-16,Garage du Centre,ALT-011421,Alternateur 12V 140A,8,394.92
CMD-002756,2026-05-16,Garage Tremblay,FLT-010535,Filtre à air moteur,1,15.65
CMD-002757,2025-12-18,Garage Royal,BLB-020402,Ampoule LED H7,1,19.04
CMD-002757,2025-12-18,Carrosserie Moderne,ROT-015403,Disque de frein ventilé,2,107.88
CMD-002758,2026-05-12,Garage du Centre,FUS-028100,Boîte fusibles relais,5,17.6
CMD-002758,2026-05-12,Garage Royal,ROT-015403,Disque de frein ventilé,2,107.88
CMD-002759,2026-06-27,Mécanique Rapide Inc.,ALT-001778,Alternateur 12V 140A,3,242.99
CMD-002759,2026-06-27,Auto Clinic,BMP-048102,Pare-chocs AV primaire,4,212.63
CMD-002759,2026-06-27,Pneus & Mécanique Pro,BRK-013237,Jeu plaquettes AV,6,53.16
CMD-002759,2026-06-27,Atelier Mécanique 360,ALT-007205,Alternateur 12V 140A,1,250.82
CMD-002760,2026-08-13,Atelier Mécanique 360,FUS-028100,Boîte fusibles relais,6,17.6
CMD-002760,2026-08-13,Atelier Mécanique 360,ROT-015403,Disque de frein ventilé,2,107.88
CMD-002761,2026-08-20,Garage Royal,ROT-015403,Disque de frein ventilé,7,107.88
CMD-002761,2026-08-20,Auto Clinic,ALT-007061,Alternateur 12V 140A,5,289.42
CMD-002761,2026-08-20,Carrosserie Moderne,EXH-007271,Silencieux échappement,4,390.56
CMD-002761,2026-08-20,Auto Clinic,FLT-026010,Filtre à air moteur,2,32.68
CMD-002762,2025-11-09,Garage Royal,ALT-033658,Alternateur 12V 140A,7,254.43
CMD-002762,2025-11-09,Auto-Réparation ABC,STR-023248,Jambe de force suspension,5,244.06
CMD-002762,2025-11-09,Centre Auto Plus,BLB-020402,Ampoule LED H7,3,19.04
CMD-002763,2025-11-19,Garage Tremblay,ROT-015403,Disque de frein ventilé,7,107.88
CMD-002763,2025-11-19,Auto-Réparation ABC,FLT-026010,Filtre à air moteur,8,32.68
CMD-002763,2025-11-19,Garage Royal,SPK-031992,Bougie allumage iridium,1,20.18
CMD-002763,2025-11-19,Mécanique Rapide Inc.,ROT-007220,Disque de frein ventilé,5,116.26
CMD-002764,2025-11-19,Atelier Mécanique 360,FUS-026474,Boîte fusibles relais,5,18.89
CMD-002764,2025-11-19,Garage Tremblay,BLB-028682,Ampoule LED H7,2,36.03
CMD-002764,2025-11-19,Garage du Centre,SEN-038683,Capteur ABS,1,70.76
CMD-002765,2025-10-07,Garage Tremblay,ROT-015403,Disque de frein ventilé,2,107.88
CMD-002765,2025-10-07,Mécanique Rapide Inc.,FUS-028100,Boîte fusibles relais,6,17.6
CMD-002766,2026-08-11,Garage du Centre,BRK-017720,Jeu plaquettes AV,5,85.77
CMD-002766,2026-08-11,Auto Clinic,SPK-043295,Bougie allumage iridium,3,13.79
CMD-002766,2026-08-11,Pneus & Mécanique Pro,ALT-015059,Alternateur 12V 140A,5,396.5
CMD-002766,2026-08-11,Centre Auto Plus,SEN-033632,Capteur ABS,4,68.9
CMD-002767,2026-03-18,Carrosserie Moderne,ALT-001778,Alternateur 12V 140A,3,242.99
CMD-002767,2026-03-18,Mécanique Rapide Inc.,ALT-007205,Alternateur 12V 140A,1,250.82
CMD-002768,2026-01-24,Carrosserie Moderne,BRK-006205,Jeu plaquettes AV,3,53.37
CMD-002768,2026-01-24,Garage Tremblay,ROT-031547,Disque de frein ventilé,1,189.51
CMD-002768,2026-01-24,Auto-Réparation ABC,BRK-037405,Jeu plaquettes AV,3,45.88
CMD-002769,2026-05-08,Garage Royal,RAD-042341,Radiateur refroidissement,3,227.46
CMD-002769,2026-05-08,Auto Clinic,BRK-002545,Jeu plaquettes AV,1,48.87
CMD-002769,2026-05-08,Garage du Centre,BRK-038495,Jeu plaquettes AV,8,72.46
CMD-002770,2026-05-30,Auto Clinic,BRK-033340,Jeu plaquettes AV,5,62.87
CMD-002770,2026-05-30,Auto-Réparation ABC,FUS-028100,Boîte fusibles relais,3,17.6
CMD-002771,2025-12-20,Garage Tremblay,ROT-015403,Disque de frein ventilé,8,107.88
CMD-002771,2025-12-20,Pneus & Mécanique Pro,FLT-011683,Filtre à air moteur,8,37.71
CMD-002771,2025-12-20,Garage Tremblay,FLT-040963,Filtre à air moteur,2,23.2
CMD-002771,2025-12-20,Auto Clinic,ALT-001778,Alternateur 12V 140A,6,242.99
CMD-002772,2026-02-07,Atelier Mécanique 360,FUS-028100,Boîte fusibles relais,8,17.6
CMD-002772,2026-02-07,Auto-Réparation ABC,ROT-015403,Disque de frein ventilé,5,107.88
CMD-002772,2026-02-07,Mécanique Rapide Inc.,ALT-010069,Alternateur 12V 140A,1,284.46
CMD-002772,2026-02-07,Garage Tremblay,FUS-025154,Boîte fusibles relais,3,23.1
CMD-002773,2025-11-07,Garage du Centre,BRK-017720,Jeu plaquettes AV,6,85.77
CMD-002773,2025-11-07,Centre Auto Plus,BRK-038699,Jeu plaquettes AV,6,92.39
CMD-002773,2025-11-07,Mécanique Rapide Inc.,ALT-015059,Alternateur 12V 140A,6,396.5
CMD-002773,2025-11-07,Garage Royal,ROT-034722,Disque de frein ventilé,1,168.29
CMD-002773,2025-11-07,Auto-Réparation ABC,SEN-033632,Capteur ABS,2,68.9
CMD-002774,2025-12-06,Mécanique Rapide Inc.,FLT-011683,Filtre à air moteur,4,37.71
CMD-002774,2025-12-06,Garage Royal,ROT-015403,Disque de frein ventilé,5,107.88
CMD-002774,2025-12-06,Garage Royal,STR-047020,Jambe de force suspension,5,143.22
CMD-002774,2025-12-06,Atelier Mécanique 360,SEN-049426,Capteur ABS,5,58.54
CMD-002774,2025-12-06,Pneus & Mécanique Pro,BLB-037992,Ampoule LED H7,2,27.13
CMD-002775,2026-01-22,Garage Tremblay,ROT-006864,Disque de frein ventilé,4,105.15
CMD-002776,2026-07-25,Auto-Réparation ABC,FLT-011683,Filtre à air moteur,2,37.71
CMD-002777,2026-04-01,Centre Auto Plus,FUS-028100,Boîte fusibles relais,1,17.6
CMD-002777,2026-04-01,Carrosserie Moderne,ROT-015403,Disque de frein ventilé,7,107.88
CMD-002777,2026-04-01,Centre Auto Plus,FLT-011683,Filtre à air moteur,1,37.71
CMD-002777,2026-04-01,Auto Clinic,ROT-021710,Disque de frein ventilé,4,128.69
CMD-002778,2026-04-18,Mécanique Rapide Inc.,FUS-028100,Boîte fusibles relais,2,17.6
CMD-002778,2026-04-18,Garage du Centre,ROT-018669,Disque de frein ventilé,7,124.93
CMD-002779,2025-11-03,Centre Auto Plus,FUS-028100,Boîte fusibles relais,3,17.6
CMD-002779,2025-11-03,Mécanique Rapide Inc.,SEN-004309,Capteur ABS,5,41.19
CMD-002779,2025-11-03,Atelier Mécanique 360,ROT-018669,Disque de frein ventilé,4,124.93
CMD-002779,2025-11-03,Auto-Réparation ABC,FLT-031402,Filtre à air moteur,6,26.67
CMD-002780,2025-11-29,Atelier Mécanique 360,ROT-015403,Disque de frein ventilé,3,107.88
CMD-002780,2025-11-29,Centre Auto Plus,EXH-007271,Silencieux échappement,2,390.56
CMD-002780,2025-11-29,Mécanique Rapide Inc.,FLT-026010,Filtre à air moteur,3,32.68
CMD-002781,2025-09-18,Carrosserie Moderne,BRK-017720,Jeu plaquettes AV,4,85.77
CMD-002781,2025-09-18,Garage Tremblay,ALT-015059,Alternateur 12V 140A,1,396.5
CMD-002782,2025-11-28,Garage Tremblay,ROT-015403,Disque de frein ventilé,3,107.88
CMD-002782,2025-11-28,Atelier Mécanique 360,FLT-026010,Filtre à air moteur,7,32.68
CMD-002782,2025-11-28,Mécanique Rapide Inc.,ALT-007061,Alternateur 12V 140A,7,289.42
CMD-002782,2025-11-28,Auto-Réparation ABC,SPK-031992,Bougie allumage iridium,4,20.18
CMD-002783,2025-12-22,Mécanique Rapide Inc.,SPK-025943,Bougie allumage iridium,6,22.81
CMD-002783,2025-12-22,Atelier Mécanique 360,RAD-025491,Radiateur refroidissement,1,220.59
CMD-002783,2025-12-22,Carrosserie Moderne,SEN-014947,Capteur ABS,5,51.13
CMD-002783,2025-12-22,Garage Tremblay,FUS-018600,Boîte fusibles relais,7,15.09
CMD-002784,2026-07-09,Pneus & Mécanique Pro,ROT-015403,Disque de frein ventilé,4,107.88
CMD-002784,2026-07-09,Carrosserie Moderne,EXH-007271,Silencieux échappement,5,390.56
CMD-002784,2026-07-09,Pneus & Mécanique Pro,ROT-007220,Disque de frein ventilé,1,116.26
CMD-002784,2026-07-09,Mécanique Rapide Inc.,FLT-026010,Filtre à air moteur,8,32.68
CMD-002785,2026-07-10,Mécanique Rapide Inc.,BRK-017720,Jeu plaquettes AV,3,85.77
CMD-002786,2026-03-03,Carrosserie Moderne,ROT-015403,Disque de frein ventilé,8,107.88
CMD-002786,2026-03-03,Atelier Mécanique 360,EXH-007271,Silencieux échappement,2,390.56
CMD-002786,2026-03-03,Garage Royal,SPK-031992,Bougie allumage iridium,8,20.18
CMD-002786,2026-03-03,Centre Auto Plus,ROT-007220,Disque de frein ventilé,1,116.26
CMD-002787,2026-03-01,Mécanique Rapide Inc.,ROT-021710,Disque de frein ventilé,3,128.69
CMD-002787,2026-03-01,Centre Auto Plus,SPK-032001,Bougie allumage iridium,4,18.07
CMD-002787,2026-03-01,Pneus & Mécanique Pro,FUS-028100,Boîte fusibles relais,6,17.6
CMD-002787,2026-03-01,Auto Clinic,ROT-015403,Disque de frein ventilé,2,107.88
CMD-002788,2025-12-25,Pneus & Mécanique Pro,ROT-015403,Disque de frein ventilé,4,107.88
CMD-002788,2025-12-25,Garage Tremblay,EXH-007271,Silencieux échappement,3,390.56
CMD-002788,2025-12-25,Atelier Mécanique 360,FLT-026010,Filtre à air moteur,4,32.68
CMD-002788,2025-12-25,Auto Clinic,ROT-007220,Disque de frein ventilé,3,116.26
CMD-002789,2025-12-10,Garage Tremblay,RAD-042341,Radiateur refroidissement,5,227.46
CMD-002789,2025-12-10,Garage Tremblay,ALT-049278,Alternateur 12V 140A,7,423.05
CMD-002789,2025-12-10,Garage Tremblay,BRK-002545,Jeu plaquettes AV,6,48.87
CMD-002789,2025-12-10,Carrosserie Moderne,SEN-049426,Capteur ABS,7,58.54
CMD-002790,2026-06-21,Centre Auto Plus,FUS-028100,Boîte fusibles relais,5,17.6
CMD-002791,2026-07-25,Centre Auto Plus,SEN-020721,Capteur ABS,3,59.04
CMD-002791,2026-07-25,Auto-Réparation ABC,BLB-020402,Ampoule LED H7,5,19.04
CMD-002791,2026-07-25,Garage du Centre,FUS-004135,Boîte fusibles relais,2,14.53
CMD-002791,2026-07-25,Garage Royal,BRK-044618,Jeu plaquettes AV,8,48.42
CMD-002792,2026-07-20,Auto-Réparation ABC,BMP-019552,Pare-chocs AV primaire,1,368.75
CMD-002792,2026-07-20,Garage Tremblay,ROT-015403,Disque de frein ventilé,5,107.88
CMD-002792,2026-07-20,Garage Royal,ROT-021710,Disque de frein ventilé,8,128.69
CMD-002793,2026-03-30,Centre Auto Plus,SEN-006132,Capteur ABS,1,40.66
CMD-002793,2026-03-30,Atelier Mécanique 360,ALT-013343,Alternateur 12V 140A,3,241.48
CMD-002793,2026-03-30,Garage du Centre,BMP-037287,Pare-chocs AV primaire,3,323.55
CMD-002793,2026-03-30,Pneus & Mécanique Pro,ROT-002797,Disque de frein ventilé,5,141.62
CMD-002793,2026-03-30,Garage du Centre,FLT-028528,Filtre à air moteur,7,38.12
CMD-002794,2026-05-20,Garage du Centre,FUS-028100,Boîte fusibles relais,3,17.6
CMD-002795,2025-09-07,Carrosserie Moderne,RAD-011310,Radiateur refroidissement,2,240.6
CMD-002795,2025-09-07,Centre Auto Plus,FLT-017708,Filtre à air moteur,6,29.61
CMD-002795,2025-09-07,Atelier Mécanique 360,FUS-000867,Boîte fusibles relais,2,12.79
CMD-002795,2025-09-07,Pneus & Mécanique Pro,RAD-048210,Radiateur refroidissement,8,295.99
CMD-002795,2025-09-07,Garage Royal,ROT-014715,Disque de frein ventilé,4,133.08
CMD-002796,2025-10-22,Carrosserie Moderne,BLB-048086,Ampoule LED H7,2,40.86
CMD-002796,2025-10-22,Centre Auto Plus,ROT-036267,Disque de frein ventilé,5,107.69
CMD-002796,2025-10-22,Garage Royal,SPK-032001,Bougie allumage iridium,2,18.07
CMD-002796,2025-10-22,Auto Clinic,ALT-006276,Alternateur 12V 140A,5,220.23
CMD-002797,2026-02-01,Auto Clinic,FLT-011683,Filtre à air moteur,3,37.71
CMD-002797,2026-02-01,Garage du Centre,BRK-043609,Jeu plaquettes AV,3,47.15
CMD-002797,2026-02-01,Garage du Centre,BRK-032885,Jeu plaquettes AV,4,54.07
CMD-002797,2026-02-01,Auto Clinic,ALT-040335,Alternateur 12V 140A,1,368.08
CMD-002797,2026-02-01,Garage Royal,BRK-042035,Jeu plaquettes AV,4,57.16
CMD-002798,2026-04-20,Garage Royal,BRK-017720,Jeu plaquettes AV,2,85.77
CMD-002798,2026-04-20,Garage du Centre,SPK-043295,Bougie allumage iridium,7,13.79
CMD-002799,2026-02-24,Auto Clinic,SEN-006021,Capteur ABS,3,31.48
CMD-002799,2026-02-24,Auto-Réparation ABC,FUS-003395,Boîte fusibles relais,3,17.5
CMD-002799,2026-02-24,Garage du Centre,FUS-021849,Boîte fusibles relais,4,14.18
CMD-002800,2025-10-08,Mécanique Rapide Inc.,ROT-015403,Disque de frein ventilé,7,107.88
CMD-002800,2025-10-08,Pneus & Mécanique Pro,ALT-007061,Alternateur 12V 140A,6,289.42
CMD-002801,2025-09-29,Garage du Centre,SEN-006021,Capteur ABS,5,31.48
CMD-002802,2025-11-19,Centre Auto Plus,FUS-025154,Boîte fusibles relais,8,23.1
CMD-002803,2026-05-30,Garage Royal,BRK-047004,Jeu plaquettes AV,5,91.9
CMD-002803,2026-05-30,Auto Clinic,BLB-043006,Ampoule LED H7,4,29.61
CMD-002804,2026-02-05,Garage du Centre,ROT-031547,Disque de frein ventilé,7,189.51
CMD-002804,2026-02-05,Auto-Réparation ABC,FLT-011683,Filtre à air moteur,4,37.71
CMD-002804,2026-02-05,Garage Royal,ROT-015403,Disque de frein ventilé,4,107.88
CMD-002804,2026-02-05,Pneus & Mécanique Pro,STR-026554,Jambe de force suspension,1,124.06
CMD-002805,2025-12-31,Garage Royal,FUS-028100,Boîte fusibles relais,4,17.6
CMD-002805,2025-12-31,Centre Auto Plus,FLT-009287,Filtre à air moteur,1,36.05
CMD-002805,2025-12-31,Pneus & Mécanique Pro,FLT-031402,Filtre à air moteur,2,26.67
CMD-002806,2026-06-27,Mécanique Rapide Inc.,FLT-015733,Filtre à air moteur,1,33.71
CMD-002806,2026-06-27,Centre Auto Plus,ALT-001078,Alternateur 12V 140A,3,235.28
CMD-002806,2026-06-27,Auto Clinic,FUS-028100,Boîte fusibles relais,6,17.6
CMD-002807,2026-05-07,Centre Auto Plus,ROT-015403,Disque de frein ventilé,2,107.88
CMD-002807,2026-05-07,Garage Royal,FLT-026010,Filtre à air moteur,2,32.68
CMD-002807,2026-05-07,Auto Clinic,ALT-007061,Alternateur 12V 140A,7,289.42
CMD-002807,2026-05-07,Garage Tremblay,SPK-031992,Bougie allumage iridium,3,20.18
CMD-002808,2025-12-30,Atelier Mécanique 360,ROT-015403,Disque de frein ventilé,8,107.88
CMD-002808,2025-12-30,Garage du Centre,SPK-031992,Bougie allumage iridium,4,20.18
CMD-002809,2025-12-14,Centre Auto Plus,SEN-013569,Capteur ABS,2,42.76
CMD-002809,2025-12-14,Garage du Centre,ALT-023526,Alternateur 12V 140A,3,300.63
CMD-002809,2025-12-14,Centre Auto Plus,FUS-013874,Boîte fusibles relais,6,19.21
CMD-002810,2026-05-26,Auto Clinic,ROT-037068,Disque de frein ventilé,2,100.89
CMD-002810,2026-05-26,Garage du Centre,FUS-037465,Boîte fusibles relais,4,13.4
CMD-002811,2026-06-27,Mécanique Rapide Inc.,FUS-028100,Boîte fusibles relais,2,17.6
CMD-002811,2026-06-27,Garage Tremblay,FLT-031402,Filtre à air moteur,7,26.67
CMD-002811,2026-06-27,Garage Royal,ALT-008600,Alternateur 12V 140A,2,411.15
CMD-002811,2026-06-27,Garage du Centre,SEN-004309,Capteur ABS,2,41.19
CMD-002812,2026-04-06,Garage du Centre,SPK-025943,Bougie allumage iridium,3,22.81
CMD-002812,2026-04-06,Centre Auto Plus,BLB-019537,Ampoule LED H7,1,18.7
CMD-002813,2026-07-27,Garage Royal,ROT-015403,Disque de frein ventilé,1,107.88
CMD-002813,2026-07-27,Auto-Réparation ABC,BRK-003031,Jeu plaquettes AV,8,102.24
CMD-002814,2026-05-14,Auto Clinic,ROT-015403,Disque de frein ventilé,7,107.88
CMD-002814,2026-05-14,Garage Tremblay,FLT-026010,Filtre à air moteur,3,32.68
CMD-002814,2026-05-14,Garage du Centre,EXH-007271,Silencieux échappement,1,390.56
CMD-002815,2025-12-15,Mécanique Rapide Inc.,FLT-017690,Filtre à air moteur,4,23.9
CMD-002815,2025-12-15,Garage Tremblay,SEN-020721,Capteur ABS,1,59.04
CMD-002815,2025-12-15,Pneus & Mécanique Pro,BLB-020402,Ampoule LED H7,1,19.04
CMD-002815,2025-12-15,Garage Royal,FUS-004135,Boîte fusibles relais,7,14.53
CMD-002816,2026-08-29,Garage du Centre,SEN-049426,Capteur ABS,1,58.54
CMD-002816,2026-08-29,Atelier Mécanique 360,FLT-009287,Filtre à air moteur,5,36.05
CMD-002817,2026-07-11,Garage du Centre,FUS-025154,Boîte fusibles relais,5,23.1
CMD-002818,2025-11-30,Garage Royal,BLB-037992,Ampoule LED H7,2,27.13
CMD-002818,2025-11-30,Carrosserie Moderne,ROT-015403,Disque de frein ventilé,5,107.88
CMD-002818,2025-11-30,Garage du Centre,FUS-028100,Boîte fusibles relais,2,17.6
CMD-002819,2026-04-28,Garage du Centre,SEN-006021,Capteur ABS,8,31.48
CMD-002819,2026-04-28,Mécanique Rapide Inc.,ROT-015403,Disque de frein ventilé,1,107.88
CMD-002819,2026-04-28,Auto-Réparation ABC,SPK-032001,Bougie allumage iridium,1,18.07
CMD-002819,2026-04-28,Mécanique Rapide Inc.,FUS-026474,Boîte fusibles relais,8,18.89
CMD-002819,2026-04-28,Carrosserie Moderne,SEN-013569,Capteur ABS,6,42.76
CMD-002820,2025-12-01,Carrosserie Moderne,SEN-006021,Capteur ABS,8,31.48
CMD-002820,2025-12-01,Pneus & Mécanique Pro,FLT-010535,Filtre à air moteur,8,15.65
CMD-002820,2025-12-01,Garage Royal,FUS-021849,Boîte fusibles relais,7,14.18
CMD-002821,2025-09-15,Garage du Centre,BRK-047004,Jeu plaquettes AV,5,91.9
CMD-002821,2025-09-15,Pneus & Mécanique Pro,FLT-015733,Filtre à air moteur,8,33.71
CMD-002822,2026-03-12,Auto-Réparation ABC,ALT-001778,Alternateur 12V 140A,6,242.99
CMD-002822,2026-03-12,Mécanique Rapide Inc.,EXH-034377,Silencieux échappement,3,268.92
CMD-002822,2026-03-12,Mécanique Rapide Inc.,ALT-006276,Alternateur 12V 140A,6,220.23
CMD-002823,2026-05-23,Garage Royal,BRK-017720,Jeu plaquettes AV,1,85.77
CMD-002823,2026-05-23,Mécanique Rapide Inc.,BLB-020402,Ampoule LED H7,1,19.04
CMD-002823,2026-05-23,Auto Clinic,FUS-028100,Boîte fusibles relais,3,17.6
CMD-002824,2025-12-23,Atelier Mécanique 360,ROT-015403,Disque de frein ventilé,2,107.88
CMD-002825,2026-05-28,Pneus & Mécanique Pro,FUS-028100,Boîte fusibles relais,7,17.6
CMD-002825,2026-05-28,Auto Clinic,FLT-031402,Filtre à air moteur,5,26.67
CMD-002825,2026-05-28,Mécanique Rapide Inc.,SEN-004309,Capteur ABS,7,41.19
CMD-002825,2026-05-28,Centre Auto Plus,FLT-009287,Filtre à air moteur,7,36.05
CMD-002826,2026-05-31,Carrosserie Moderne,ROT-015403,Disque de frein ventilé,3,107.88
CMD-002826,2026-05-31,Mécanique Rapide Inc.,FUS-028100,Boîte fusibles relais,1,17.6
CMD-002826,2026-05-31,Garage du Centre,SEN-013569,Capteur ABS,6,42.76
CMD-002826,2026-05-31,Atelier Mécanique 360,FLT-026629,Filtre à air moteur,1,21.34
CMD-002826,2026-05-31,Carrosserie Moderne,BRK-006205,Jeu plaquettes AV,4,53.37
CMD-002827,2026-07-26,Auto-Réparation ABC,FUS-025154,Boîte fusibles relais,1,23.1
CMD-002827,2026-07-26,Mécanique Rapide Inc.,RAD-011217,Radiateur refroidissement,6,217.88
CMD-002827,2026-07-26,Atelier Mécanique 360,ALT-002471,Alternateur 12V 140A,1,269.92
CMD-002828,2026-02-22,Auto Clinic,FUS-025154,Boîte fusibles relais,8,23.1
CMD-002828,2026-02-22,Garage du Centre,RAD-011217,Radiateur refroidissement,5,217.88
CMD-002828,2026-02-22,Mécanique Rapide Inc.,ALT-002471,Alternateur 12V 140A,2,269.92
CMD-002828,2026-02-22,Garage Royal,RAD-035768,Radiateur refroidissement,8,177.87
CMD-002828,2026-02-22,Carrosserie Moderne,EXH-049698,Silencieux échappement,5,345.09
CMD-002829,2026-01-13,Garage Royal,SPK-003219,Bougie allumage iridium,4,16.07
CMD-002829,2026-01-13,Auto Clinic,ROT-015403,Disque de frein ventilé,3,107.88
CMD-002830,2026-02-01,Auto Clinic,ROT-015403,Disque de frein ventilé,3,107.88
CMD-002830,2026-02-01,Auto Clinic,FLT-026010,Filtre à air moteur,3,32.68
CMD-002830,2026-02-01,Centre Auto Plus,SPK-031992,Bougie allumage iridium,8,20.18
CMD-002831,2026-06-16,Atelier Mécanique 360,BRK-043609,Jeu plaquettes AV,3,47.15
CMD-002831,2026-06-16,Centre Auto Plus,RAD-042341,Radiateur refroidissement,2,227.46
CMD-002832,2026-07-05,Atelier Mécanique 360,SEN-002386,Capteur ABS,1,37.38
CMD-002833,2025-10-11,Centre Auto Plus,SPK-032001,Bougie allumage iridium,2,18.07
CMD-002833,2025-10-11,Carrosserie Moderne,BLB-048086,Ampoule LED H7,2,40.86
CMD-002834,2025-09-09,Mécanique Rapide Inc.,SEN-046955,Capteur ABS,7,35.73
CMD-002834,2025-09-09,Pneus & Mécanique Pro,ROT-015403,Disque de frein ventilé,4,107.88
CMD-002834,2025-09-09,Atelier Mécanique 360,SEN-049426,Capteur ABS,5,58.54
CMD-002834,2025-09-09,Auto-Réparation ABC,BLB-037992,Ampoule LED H7,4,27.13
CMD-002835,2026-08-06,Centre Auto Plus,FUS-026474,Boîte fusibles relais,8,18.89
CMD-002835,2026-08-06,Auto-Réparation ABC,ALT-021132,Alternateur 12V 140A,7,376.48
CMD-002835,2026-08-06,Auto-Réparation ABC,SEN-038683,Capteur ABS,7,70.76
CMD-002835,2026-08-06,Atelier Mécanique 360,BRK-001937,Jeu plaquettes AV,2,88.96
CMD-002835,2026-08-06,Garage du Centre,BLB-028682,Ampoule LED H7,7,36.03
CMD-002836,2026-02-06,Centre Auto Plus,FLT-032536,Filtre à air moteur,2,26.71
CMD-002836,2026-02-06,Garage Royal,BLB-007509,Ampoule LED H7,3,34.03
CMD-002836,2026-02-06,Centre Auto Plus,ROT-015403,Disque de frein ventilé,7,107.88
CMD-002837,2026-07-05,Atelier Mécanique 360,ROT-001359,Disque de frein ventilé,3,180.58
CMD-002837,2026-07-05,Centre Auto Plus,ROT-048335,Disque de frein ventilé,7,168.29
CMD-002837,2026-07-05,Carrosserie Moderne,EXH-033760,Silencieux échappement,8,201.19
CMD-002838,2026-04-19,Carrosserie Moderne,FLT-011683,Filtre à air moteur,7,37.71
CMD-002838,2026-04-19,Pneus & Mécanique Pro,FUS-041719,Boîte fusibles relais,2,14.8
CMD-002839,2026-06-09,Centre Auto Plus,ROT-015403,Disque de frein ventilé,2,107.88
CMD-002839,2026-06-09,Auto-Réparation ABC,FLT-026010,Filtre à air moteur,4,32.68
CMD-002839,2026-06-09,Mécanique Rapide Inc.,EXH-007271,Silencieux échappement,8,390.56
CMD-002840,2025-09-09,Centre Auto Plus,FLT-011683,Filtre à air moteur,8,37.71
CMD-002841,2026-01-11,Auto Clinic,ROT-015403,Disque de frein ventilé,6,107.88
CMD-002842,2025-11-11,Auto Clinic,BRK-017720,Jeu plaquettes AV,4,85.77
CMD-002842,2025-11-11,Pneus & Mécanique Pro,SEN-033632,Capteur ABS,4,68.9
CMD-002842,2025-11-11,Carrosserie Moderne,BRK-038699,Jeu plaquettes AV,8,92.39
CMD-002842,2025-11-11,Garage Tremblay,SPK-043295,Bougie allumage iridium,6,13.79
CMD-002843,2025-11-27,Garage du Centre,ROT-015403,Disque de frein ventilé,6,107.88
CMD-002843,2025-11-27,Garage Tremblay,EXH-007271,Silencieux échappement,1,390.56
CMD-002843,2025-11-27,Mécanique Rapide Inc.,ALT-007061,Alternateur 12V 140A,6,289.42
CMD-002843,2025-11-27,Mécanique Rapide Inc.,SPK-031992,Bougie allumage iridium,5,20.18
CMD-002844,2026-06-10,Garage Royal,ROT-006864,Disque de frein ventilé,3,105.15
CMD-002845,2026-06-13,Carrosserie Moderne,FLT-031402,Filtre à air moteur,1,26.67
CMD-002846,2026-07-12,Auto-Réparation ABC,ROT-006864,Disque de frein ventilé,8,105.15
CMD-002846,2026-07-12,Garage du Centre,FUS-028100,Boîte fusibles relais,3,17.6
CMD-002846,2026-07-12,Mécanique Rapide Inc.,ROT-015403,Disque de frein ventilé,8,107.88
CMD-002846,2026-07-12,Garage Royal,SPK-025943,Bougie allumage iridium,8,22.81
CMD-002846,2026-07-12,Centre Auto Plus,BLB-028682,Ampoule LED H7,2,36.03
CMD-002847,2026-07-16,Pneus & Mécanique Pro,ALT-001778,Alternateur 12V 140A,7,242.99
CMD-002847,2026-07-16,Auto-Réparation ABC,BMP-048102,Pare-chocs AV primaire,7,212.63
CMD-002848,2026-03-15,Garage du Centre,FUS-028100,Boîte fusibles relais,4,17.6
CMD-002848,2026-03-15,Garage du Centre,ROT-015403,Disque de frein ventilé,3,107.88
CMD-002848,2026-03-15,Pneus & Mécanique Pro,BRK-017720,Jeu plaquettes AV,6,85.77
CMD-002848,2026-03-15,Auto Clinic,ROT-001967,Disque de frein ventilé,7,82.24
CMD-002848,2026-03-15,Atelier Mécanique 360,SPK-043295,Bougie allumage iridium,2,13.79
CMD-002849,2025-11-24,Garage du Centre,FLT-011683,Filtre à air moteur,5,37.71
CMD-002849,2025-11-24,Mécanique Rapide Inc.,ALT-040335,Alternateur 12V 140A,3,368.08
CMD-002849,2025-11-24,Pneus & Mécanique Pro,BRK-032885,Jeu plaquettes AV,5,54.07
CMD-002850,2026-01-15,Centre Auto Plus,ROT-015403,Disque de frein ventilé,2,107.88
CMD-002850,2026-01-15,Atelier Mécanique 360,SPK-032001,Bougie allumage iridium,1,18.07
CMD-002850,2026-01-15,Atelier Mécanique 360,ALT-001778,Alternateur 12V 140A,8,242.99
CMD-002851,2025-10-28,Atelier Mécanique 360,FUS-028100,Boîte fusibles relais,8,17.6
CMD-002851,2025-10-28,Auto-Réparation ABC,SEN-004309,Capteur ABS,5,41.19
CMD-002851,2025-10-28,Mécanique Rapide Inc.,ALT-008600,Alternateur 12V 140A,5,411.15
CMD-002851,2025-10-28,Garage du Centre,FLT-009287,Filtre à air moteur,1,36.05
CMD-002851,2025-10-28,Centre Auto Plus,FLT-031402,Filtre à air moteur,2,26.67
CMD-002852,2026-09-02,Garage Royal,FUS-025154,Boîte fusibles relais,6,23.1
CMD-002853,2025-09-10,Garage Tremblay,ROT-015403,Disque de frein ventilé,3,107.88
CMD-002853,2025-09-10,Atelier Mécanique 360,BRK-008094,Jeu plaquettes AV,5,95.24
CMD-002853,2025-09-10,Carrosserie Moderne,FUS-028100,Boîte fusibles relais,2,17.6
CMD-002854,2026-02-22,Garage Royal,FUS-028100,Boîte fusibles relais,7,17.6
CMD-002854,2026-02-22,Carrosserie Moderne,ALT-008600,Alternateur 12V 140A,3,411.15
CMD-002854,2026-02-22,Pneus & Mécanique Pro,SEN-004309,Capteur ABS,1,41.19
CMD-002854,2026-02-22,Garage du Centre,FLT-009287,Filtre à air moteur,5,36.05
CMD-002854,2026-02-22,Centre Auto Plus,ROT-018669,Disque de frein ventilé,2,124.93
CMD-002855,2025-10-12,Garage du Centre,FLT-031402,Filtre à air moteur,1,26.67
CMD-002855,2025-10-12,Pneus & Mécanique Pro,ROT-018669,Disque de frein ventilé,2,124.93
CMD-002855,2025-10-12,Auto Clinic,FLT-009287,Filtre à air moteur,4,36.05
CMD-002855,2025-10-12,Garage du Centre,FUS-028100,Boîte fusibles relais,1,17.6
CMD-002856,2026-06-02,Garage Tremblay,ALT-001778,Alternateur 12V 140A,6,242.99
CMD-002856,2026-06-02,Centre Auto Plus,SEN-002690,Capteur ABS,8,49.02
CMD-002856,2026-06-02,Garage du Centre,BRK-013237,Jeu plaquettes AV,1,53.16
CMD-002856,2026-06-02,Garage du Centre,ALT-007205,Alternateur 12V 140A,2,250.82
CMD-002857,2026-05-16,Garage du Centre,ROT-047623,Disque de frein ventilé,8,191.56
CMD-002857,2026-05-16,Garage Royal,SEN-003185,Capteur ABS,6,59.42
CMD-002857,2026-05-16,Garage Tremblay,BMP-006087,Pare-chocs AV primaire,2,519.77
CMD-002857,2026-05-16,Garage Royal,FLT-040963,Filtre à air moteur,3,23.2
CMD-002857,2026-05-16,Carrosserie Moderne,SEN-026048,Capteur ABS,1,61.18
CMD-002858,2026-03-22,Auto Clinic,FUS-028100,Boîte fusibles relais,6,17.6
CMD-002858,2026-03-22,Carrosserie Moderne,FLT-031402,Filtre à air moteur,3,26.67
CMD-002858,2026-03-22,Garage Royal,FLT-009287,Filtre à air moteur,6,36.05
CMD-002858,2026-03-22,Auto Clinic,ROT-018669,Disque de frein ventilé,6,124.93
CMD-002859,2025-11-14,Atelier Mécanique 360,RAD-025660,Radiateur refroidissement,4,165.29
CMD-002859,2025-11-14,Garage Tremblay,FUS-005948,Boîte fusibles relais,8,21.5
CMD-002859,2025-11-14,Auto-Réparation ABC,SPK-044783,Bougie allumage iridium,8,24.23
CMD-002859,2025-11-14,Garage Tremblay,SPK-042345,Bougie allumage iridium,5,19.89
CMD-002860,2026-07-13,Carrosserie Moderne,BMP-028097,Pare-chocs AV primaire,5,523.46
CMD-002861,2026-04-09,Carrosserie Moderne,SEN-006021,Capteur ABS,7,31.48
CMD-002861,2026-04-09,Garage Tremblay,FLT-011683,Filtre à air moteur,6,37.71
CMD-002861,2026-04-09,Garage Tremblay,ALT-001778,Alternateur 12V 140A,6,242.99
CMD-002861,2026-04-09,Garage Royal,SEN-043446,Capteur ABS,3,71.18
CMD-002861,2026-04-09,Mécanique Rapide Inc.,ROT-015403,Disque de frein ventilé,2,107.88
CMD-002862,2026-01-03,Garage Royal,BLB-037992,Ampoule LED H7,1,27.13
CMD-002862,2026-01-03,Mécanique Rapide Inc.,STR-047020,Jambe de force suspension,1,143.22
CMD-002862,2026-01-03,Pneus & Mécanique Pro,FLT-044878,Filtre à air moteur,4,36.42
CMD-002863,2026-05-31,Garage du Centre,BRK-017720,Jeu plaquettes AV,6,85.77
CMD-002863,2026-05-31,Atelier Mécanique 360,FLT-015733,Filtre à air moteur,3,33.71
CMD-002863,2026-05-31,Mécanique Rapide Inc.,FLT-043239,Filtre à air moteur,8,27.52
CMD-002863,2026-05-31,Auto Clinic,SEN-006021,Capteur ABS,8,31.48
CMD-002864,2026-04-11,Mécanique Rapide Inc.,FUS-028100,Boîte fusibles relais,5,17.6
CMD-002864,2026-04-11,Garage Royal,ALT-008600,Alternateur 12V 140A,3,411.15
CMD-002865,2026-06-19,Pneus & Mécanique Pro,FUS-028100,Boîte fusibles relais,3,17.6
CMD-002865,2026-06-19,Centre Auto Plus,BLB-020402,Ampoule LED H7,3,19.04
CMD-002865,2026-06-19,Garage Tremblay,BLB-037992,Ampoule LED H7,3,27.13
CMD-002866,2026-02-04,Garage Tremblay,ALT-010069,Alternateur 12V 140A,2,284.46
CMD-002866,2026-02-04,Garage Royal,EXH-033547,Silencieux échappement,4,322.76
CMD-002866,2026-02-04,Auto Clinic,BRK-005234,Jeu plaquettes AV,3,96.79
CMD-002866,2026-02-04,Atelier Mécanique 360,STR-031193,Jambe de force suspension,7,214.77
CMD-002866,2026-02-04,Carrosserie Moderne,ALT-049926,Alternateur 12V 140A,7,306.59
CMD-002867,2026-07-20,Mécanique Rapide Inc.,SEN-015192,Capteur ABS,6,38.69
CMD-002867,2026-07-20,Centre Auto Plus,ALT-046126,Alternateur 12V 140A,3,421.09
CMD-002868,2026-03-04,Auto Clinic,FUS-025154,Boîte fusibles relais,5,23.1
CMD-002868,2026-03-04,Mécanique Rapide Inc.,ALT-002471,Alternateur 12V 140A,8,269.92
CMD-002868,2026-03-04,Auto Clinic,BRK-020584,Jeu plaquettes AV,8,57.06
CMD-002868,2026-03-04,Garage Royal,RAD-011217,Radiateur refroidissement,4,217.88
CMD-002869,2026-07-22,Garage Tremblay,FLT-010048,Filtre à air moteur,4,32.49
CMD-002869,2026-07-22,Garage Tremblay,BRK-047004,Jeu plaquettes AV,4,91.9
CMD-002869,2026-07-22,Garage du Centre,FLT-015733,Filtre à air moteur,7,33.71
CMD-002869,2026-07-22,Auto-Réparation ABC,FLT-026629,Filtre à air moteur,8,21.34
CMD-002869,2026-07-22,Centre Auto Plus,BLB-043006,Ampoule LED H7,1,29.61
CMD-002870,2026-01-05,Pneus & Mécanique Pro,FUS-025154,Boîte fusibles relais,8,23.1
CMD-002871,2026-08-02,Auto Clinic,ROT-034722,Disque de frein ventilé,6,168.29
CMD-002871,2026-08-02,Auto Clinic,ALT-015059,Alternateur 12V 140A,5,396.5
CMD-002871,2026-08-02,Centre Auto Plus,BRK-017720,Jeu plaquettes AV,4,85.77
CMD-002872,2026-03-03,Garage du Centre,SPK-025943,Bougie allumage iridium,6,22.81
CMD-002873,2026-04-12,Pneus & Mécanique Pro,RAD-008323,Radiateur refroidissement,8,225.29
CMD-002873,2026-04-12,Garage du Centre,ROT-015403,Disque de frein ventilé,7,107.88
CMD-002873,2026-04-12,Garage du Centre,ALT-001778,Alternateur 12V 140A,8,242.99
CMD-002873,2026-04-12,Mécanique Rapide Inc.,SPK-032001,Bougie allumage iridium,8,18.07
CMD-002874,2025-11-29,Mécanique Rapide Inc.,BRK-044381,Jeu plaquettes AV,3,48.66
CMD-002874,2025-11-29,Auto-Réparation ABC,FUS-003395,Boîte fusibles relais,8,17.5
CMD-002874,2025-11-29,Garage du Centre,FLT-010535,Filtre à air moteur,2,15.65
CMD-002875,2026-07-17,Atelier Mécanique 360,EXH-049698,Silencieux échappement,5,345.09
CMD-002875,2026-07-17,Carrosserie Moderne,ALT-002471,Alternateur 12V 140A,3,269.92
CMD-002875,2026-07-17,Pneus & Mécanique Pro,BRK-020584,Jeu plaquettes AV,2,57.06
CMD-002875,2026-07-17,Atelier Mécanique 360,FUS-025154,Boîte fusibles relais,6,23.1
CMD-002875,2026-07-17,Garage du Centre,RAD-011217,Radiateur refroidissement,3,217.88
CMD-002876,2026-05-27,Garage du Centre,FLT-026629,Filtre à air moteur,6,21.34
CMD-002876,2026-05-27,Mécanique Rapide Inc.,BRK-047004,Jeu plaquettes AV,7,91.9
CMD-002876,2026-05-27,Centre Auto Plus,BLB-043006,Ampoule LED H7,8,29.61
CMD-002877,2025-11-29,Mécanique Rapide Inc.,ROT-015403,Disque de frein ventilé,8,107.88
CMD-002877,2025-11-29,Garage Royal,FLT-026010,Filtre à air moteur,4,32.68
CMD-002878,2026-01-25,Auto Clinic,BLB-037992,Ampoule LED H7,1,27.13
CMD-002878,2026-01-25,Garage du Centre,BRK-039296,Jeu plaquettes AV,6,70.01
CMD-002878,2026-01-25,Carrosserie Moderne,RAD-049573,Radiateur refroidissement,2,215.12
CMD-002878,2026-01-25,Garage Royal,FLT-044878,Filtre à air moteur,6,36.42
CMD-002878,2026-01-25,Garage Royal,STR-047020,Jambe de force suspension,2,143.22
CMD-002879,2026-07-30,Auto-Réparation ABC,ROT-015403,Disque de frein ventilé,4,107.88
CMD-002879,2026-07-30,Centre Auto Plus,BRK-017720,Jeu plaquettes AV,3,85.77
CMD-002879,2026-07-30,Pneus & Mécanique Pro,EXH-002023,Silencieux échappement,2,218.66
CMD-002879,2026-07-30,Mécanique Rapide Inc.,FLT-011683,Filtre à air moteur,4,37.71
CMD-002880,2025-11-13,Centre Auto Plus,SPK-043767,Bougie allumage iridium,2,15.6
CMD-002881,2025-12-27,Garage Royal,ROT-006864,Disque de frein ventilé,5,105.15
CMD-002881,2025-12-27,Centre Auto Plus,FUS-016622,Boîte fusibles relais,8,18.49
CMD-002881,2025-12-27,Mécanique Rapide Inc.,BLB-040946,Ampoule LED H7,3,29.33
CMD-002882,2025-10-14,Garage Tremblay,ROT-015403,Disque de frein ventilé,5,107.88
CMD-002882,2025-10-14,Carrosserie Moderne,EXH-007271,Silencieux échappement,4,390.56
CMD-002882,2025-10-14,Centre Auto Plus,SPK-031992,Bougie allumage iridium,5,20.18
CMD-002883,2026-05-07,Auto-Réparation ABC,STR-023248,Jambe de force suspension,5,244.06
CMD-002883,2026-05-07,Carrosserie Moderne,BMP-019552,Pare-chocs AV primaire,8,368.75
CMD-002884,2026-02-06,Garage Tremblay,SPK-047981,Bougie allumage iridium,5,24.04
CMD-002884,2026-02-06,Atelier Mécanique 360,BRK-003411,Jeu plaquettes AV,4,78.75
CMD-002885,2026-06-18,Carrosserie Moderne,FUS-028100,Boîte fusibles relais,2,17.6
CMD-002885,2026-06-18,Garage Tremblay,FLT-031402,Filtre à air moteur,2,26.67
CMD-002885,2026-06-18,Garage Royal,ALT-008600,Alternateur 12V 140A,1,411.15
CMD-002886,2025-10-09,Garage Tremblay,RAD-038113,Radiateur refroidissement,8,210.9
CMD-002886,2025-10-09,Auto Clinic,BRK-036956,Jeu plaquettes AV,1,85.25
CMD-002886,2025-10-09,Garage Tremblay,ALT-001778,Alternateur 12V 140A,8,242.99
CMD-002886,2025-10-09,Garage du Centre,ROT-015403,Disque de frein ventilé,7,107.88
CMD-002886,2025-10-09,Auto Clinic,FUS-028100,Boîte fusibles relais,6,17.6
CMD-002887,2026-08-29,Centre Auto Plus,FLT-031402,Filtre à air moteur,4,26.67
CMD-002887,2026-08-29,Mécanique Rapide Inc.,SPK-034162,Bougie allumage iridium,7,15.54
CMD-002887,2026-08-29,Mécanique Rapide Inc.,ROT-043334,Disque de frein ventilé,1,133.36
CMD-002887,2026-08-29,Garage du Centre,BRK-039296,Jeu plaquettes AV,6,70.01
CMD-002887,2026-08-29,Atelier Mécanique 360,ROT-015403,Disque de frein ventilé,1,107.88
CMD-002888,2026-05-26,Atelier Mécanique 360,ROT-015403,Disque de frein ventilé,4,107.88
CMD-002888,2026-05-26,Carrosserie Moderne,ALT-001778,Alternateur 12V 140A,3,242.99
CMD-002889,2025-11-04,Auto-Réparation ABC,ROT-015403,Disque de frein ventilé,4,107.88
CMD-002889,2025-11-04,Carrosserie Moderne,FUS-025154,Boîte fusibles relais,8,23.1
CMD-002889,2025-11-04,Mécanique Rapide Inc.,FUS-028100,Boîte fusibles relais,7,17.6
CMD-002889,2025-11-04,Atelier Mécanique 360,ROT-036267,Disque de frein ventilé,8,107.69
CMD-002889,2025-11-04,Mécanique Rapide Inc.,FUS-026474,Boîte fusibles relais,3,18.89
CMD-002890,2025-10-06,Auto-Réparation ABC,ROT-015403,Disque de frein ventilé,4,107.88
CMD-002891,2026-02-19,Auto-Réparation ABC,BMP-018500,Pare-chocs AV primaire,6,451.96
CMD-002891,2026-02-19,Carrosserie Moderne,SEN-006132,Capteur ABS,5,40.66
CMD-002891,2026-02-19,Auto-Réparation ABC,ROT-001359,Disque de frein ventilé,3,180.58
CMD-002891,2026-02-19,Mécanique Rapide Inc.,FUS-026474,Boîte fusibles relais,7,18.89
CMD-002892,2026-06-13,Garage du Centre,SEN-006021,Capteur ABS,6,31.48
CMD-002893,2025-11-10,Garage Royal,BLB-037992,Ampoule LED H7,2,27.13
CMD-002893,2025-11-10,Pneus & Mécanique Pro,FLT-044878,Filtre à air moteur,3,36.42
CMD-002893,2025-11-10,Auto Clinic,STR-047020,Jambe de force suspension,1,143.22
CMD-002894,2025-11-28,Pneus & Mécanique Pro,EXH-033547,Silencieux échappement,6,322.76
CMD-002895,2025-09-06,Atelier Mécanique 360,BRK-036956,Jeu plaquettes AV,6,85.25
CMD-002895,2025-09-06,Atelier Mécanique 360,SPK-025943,Bougie allumage iridium,2,22.81
CMD-002895,2025-09-06,Carrosserie Moderne,RAD-038113,Radiateur refroidissement,4,210.9
CMD-002896,2026-04-17,Mécanique Rapide Inc.,BRK-044381,Jeu plaquettes AV,8,48.66
CMD-002896,2026-04-17,Carrosserie Moderne,FUS-028100,Boîte fusibles relais,8,17.6
CMD-002896,2026-04-17,Atelier Mécanique 360,BLB-037992,Ampoule LED H7,6,27.13
CMD-002896,2026-04-17,Auto-Réparation ABC,ROT-015403,Disque de frein ventilé,5,107.88
CMD-002897,2025-12-21,Carrosserie Moderne,FUS-028100,Boîte fusibles relais,7,17.6
CMD-002897,2025-12-21,Centre Auto Plus,ALT-008600,Alternateur 12V 140A,6,411.15
CMD-002897,2025-12-21,Carrosserie Moderne,ROT-018669,Disque de frein ventilé,8,124.93
CMD-002897,2025-12-21,Auto Clinic,FLT-031402,Filtre à air moteur,1,26.67
CMD-002898,2026-04-20,Garage du Centre,ROT-015403,Disque de frein ventilé,5,107.88
CMD-002898,2026-04-20,Centre Auto Plus,ALT-023526,Alternateur 12V 140A,5,300.63
CMD-002898,2026-04-20,Atelier Mécanique 360,ROT-002797,Disque de frein ventilé,1,141.62
CMD-002899,2026-04-02,Auto-Réparation ABC,FUS-028100,Boîte fusibles relais,1,17.6
CMD-002899,2026-04-02,Carrosserie Moderne,SEN-004309,Capteur ABS,7,41.19
CMD-002899,2026-04-02,Auto-Réparation ABC,ALT-008600,Alternateur 12V 140A,6,411.15
CMD-002899,2026-04-02,Atelier Mécanique 360,FLT-009287,Filtre à air moteur,2,36.05
CMD-002900,2026-06-22,Centre Auto Plus,FUS-025154,Boîte fusibles relais,8,23.1
CMD-002901,2026-03-29,Garage Tremblay,ALT-033658,Alternateur 12V 140A,2,254.43
CMD-002901,2026-03-29,Auto Clinic,EXH-006384,Silencieux échappement,2,357.03
CMD-002901,2026-03-29,Centre Auto Plus,ALT-027632,Alternateur 12V 140A,6,313.91
CMD-002901,2026-03-29,Auto Clinic,EXH-047688,Silencieux échappement,8,255.52
CMD-002901,2026-03-29,Garage Royal,ROT-015638,Disque de frein ventilé,3,119.45
CMD-002902,2026-05-21,Garage Tremblay,SPK-043767,Bougie allumage iridium,8,15.6
CMD-002902,2026-05-21,Mécanique Rapide Inc.,BRK-017720,Jeu plaquettes AV,7,85.77
CMD-002902,2026-05-21,Auto-Réparation ABC,ROT-015403,Disque de frein ventilé,1,107.88
CMD-002903,2025-11-03,Auto-Réparation ABC,FUS-028100,Boîte fusibles relais,5,17.6
CMD-002903,2025-11-03,Garage Tremblay,FUS-041719,Boîte fusibles relais,6,14.8
CMD-002904,2026-07-26,Pneus & Mécanique Pro,ALT-001778,Alternateur 12V 140A,4,242.99
CMD-002904,2026-07-26,Auto-Réparation ABC,BRK-013237,Jeu plaquettes AV,6,53.16
CMD-002905,2026-01-14,Auto-Réparation ABC,FUS-028100,Boîte fusibles relais,6,17.6
CMD-002906,2026-07-31,Pneus & Mécanique Pro,BRK-017720,Jeu plaquettes AV,5,85.77
CMD-002906,2026-07-31,Carrosserie Moderne,FUS-005948,Boîte fusibles relais,1,21.5
CMD-002906,2026-07-31,Auto-Réparation ABC,ALT-041787,Alternateur 12V 140A,8,213.22
CMD-002907,2025-10-12,Auto-Réparation ABC,FLT-040963,Filtre à air moteur,1,23.2
CMD-002907,2025-10-12,Mécanique Rapide Inc.,SEN-026048,Capteur ABS,6,61.18
CMD-002907,2025-10-12,Garage Tremblay,ROT-047623,Disque de frein ventilé,5,191.56
CMD-002907,2025-10-12,Auto Clinic,STR-037922,Jambe de force suspension,4,181.79
CMD-002908,2026-04-16,Auto Clinic,FUS-028100,Boîte fusibles relais,1,17.6
CMD-002908,2026-04-16,Garage Tremblay,FLT-031402,Filtre à air moteur,7,26.67
CMD-002908,2026-04-16,Garage du Centre,SEN-004309,Capteur ABS,2,41.19
CMD-002908,2026-04-16,Atelier Mécanique 360,ALT-008600,Alternateur 12V 140A,1,411.15
CMD-002909,2026-04-06,Atelier Mécanique 360,SEN-006586,Capteur ABS,1,39.57
CMD-002909,2026-04-06,Pneus & Mécanique Pro,ROT-017022,Disque de frein ventilé,7,145.87
CMD-002909,2026-04-06,Atelier Mécanique 360,BRK-024683,Jeu plaquettes AV,7,107.39
CMD-002909,2026-04-06,Centre Auto Plus,ALT-000386,Alternateur 12V 140A,1,227.9
CMD-002909,2026-04-06,Centre Auto Plus,BRK-024935,Jeu plaquettes AV,2,109.95
CMD-002910,2025-11-23,Centre Auto Plus,FUS-028100,Boîte fusibles relais,7,17.6
CMD-002910,2025-11-23,Atelier Mécanique 360,FUS-025154,Boîte fusibles relais,4,23.1
CMD-002910,2025-11-23,Centre Auto Plus,ALT-041787,Alternateur 12V 140A,6,213.22
CMD-002911,2025-11-11,Centre Auto Plus,BRK-047004,Jeu plaquettes AV,5,91.9
CMD-002911,2025-11-11,Garage du Centre,BRK-032885,Jeu plaquettes AV,4,54.07
CMD-002912,2026-05-28,Centre Auto Plus,FUS-025154,Boîte fusibles relais,1,23.1
CMD-002913,2025-09-19,Atelier Mécanique 360,ROT-015403,Disque de frein ventilé,2,107.88
CMD-002914,2026-03-01,Mécanique Rapide Inc.,ROT-015403,Disque de frein ventilé,3,107.88
CMD-002914,2026-03-01,Auto-Réparation ABC,EXH-007271,Silencieux échappement,2,390.56
CMD-002914,2026-03-01,Atelier Mécanique 360,ROT-007220,Disque de frein ventilé,8,116.26
CMD-002914,2026-03-01,Carrosserie Moderne,SPK-031992,Bougie allumage iridium,3,20.18
CMD-002915,2026-08-04,Mécanique Rapide Inc.,ROT-001359,Disque de frein ventilé,3,180.58
CMD-002916,2025-12-01,Centre Auto Plus,ROT-015403,Disque de frein ventilé,3,107.88
CMD-002916,2025-12-01,Auto-Réparation ABC,ROT-007220,Disque de frein ventilé,7,116.26
CMD-002916,2025-12-01,Auto Clinic,EXH-007271,Silencieux échappement,2,390.56
CMD-002917,2026-06-06,Auto-Réparation ABC,ROT-015403,Disque de frein ventilé,3,107.88
CMD-002917,2026-06-06,Carrosserie Moderne,SPK-031992,Bougie allumage iridium,7,20.18
CMD-002917,2026-06-06,Auto-Réparation ABC,FLT-026010,Filtre à air moteur,7,32.68
CMD-002918,2026-06-20,Garage du Centre,FLT-011683,Filtre à air moteur,6,37.71
CMD-002918,2026-06-20,Mécanique Rapide Inc.,FUS-041719,Boîte fusibles relais,7,14.8
CMD-002918,2026-06-20,Garage Tremblay,BRK-042035,Jeu plaquettes AV,5,57.16
CMD-002918,2026-06-20,Carrosserie Moderne,BRK-043609,Jeu plaquettes AV,7,47.15
CMD-002919,2026-04-10,Auto-Réparation ABC,FLT-005484,Filtre à air moteur,1,34.9
CMD-002920,2026-08-31,Carrosserie Moderne,ALT-001778,Alternateur 12V 140A,1,242.99
CMD-002920,2026-08-31,Garage Tremblay,BRK-013237,Jeu plaquettes AV,3,53.16
CMD-002921,2026-07-26,Atelier Mécanique 360,BMP-037287,Pare-chocs AV primaire,3,323.55
CMD-002921,2026-07-26,Garage du Centre,FUS-025154,Boîte fusibles relais,8,23.1
CMD-002921,2026-07-26,Carrosserie Moderne,ROT-015403,Disque de frein ventilé,6,107.88
CMD-002921,2026-07-26,Garage Tremblay,ALT-001778,Alternateur 12V 140A,1,242.99
CMD-002921,2026-07-26,Atelier Mécanique 360,ALT-037590,Alternateur 12V 140A,5,461.54
CMD-002922,2026-01-05,Garage Tremblay,FUS-025154,Boîte fusibles relais,5,23.1
CMD-002922,2026-01-05,Auto-Réparation ABC,FLT-011683,Filtre à air moteur,4,37.71
CMD-002922,2026-01-05,Garage du Centre,ROT-014715,Disque de frein ventilé,3,133.08
CMD-002922,2026-01-05,Mécanique Rapide Inc.,ROT-015403,Disque de frein ventilé,4,107.88
CMD-002923,2026-07-10,Mécanique Rapide Inc.,ROT-015403,Disque de frein ventilé,6,107.88
CMD-002923,2026-07-10,Carrosserie Moderne,ROT-007220,Disque de frein ventilé,1,116.26
CMD-002923,2026-07-10,Garage du Centre,SPK-031992,Bougie allumage iridium,3,20.18
CMD-002923,2026-07-10,Pneus & Mécanique Pro,FLT-026010,Filtre à air moteur,5,32.68
CMD-002924,2026-03-02,Centre Auto Plus,ROT-015403,Disque de frein ventilé,4,107.88
CMD-002924,2026-03-02,Carrosserie Moderne,ALT-007061,Alternateur 12V 140A,4,289.42
CMD-002925,2026-08-20,Centre Auto Plus,ROT-015403,Disque de frein ventilé,5,107.88
CMD-002925,2026-08-20,Garage Tremblay,EXH-007271,Silencieux échappement,4,390.56
CMD-002925,2026-08-20,Centre Auto Plus,ROT-007220,Disque de frein ventilé,2,116.26
CMD-002926,2026-07-01,Garage Tremblay,FUS-028100,Boîte fusibles relais,2,17.6
CMD-002926,2026-07-01,Garage Tremblay,SEN-004309,Capteur ABS,6,41.19
CMD-002926,2026-07-01,Centre Auto Plus,FLT-031402,Filtre à air moteur,1,26.67
CMD-002926,2026-07-01,Pneus & Mécanique Pro,ALT-008600,Alternateur 12V 140A,4,411.15
CMD-002927,2026-02-25,Garage Royal,FUS-016622,Boîte fusibles relais,1,18.49
CMD-002927,2026-02-25,Garage Royal,ROT-015403,Disque de frein ventilé,2,107.88
CMD-002928,2025-11-03,Garage Royal,BRK-047004,Jeu plaquettes AV,6,91.9
CMD-002928,2025-11-03,Auto Clinic,FLT-010048,Filtre à air moteur,7,32.49
CMD-002928,2025-11-03,Pneus & Mécanique Pro,BMP-031963,Pare-chocs AV primaire,2,274.27
CMD-002928,2025-11-03,Garage Royal,BLB-043006,Ampoule LED H7,2,29.61
CMD-002929,2025-11-27,Auto-Réparation ABC,FUS-025154,Boîte fusibles relais,5,23.1
CMD-002929,2025-11-27,Pneus & Mécanique Pro,FUS-026474,Boîte fusibles relais,4,18.89
CMD-002929,2025-11-27,Garage du Centre,EXH-034377,Silencieux échappement,8,268.92
CMD-002929,2025-11-27,Pneus & Mécanique Pro,ALT-001778,Alternateur 12V 140A,3,242.99
CMD-002930,2025-12-15,Auto-Réparation ABC,FUS-028100,Boîte fusibles relais,2,17.6
CMD-002930,2025-12-15,Garage du Centre,BLB-037992,Ampoule LED H7,6,27.13
CMD-002931,2026-04-11,Carrosserie Moderne,ROT-015403,Disque de frein ventilé,2,107.88
CMD-002931,2026-04-11,Auto-Réparation ABC,ALT-007061,Alternateur 12V 140A,1,289.42
CMD-002931,2026-04-11,Garage du Centre,EXH-007271,Silencieux échappement,4,390.56
CMD-002931,2026-04-11,Mécanique Rapide Inc.,ROT-007220,Disque de frein ventilé,8,116.26
CMD-002931,2026-04-11,Carrosserie Moderne,FLT-026010,Filtre à air moteur,7,32.68
CMD-002932,2025-12-09,Garage du Centre,FUS-025154,Boîte fusibles relais,3,23.1
CMD-002932,2025-12-09,Auto Clinic,ALT-002471,Alternateur 12V 140A,4,269.92
CMD-002932,2025-12-09,Mécanique Rapide Inc.,EXH-049698,Silencieux échappement,5,345.09
CMD-002932,2025-12-09,Auto-Réparation ABC,RAD-011217,Radiateur refroidissement,8,217.88
CMD-002933,2025-10-10,Auto Clinic,ROT-015403,Disque de frein ventilé,3,107.88
CMD-002933,2025-10-10,Pneus & Mécanique Pro,SPK-031992,Bougie allumage iridium,5,20.18
CMD-002933,2025-10-10,Garage Royal,FLT-026010,Filtre à air moteur,5,32.68
CMD-002933,2025-10-10,Centre Auto Plus,ALT-007061,Alternateur 12V 140A,4,289.42
CMD-002933,2025-10-10,Garage Royal,ROT-007220,Disque de frein ventilé,1,116.26
CMD-002934,2026-05-22,Mécanique Rapide Inc.,FUS-025154,Boîte fusibles relais,8,23.1
CMD-002934,2026-05-22,Centre Auto Plus,ALT-002471,Alternateur 12V 140A,2,269.92
CMD-002934,2026-05-22,Atelier Mécanique 360,RAD-035768,Radiateur refroidissement,4,177.87
CMD-002934,2026-05-22,Atelier Mécanique 360,RAD-011217,Radiateur refroidissement,6,217.88
CMD-002935,2025-09-26,Auto Clinic,ALT-027632,Alternateur 12V 140A,8,313.91
CMD-002935,2025-09-26,Garage Royal,BRK-017720,Jeu plaquettes AV,2,85.77
CMD-002935,2025-09-26,Pneus & Mécanique Pro,ROT-021710,Disque de frein ventilé,8,128.69
CMD-002935,2025-09-26,Auto Clinic,FUS-025154,Boîte fusibles relais,5,23.1
CMD-002935,2025-09-26,Atelier Mécanique 360,SEN-003185,Capteur ABS,5,59.42
CMD-002936,2025-09-05,Mécanique Rapide Inc.,FUS-041719,Boîte fusibles relais,7,14.8
CMD-002936,2025-09-05,Garage Royal,BRK-032885,Jeu plaquettes AV,6,54.07
CMD-002936,2025-09-05,Auto-Réparation ABC,FLT-011683,Filtre à air moteur,4,37.71
CMD-002937,2026-03-13,Pneus & Mécanique Pro,ROT-015403,Disque de frein ventilé,5,107.88
CMD-002937,2026-03-13,Garage du Centre,ALT-007061,Alternateur 12V 140A,5,289.42
CMD-002937,2026-03-13,Atelier Mécanique 360,EXH-007271,Silencieux échappement,1,390.56
CMD-002937,2026-03-13,Pneus & Mécanique Pro,ROT-007220,Disque de frein ventilé,4,116.26
CMD-002938,2026-05-11,Centre Auto Plus,ALT-001778,Alternateur 12V 140A,7,242.99
CMD-002939,2026-04-03,Centre Auto Plus,RAD-042341,Radiateur refroidissement,2,227.46
CMD-002939,2026-04-03,Carrosserie Moderne,FUS-028100,Boîte fusibles relais,5,17.6
CMD-002939,2026-04-03,Carrosserie Moderne,SEN-003185,Capteur ABS,1,59.42
CMD-002940,2026-01-18,Mécanique Rapide Inc.,ALT-001778,Alternateur 12V 140A,6,242.99
CMD-002940,2026-01-18,Mécanique Rapide Inc.,ALT-002471,Alternateur 12V 140A,4,269.92
CMD-002940,2026-01-18,Garage Royal,SEN-006021,Capteur ABS,5,31.48
CMD-002940,2026-01-18,Auto Clinic,STR-023248,Jambe de force suspension,5,244.06
CMD-002940,2026-01-18,Carrosserie Moderne,ROT-015403,Disque de frein ventilé,5,107.88
CMD-002941,2025-11-25,Centre Auto Plus,SPK-032001,Bougie allumage iridium,1,18.07
CMD-002942,2025-11-10,Pneus & Mécanique Pro,ALT-001778,Alternateur 12V 140A,5,242.99
CMD-002942,2025-11-10,Pneus & Mécanique Pro,FUS-025154,Boîte fusibles relais,1,23.1
CMD-002942,2025-11-10,Carrosserie Moderne,RAD-008323,Radiateur refroidissement,2,225.29
CMD-002942,2025-11-10,Garage Tremblay,FLT-043239,Filtre à air moteur,5,27.52
CMD-002943,2025-11-14,Auto Clinic,EXH-033547,Silencieux échappement,6,322.76
CMD-002943,2025-11-14,Carrosserie Moderne,BLB-030464,Ampoule LED H7,2,31.77
CMD-002943,2025-11-14,Atelier Mécanique 360,ALT-010069,Alternateur 12V 140A,6,284.46
CMD-002943,2025-11-14,Atelier Mécanique 360,BRK-005234,Jeu plaquettes AV,3,96.79
CMD-002944,2026-02-10,Pneus & Mécanique Pro,FUS-004135,Boîte fusibles relais,4,14.53
CMD-002944,2026-02-10,Mécanique Rapide Inc.,FLT-017690,Filtre à air moteur,4,23.9
CMD-002944,2026-02-10,Mécanique Rapide Inc.,SEN-020721,Capteur ABS,3,59.04
CMD-002945,2026-01-01,Auto Clinic,ROT-015403,Disque de frein ventilé,1,107.88
CMD-002945,2026-01-01,Mécanique Rapide Inc.,ALT-007061,Alternateur 12V 140A,8,289.42
CMD-002945,2026-01-01,Auto-Réparation ABC,ROT-007220,Disque de frein ventilé,6,116.26
CMD-002945,2026-01-01,Carrosserie Moderne,EXH-007271,Silencieux échappement,1,390.56
CMD-002945,2026-01-01,Atelier Mécanique 360,SPK-031992,Bougie allumage iridium,5,20.18
CMD-002946,2026-04-27,Garage du Centre,ROT-015403,Disque de frein ventilé,8,107.88
CMD-002946,2026-04-27,Garage Tremblay,ALT-007061,Alternateur 12V 140A,2,289.42
CMD-002946,2026-04-27,Mécanique Rapide Inc.,EXH-007271,Silencieux échappement,6,390.56
CMD-002946,2026-04-27,Carrosserie Moderne,FLT-026010,Filtre à air moteur,7,32.68
CMD-002946,2026-04-27,Garage Tremblay,SPK-031992,Bougie allumage iridium,5,20.18
CMD-002947,2026-06-05,Garage Tremblay,FUS-025154,Boîte fusibles relais,2,23.1
CMD-002947,2026-06-05,Auto Clinic,ALT-002471,Alternateur 12V 140A,5,269.92
CMD-002947,2026-06-05,Pneus & Mécanique Pro,RAD-011217,Radiateur refroidissement,8,217.88
CMD-002947,2026-06-05,Garage Royal,EXH-049698,Silencieux échappement,5,345.09
CMD-002947,2026-06-05,Garage du Centre,RAD-035768,Radiateur refroidissement,8,177.87
CMD-002948,2026-06-23,Garage Tremblay,SEN-006021,Capteur ABS,7,31.48
CMD-002948,2026-06-23,Pneus & Mécanique Pro,FUS-021849,Boîte fusibles relais,1,14.18
CMD-002948,2026-06-23,Garage Tremblay,FUS-003395,Boîte fusibles relais,5,17.5
CMD-002949,2025-12-01,Garage Royal,BRK-014503,Jeu plaquettes AV,4,88.03
CMD-002949,2025-12-01,Carrosserie Moderne,SEN-013569,Capteur ABS,4,42.76
CMD-002949,2025-12-01,Mécanique Rapide Inc.,FUS-013874,Boîte fusibles relais,5,19.21
CMD-002950,2026-01-23,Pneus & Mécanique Pro,ROT-015403,Disque de frein ventilé,6,107.88
CMD-002950,2026-01-23,Auto-Réparation ABC,SPK-031992,Bougie allumage iridium,8,20.18
CMD-002950,2026-01-23,Carrosserie Moderne,EXH-007271,Silencieux échappement,7,390.56
CMD-002950,2026-01-23,Garage Tremblay,FLT-026010,Filtre à air moteur,6,32.68
CMD-002951,2025-12-22,Carrosserie Moderne,BLB-020402,Ampoule LED H7,8,19.04
CMD-002951,2025-12-22,Mécanique Rapide Inc.,BRK-042035,Jeu plaquettes AV,2,57.16
CMD-002951,2025-12-22,Garage du Centre,STR-023248,Jambe de force suspension,7,244.06
CMD-002951,2025-12-22,Garage Tremblay,FLT-034378,Filtre à air moteur,5,20.46
CMD-002952,2026-08-24,Mécanique Rapide Inc.,FUS-028100,Boîte fusibles relais,4,17.6
CMD-002952,2026-08-24,Garage Royal,SPK-003219,Bougie allumage iridium,1,16.07
CMD-002952,2026-08-24,Centre Auto Plus,FLT-040963,Filtre à air moteur,3,23.2
CMD-002952,2026-08-24,Auto-Réparation ABC,ALT-010794,Alternateur 12V 140A,6,367.23
CMD-002953,2025-12-14,Auto Clinic,SEN-013569,Capteur ABS,7,42.76
CMD-002953,2025-12-14,Centre Auto Plus,BRK-014503,Jeu plaquettes AV,7,88.03
CMD-002953,2025-12-14,Auto-Réparation ABC,ALT-023526,Alternateur 12V 140A,3,300.63
CMD-002953,2025-12-14,Centre Auto Plus,FUS-013874,Boîte fusibles relais,8,19.21
CMD-002954,2025-09-24,Pneus & Mécanique Pro,ALT-002471,Alternateur 12V 140A,4,269.92
CMD-002954,2025-09-24,Garage Tremblay,RAD-011217,Radiateur refroidissement,8,217.88
CMD-002954,2025-09-24,Garage du Centre,EXH-049698,Silencieux échappement,8,345.09
CMD-002954,2025-09-24,Pneus & Mécanique Pro,FUS-025154,Boîte fusibles relais,1,23.1
CMD-002954,2025-09-24,Garage Royal,BRK-020584,Jeu plaquettes AV,2,57.06
CMD-002955,2026-02-23,Garage Royal,ROT-015403,Disque de frein ventilé,7,107.88
CMD-002955,2026-02-23,Garage du Centre,SPK-031992,Bougie allumage iridium,8,20.18
CMD-002956,2026-04-04,Garage Royal,ALT-036394,Alternateur 12V 140A,3,433.19
CMD-002956,2026-04-04,Garage Tremblay,BRK-006205,Jeu plaquettes AV,2,53.37
CMD-002956,2026-04-04,Auto-Réparation ABC,BRK-040876,Jeu plaquettes AV,7,77.0
CMD-002957,2026-07-03,Auto-Réparation ABC,BLB-034578,Ampoule LED H7,1,41.92
CMD-002957,2026-07-03,Auto-Réparation ABC,BRK-036956,Jeu plaquettes AV,4,85.25
CMD-002957,2026-07-03,Garage Royal,ROT-048335,Disque de frein ventilé,2,168.29
CMD-002957,2026-07-03,Garage du Centre,SEN-043446,Capteur ABS,3,71.18
CMD-002958,2026-06-09,Pneus & Mécanique Pro,ROT-015403,Disque de frein ventilé,7,107.88
CMD-002958,2026-06-09,Garage du Centre,SPK-031992,Bougie allumage iridium,8,20.18
CMD-002958,2026-06-09,Auto-Réparation ABC,EXH-007271,Silencieux échappement,2,390.56
CMD-002958,2026-06-09,Garage Tremblay,ALT-007061,Alternateur 12V 140A,3,289.42
CMD-002958,2026-06-09,Auto-Réparation ABC,ROT-007220,Disque de frein ventilé,6,116.26
CMD-002959,2025-10-04,Centre Auto Plus,FLT-011683,Filtre à air moteur,1,37.71
CMD-002959,2025-10-04,Atelier Mécanique 360,SPK-003219,Bougie allumage iridium,5,16.07
CMD-002959,2025-10-04,Garage du Centre,FLT-043239,Filtre à air moteur,4,27.52
CMD-002960,2026-04-11,Centre Auto Plus,BRK-017720,Jeu plaquettes AV,8,85.77
CMD-002960,2026-04-11,Garage Tremblay,BRK-038699,Jeu plaquettes AV,5,92.39
CMD-002960,2026-04-11,Garage Royal,ALT-015059,Alternateur 12V 140A,1,396.5
CMD-002960,2026-04-11,Atelier Mécanique 360,ROT-034722,Disque de frein ventilé,2,168.29
CMD-002961,2026-05-13,Auto-Réparation ABC,BRK-047004,Jeu plaquettes AV,6,91.9
CMD-002961,2026-05-13,Carrosserie Moderne,EXH-034377,Silencieux échappement,5,268.92
CMD-002961,2026-05-13,Atelier Mécanique 360,ROT-014289,Disque de frein ventilé,2,122.32
CMD-002962,2025-09-20,Carrosserie Moderne,ROT-015403,Disque de frein ventilé,2,107.88
CMD-002962,2025-09-20,Garage Tremblay,EXH-007271,Silencieux échappement,2,390.56
CMD-002962,2025-09-20,Centre Auto Plus,FLT-026010,Filtre à air moteur,2,32.68
CMD-002962,2025-09-20,Centre Auto Plus,ALT-007061,Alternateur 12V 140A,5,289.42
CMD-002962,2025-09-20,Garage Tremblay,SPK-031992,Bougie allumage iridium,5,20.18
CMD-002963,2026-05-21,Garage Royal,FLT-032536,Filtre à air moteur,8,26.71
CMD-002963,2026-05-21,Centre Auto Plus,FUS-028100,Boîte fusibles relais,8,17.6
CMD-002964,2025-11-03,Atelier Mécanique 360,FUS-028100,Boîte fusibles relais,2,17.6
CMD-002964,2025-11-03,Atelier Mécanique 360,ALT-008600,Alternateur 12V 140A,2,411.15
CMD-002965,2026-01-11,Pneus & Mécanique Pro,ALT-002471,Alternateur 12V 140A,6,269.92
CMD-002965,2026-01-11,Garage Royal,EXH-049698,Silencieux échappement,7,345.09
CMD-002965,2026-01-11,Centre Auto Plus,RAD-035768,Radiateur refroidissement,1,177.87
CMD-002965,2026-01-11,Garage du Centre,BRK-020584,Jeu plaquettes AV,5,57.06
CMD-002965,2026-01-11,Pneus & Mécanique Pro,FUS-025154,Boîte fusibles relais,3,23.1
CMD-002966,2025-10-11,Garage du Centre,BRK-024935,Jeu plaquettes AV,3,109.95
CMD-002966,2025-10-11,Auto-Réparation ABC,ALT-000386,Alternateur 12V 140A,8,227.9
CMD-002967,2025-10-14,Pneus & Mécanique Pro,ROT-027668,Disque de frein ventilé,6,139.0
CMD-002967,2025-10-14,Garage Tremblay,ALT-001778,Alternateur 12V 140A,8,242.99
CMD-002967,2025-10-14,Auto Clinic,FLT-032536,Filtre à air moteur,7,26.71
CMD-002967,2025-10-14,Carrosserie Moderne,ALT-043817,Alternateur 12V 140A,7,318.1
CMD-002967,2025-10-14,Garage Tremblay,BLB-037992,Ampoule LED H7,7,27.13
CMD-002968,2025-10-03,Pneus & Mécanique Pro,FUS-028100,Boîte fusibles relais,4,17.6
CMD-002968,2025-10-03,Garage du Centre,FLT-009287,Filtre à air moteur,2,36.05
CMD-002969,2026-03-24,Garage Royal,ROT-015403,Disque de frein ventilé,8,107.88
CMD-002969,2026-03-24,Mécanique Rapide Inc.,BRK-005978,Jeu plaquettes AV,6,65.1
CMD-002969,2026-03-24,Pneus & Mécanique Pro,FUS-036362,Boîte fusibles relais,5,20.34
CMD-002969,2026-03-24,Mécanique Rapide Inc.,ALT-049278,Alternateur 12V 140A,2,423.05
CMD-002969,2026-03-24,Carrosserie Moderne,FUS-025154,Boîte fusibles relais,2,23.1
CMD-002970,2026-08-08,Garage du Centre,ALT-033658,Alternateur 12V 140A,4,254.43
CMD-002970,2026-08-08,Mécanique Rapide Inc.,ROT-039102,Disque de frein ventilé,1,83.39
CMD-002970,2026-08-08,Atelier Mécanique 360,EXH-047688,Silencieux échappement,6,255.52
CMD-002970,2026-08-08,Auto-Réparation ABC,ALT-027632,Alternateur 12V 140A,5,313.91
CMD-002970,2026-08-08,Atelier Mécanique 360,EXH-006384,Silencieux échappement,1,357.03
CMD-002971,2026-02-25,Centre Auto Plus,ROT-015403,Disque de frein ventilé,4,107.88
CMD-002971,2026-02-25,Auto-Réparation ABC,ROT-007220,Disque de frein ventilé,4,116.26
CMD-002971,2026-02-25,Garage du Centre,EXH-007271,Silencieux échappement,4,390.56
CMD-002971,2026-02-25,Atelier Mécanique 360,FLT-026010,Filtre à air moteur,6,32.68
CMD-002971,2026-02-25,Garage Royal,SPK-031992,Bougie allumage iridium,4,20.18
CMD-002972,2025-10-15,Pneus & Mécanique Pro,FLT-005484,Filtre à air moteur,8,34.9
CMD-002972,2025-10-15,Carrosserie Moderne,SPK-003219,Bougie allumage iridium,8,16.07
CMD-002972,2025-10-15,Auto-Réparation ABC,ALT-025474,Alternateur 12V 140A,6,369.75
CMD-002972,2025-10-15,Garage Tremblay,BRK-048251,Jeu plaquettes AV,2,89.61
CMD-002973,2026-06-15,Mécanique Rapide Inc.,SEN-006021,Capteur ABS,7,31.48
CMD-002973,2026-06-15,Auto-Réparation ABC,FUS-028100,Boîte fusibles relais,6,17.6
CMD-002973,2026-06-15,Atelier Mécanique 360,BRK-048679,Jeu plaquettes AV,1,67.21
CMD-002974,2026-01-23,Centre Auto Plus,EXH-034377,Silencieux échappement,8,268.92
CMD-002974,2026-01-23,Pneus & Mécanique Pro,ROT-015403,Disque de frein ventilé,2,107.88
CMD-002974,2026-01-23,Garage Royal,FUS-028100,Boîte fusibles relais,7,17.6
CMD-002974,2026-01-23,Carrosserie Moderne,ALT-001778,Alternateur 12V 140A,8,242.99
CMD-002975,2026-04-24,Carrosserie Moderne,BLB-030464,Ampoule LED H7,8,31.77
CMD-002975,2026-04-24,Garage Tremblay,ALT-010069,Alternateur 12V 140A,7,284.46
CMD-002975,2026-04-24,Mécanique Rapide Inc.,EXH-033547,Silencieux échappement,7,322.76
CMD-002975,2026-04-24,Atelier Mécanique 360,ALT-049926,Alternateur 12V 140A,3,306.59
CMD-002976,2025-10-02,Mécanique Rapide Inc.,FUS-025154,Boîte fusibles relais,4,23.1
CMD-002976,2025-10-02,Atelier Mécanique 360,EXH-049698,Silencieux échappement,6,345.09
CMD-002976,2025-10-02,Carrosserie Moderne,RAD-035768,Radiateur refroidissement,7,177.87
CMD-002976,2025-10-02,Mécanique Rapide Inc.,BRK-020584,Jeu plaquettes AV,8,57.06
CMD-002976,2025-10-02,Atelier Mécanique 360,RAD-011217,Radiateur refroidissement,7,217.88
CMD-002977,2025-12-02,Garage Tremblay,ROT-015403,Disque de frein ventilé,7,107.88
CMD-002977,2025-12-02,Atelier Mécanique 360,FUS-028100,Boîte fusibles relais,6,17.6
CMD-002977,2025-12-02,Auto-Réparation ABC,BLB-037992,Ampoule LED H7,3,27.13
CMD-002977,2025-12-02,Auto Clinic,SPK-003219,Bougie allumage iridium,2,16.07
CMD-002977,2025-12-02,Carrosserie Moderne,BLB-020402,Ampoule LED H7,4,19.04
CMD-002978,2026-06-25,Centre Auto Plus,ROT-007220,Disque de frein ventilé,7,116.26
CMD-002978,2026-06-25,Garage Tremblay,EXH-007271,Silencieux échappement,2,390.56
CMD-002979,2026-05-28,Garage du Centre,ROT-015403,Disque de frein ventilé,3,107.88
CMD-002979,2026-05-28,Pneus & Mécanique Pro,ALT-003156,Alternateur 12V 140A,4,452.21
CMD-002979,2026-05-28,Atelier Mécanique 360,ROT-001967,Disque de frein ventilé,7,82.24
CMD-002979,2026-05-28,Mécanique Rapide Inc.,SEN-014947,Capteur ABS,5,51.13
CMD-002979,2026-05-28,Auto Clinic,FUS-037574,Boîte fusibles relais,5,22.82
CMD-002980,2026-06-29,Auto Clinic,FUS-028100,Boîte fusibles relais,2,17.6
CMD-002980,2026-06-29,Auto-Réparation ABC,ROT-015403,Disque de frein ventilé,1,107.88
CMD-002980,2026-06-29,Mécanique Rapide Inc.,ALT-001778,Alternateur 12V 140A,2,242.99
CMD-002981,2025-11-06,Mécanique Rapide Inc.,RAD-042341,Radiateur refroidissement,8,227.46
CMD-002981,2025-11-06,Mécanique Rapide Inc.,BRK-002545,Jeu plaquettes AV,7,48.87
CMD-002981,2025-11-06,Auto-Réparation ABC,SEN-049426,Capteur ABS,5,58.54
CMD-002981,2025-11-06,Mécanique Rapide Inc.,ALT-049278,Alternateur 12V 140A,5,423.05
CMD-002981,2025-11-06,Garage Royal,BRK-038495,Jeu plaquettes AV,5,72.46
CMD-002982,2025-11-14,Mécanique Rapide Inc.,FUS-025154,Boîte fusibles relais,1,23.1
CMD-002982,2025-11-14,Pneus & Mécanique Pro,FUS-026474,Boîte fusibles relais,3,18.89
CMD-002982,2025-11-14,Carrosserie Moderne,SEN-049426,Capteur ABS,2,58.54
CMD-002982,2025-11-14,Garage du Centre,BLB-020402,Ampoule LED H7,3,19.04
CMD-002982,2025-11-14,Garage du Centre,STR-023248,Jambe de force suspension,1,244.06
CMD-002983,2026-03-27,Garage Royal,ALT-027632,Alternateur 12V 140A,7,313.91
CMD-002983,2026-03-27,Centre Auto Plus,ALT-033658,Alternateur 12V 140A,3,254.43
CMD-002983,2026-03-27,Garage du Centre,ROT-039102,Disque de frein ventilé,2,83.39
CMD-002983,2026-03-27,Garage Royal,ROT-015638,Disque de frein ventilé,2,119.45
CMD-002984,2026-03-03,Carrosserie Moderne,BRK-014503,Jeu plaquettes AV,7,88.03
CMD-002984,2026-03-03,Pneus & Mécanique Pro,SEN-002386,Capteur ABS,8,37.38
CMD-002984,2026-03-03,Atelier Mécanique 360,BMP-006001,Pare-chocs AV primaire,5,264.54
CMD-002984,2026-03-03,Auto Clinic,FUS-028100,Boîte fusibles relais,5,17.6
CMD-002985,2026-07-04,Garage Tremblay,FLT-011683,Filtre à air moteur,3,37.71
CMD-002985,2026-07-04,Atelier Mécanique 360,BRK-042035,Jeu plaquettes AV,6,57.16
CMD-002985,2026-07-04,Garage Tremblay,FUS-041719,Boîte fusibles relais,4,14.8
CMD-002985,2026-07-04,Auto Clinic,ALT-040335,Alternateur 12V 140A,6,368.08
CMD-002986,2025-12-15,Garage Royal,EXH-033547,Silencieux échappement,7,322.76
CMD-002987,2026-02-04,Garage du Centre,ROT-015403,Disque de frein ventilé,4,107.88
CMD-002987,2026-02-04,Mécanique Rapide Inc.,SPK-031992,Bougie allumage iridium,1,20.18
CMD-002988,2026-07-12,Garage Tremblay,FUS-026474,Boîte fusibles relais,5,18.89
CMD-002988,2026-07-12,Pneus & Mécanique Pro,SEN-038683,Capteur ABS,6,70.76
CMD-002988,2026-07-12,Auto Clinic,FLT-012359,Filtre à air moteur,7,36.15
CMD-002988,2026-07-12,Atelier Mécanique 360,BRK-001937,Jeu plaquettes AV,1,88.96
CMD-002989,2026-05-01,Garage Tremblay,ROT-015403,Disque de frein ventilé,1,107.88
CMD-002990,2025-09-22,Atelier Mécanique 360,BRK-032885,Jeu plaquettes AV,3,54.07
CMD-002991,2026-01-14,Garage Royal,SEN-026353,Capteur ABS,6,42.53
CMD-002991,2026-01-14,Garage Royal,FLT-040053,Filtre à air moteur,3,17.01
CMD-002991,2026-01-14,Centre Auto Plus,FLT-004312,Filtre à air moteur,5,25.94
CMD-002991,2026-01-14,Mécanique Rapide Inc.,BLB-018376,Ampoule LED H7,7,20.53
CMD-002991,2026-01-14,Pneus & Mécanique Pro,SPK-013663,Bougie allumage iridium,2,30.57
CMD-002992,2025-11-01,Auto-Réparation ABC,SPK-043767,Bougie allumage iridium,1,15.6
CMD-002992,2025-11-01,Garage Tremblay,FLT-042719,Filtre à air moteur,6,21.49
CMD-002993,2026-04-16,Auto-Réparation ABC,FUS-025154,Boîte fusibles relais,4,23.1
CMD-002993,2026-04-16,Garage Tremblay,BRK-020584,Jeu plaquettes AV,2,57.06
CMD-002993,2026-04-16,Auto-Réparation ABC,RAD-011217,Radiateur refroidissement,5,217.88
CMD-002993,2026-04-16,Auto-Réparation ABC,ALT-002471,Alternateur 12V 140A,2,269.92
CMD-002994,2026-08-13,Garage du Centre,FUS-025154,Boîte fusibles relais,7,23.1
CMD-002994,2026-08-13,Atelier Mécanique 360,EXH-033760,Silencieux échappement,1,201.19
CMD-002994,2026-08-13,Atelier Mécanique 360,SEN-006021,Capteur ABS,8,31.48
CMD-002994,2026-08-13,Atelier Mécanique 360,ALT-036394,Alternateur 12V 140A,2,433.19
CMD-002994,2026-08-13,Pneus & Mécanique Pro,ROT-015403,Disque de frein ventilé,3,107.88
CMD-002995,2026-03-01,Mécanique Rapide Inc.,BRK-038699,Jeu plaquettes AV,7,92.39
CMD-002995,2026-03-01,Auto Clinic,ROT-027668,Disque de frein ventilé,7,139.0
CMD-002995,2026-03-01,Mécanique Rapide Inc.,FUS-025154,Boîte fusibles relais,6,23.1
CMD-002995,2026-03-01,Carrosserie Moderne,BRK-025898,Jeu plaquettes AV,7,75.12
CMD-002996,2026-06-18,Garage Royal,ALT-043817,Alternateur 12V 140A,6,318.1
CMD-002996,2026-06-18,Auto Clinic,ROT-015403,Disque de frein ventilé,2,107.88
CMD-002996,2026-06-18,Centre Auto Plus,FLT-019590,Filtre à air moteur,1,19.27
CMD-002996,2026-06-18,Pneus & Mécanique Pro,FLT-004312,Filtre à air moteur,5,25.94
CMD-002997,2025-10-17,Garage du Centre,FUS-028100,Boîte fusibles relais,4,17.6
CMD-002997,2025-10-17,Centre Auto Plus,SEN-004309,Capteur ABS,4,41.19
CMD-002997,2025-10-17,Atelier Mécanique 360,FLT-031402,Filtre à air moteur,7,26.67
CMD-002998,2026-03-20,Auto Clinic,ALT-001778,Alternateur 12V 140A,1,242.99
CMD-002998,2026-03-20,Garage Tremblay,ALT-007205,Alternateur 12V 140A,4,250.82
CMD-002998,2026-03-20,Atelier Mécanique 360,BRK-013237,Jeu plaquettes AV,2,53.16
CMD-002998,2026-03-20,Auto-Réparation ABC,SEN-002690,Capteur ABS,4,49.02
CMD-002998,2026-03-20,Mécanique Rapide Inc.,FUS-019025,Boîte fusibles relais,4,16.14
CMD-002999,2026-04-03,Atelier Mécanique 360,FUS-026474,Boîte fusibles relais,1,18.89
CMD-002999,2026-04-03,Pneus & Mécanique Pro,ROT-015403,Disque de frein ventilé,2,107.88
CMD-002999,2026-04-03,Mécanique Rapide Inc.,FUS-025154,Boîte fusibles relais,3,23.1
CMD-002999,2026-04-03,Carrosserie Moderne,SEN-006132,Capteur ABS,5,40.66
CMD-002999,2026-04-03,Garage Tremblay,BLB-037992,Ampoule LED H7,6,27.13
CMD-003000,2026-03-01,Atelier Mécanique 360,BMP-028097,Pare-chocs AV primaire,7,523.46
